dataset,source_split,cell_id,label_binary,eval_group,status,kept_frac,parasite_retention
bbbc041,site_a,8d02117d-6c71-4e47-b50a-6cc8d5eb1d55_54,1,primary,centre,0.7098219921727055,
bbbc041,site_a,8d02117d-6c71-4e47-b50a-6cc8d5eb1d55_61,1,primary,centre,0.6004434589800444,
bbbc041,site_a,8d02117d-6c71-4e47-b50a-6cc8d5eb1d55_62,1,primary,nearest,0.4179351114834986,
bbbc041,site_a,6b14c855-8561-417c-97a4-63fa552842fd_17,1,primary,centre,0.5526952547385401,
bbbc041,site_a,13099edb-35d9-438f-b093-2cf2ebf9d255_1,1,primary,centre,0.4353162966066192,
bbbc041,site_a,2559636b-f01a-4414-93da-210c3b12d153_38,1,primary,centre,0.39929854394728453,
bbbc041,site_a,0dcca702-a4ef-4fb3-a940-9c0c140b21c7_18,1,primary,centre,0.7240501642834004,
bbbc041,site_a,0dcca702-a4ef-4fb3-a940-9c0c140b21c7_20,1,primary,centre,0.6489864349946655,
bbbc041,site_a,0dcca702-a4ef-4fb3-a940-9c0c140b21c7_55,1,primary,centre,0.4584567901234568,
bbbc041,site_a,0dcca702-a4ef-4fb3-a940-9c0c140b21c7_60,1,primary,centre,0.6276737195051451,
bbbc041,site_a,0dcca702-a4ef-4fb3-a940-9c0c140b21c7_61,1,primary,centre,0.5565123456790123,
bbbc041,site_a,0dcca702-a4ef-4fb3-a940-9c0c140b21c7_62,1,primary,centre,0.7653329132535182,
bbbc041,site_a,0dcca702-a4ef-4fb3-a940-9c0c140b21c7_63,1,primary,centre,0.5416896945580487,
bbbc041,site_a,0dcca702-a4ef-4fb3-a940-9c0c140b21c7_64,1,primary,centre,0.389469068877551,
bbbc041,site_a,7c66d2fd-68ee-4628-b860-9d7ad25b2a80_6,1,primary,centre,0.4247713746552475,
bbbc041,site_a,7c66d2fd-68ee-4628-b860-9d7ad25b2a80_14,1,primary,centre,0.45170035671819264,
bbbc041,site_a,c6d97845-8ad2-4ab7-b385-66613628df5b_17,1,primary,centre,0.5500925925925926,
bbbc041,site_a,bbf687b5-c6f9-4821-b2e5-a25df1acba47_8,1,primary,centre,0.5236947791164659,
bbbc041,site_a,065af549-320a-4862-b92a-8ef750d7b5fb_39,1,primary,centre,0.349175,
bbbc041,site_a,065af549-320a-4862-b92a-8ef750d7b5fb_40,1,primary,centre,0.481025,
bbbc041,site_a,e61e6af2-7f8b-47b0-bbe7-acb2ed0299ab_41,1,primary,centre,0.6413634215500945,
bbbc041,site_a,e61e6af2-7f8b-47b0-bbe7-acb2ed0299ab_42,1,primary,centre,0.6971604938271605,
bbbc041,site_a,e61e6af2-7f8b-47b0-bbe7-acb2ed0299ab_43,1,primary,nearest,0.4789829236254457,
bbbc041,site_a,e61e6af2-7f8b-47b0-bbe7-acb2ed0299ab_44,1,primary,centre,0.19533688865764828,
bbbc041,site_a,dcc1a193-7b74-44f8-ad8d-813751d8fa6b_22,1,primary,centre,0.7037790121007736,
bbbc041,site_a,dcc1a193-7b74-44f8-ad8d-813751d8fa6b_54,1,primary,centre,0.3761691542288557,
bbbc041,site_a,27fab82c-5bf0-426f-aeb9-47da829b6629_14,1,primary,centre,0.42661078238001315,
bbbc041,site_a,27fab82c-5bf0-426f-aeb9-47da829b6629_24,1,primary,centre,0.4160377358490566,
bbbc041,site_a,dce55b59-c6c3-4693-aa75-6b348c8f52cd_29,1,primary,centre,0.4229536489151874,
bbbc041,site_a,dce55b59-c6c3-4693-aa75-6b348c8f52cd_57,1,primary,centre,0.2993213309454237,
bbbc041,site_a,edcb4d77-a4d3-465d-9b59-eb3087766b1c_32,1,primary,centre,0.5568660182900276,
bbbc041,site_a,edcb4d77-a4d3-465d-9b59-eb3087766b1c_41,1,primary,nearest,0.000480986871887732,
bbbc041,site_a,edcb4d77-a4d3-465d-9b59-eb3087766b1c_42,1,primary,centre,0.6043184488836663,
bbbc041,site_a,edcb4d77-a4d3-465d-9b59-eb3087766b1c_43,1,primary,centre,0.49386255879762375,
bbbc041,site_a,edcb4d77-a4d3-465d-9b59-eb3087766b1c_44,1,primary,centre,0.5317024843773815,
bbbc041,site_a,edcb4d77-a4d3-465d-9b59-eb3087766b1c_45,1,primary,centre,0.6823695430252807,
bbbc041,site_a,edcb4d77-a4d3-465d-9b59-eb3087766b1c_46,1,primary,centre,0.6509224205276125,
bbbc041,site_a,edcb4d77-a4d3-465d-9b59-eb3087766b1c_47,1,primary,centre,0.5934276026260732,
bbbc041,site_a,edcb4d77-a4d3-465d-9b59-eb3087766b1c_49,1,primary,centre,0.36723894064283275,
bbbc041,site_a,edcb4d77-a4d3-465d-9b59-eb3087766b1c_87,1,primary,centre,0.7719481226192636,
bbbc041,site_a,4411fea2-d785-4eeb-80c6-c739ab6114c4_33,1,primary,centre,0.3929901178578427,
bbbc041,site_a,6d91d1f0-636b-4f5a-a526-7c17fc857190_84,1,primary,nearest,0.3110185185185185,
bbbc041,site_a,7094c11a-1e62-4f98-894e-d17d138a88e9_6,1,primary,centre,0.4837987012987013,
bbbc041,site_a,7094c11a-1e62-4f98-894e-d17d138a88e9_43,1,primary,centre,0.7083205088745255,
bbbc041,site_a,7094c11a-1e62-4f98-894e-d17d138a88e9_44,1,primary,centre,0.6547555555555555,
bbbc041,site_a,7094c11a-1e62-4f98-894e-d17d138a88e9_45,1,primary,centre,0.5741033755274262,
bbbc041,site_a,7094c11a-1e62-4f98-894e-d17d138a88e9_46,1,primary,centre,0.25522778192681106,
bbbc041,site_a,7094c11a-1e62-4f98-894e-d17d138a88e9_47,1,primary,centre,0.7226244343891403,
bbbc041,site_a,02ea7aa8-c142-4a3d-939f-e77689741341_22,1,primary,centre,0.6041333700744007,
bbbc041,site_a,02ea7aa8-c142-4a3d-939f-e77689741341_48,1,primary,centre,0.4444723618090452,
bbbc041,site_a,f3bd0fcc-647d-4ca0-8c43-a16bd6ea3878_23,1,primary,centre,0.3174176595299949,
bbbc041,site_a,f3bd0fcc-647d-4ca0-8c43-a16bd6ea3878_31,1,primary,centre,0.4375,
bbbc041,site_a,5bf91ff9-80df-49c0-9c3e-599357d95530_48,1,primary,centre,0.4901801215277778,
bbbc041,site_a,5bf91ff9-80df-49c0-9c3e-599357d95530_54,1,primary,centre,0.40479442032873236,
bbbc041,site_a,a89cace5-c818-4f23-a432-052b3433b81e_80,1,primary,centre,0.6421528627770978,
bbbc041,site_a,a89cace5-c818-4f23-a432-052b3433b81e_82,1,primary,centre,0.47701434331416487,
bbbc041,site_a,a89cace5-c818-4f23-a432-052b3433b81e_83,1,primary,centre,0.5356541268950028,
bbbc041,site_a,e79bd81b-f878-4bee-9be2-d91a722c031e_37,1,primary,centre,0.5142070863433092,
bbbc041,site_a,e79bd81b-f878-4bee-9be2-d91a722c031e_38,1,primary,centre,0.6229028827977315,
bbbc041,site_a,e79bd81b-f878-4bee-9be2-d91a722c031e_39,1,primary,centre,0.5096371882086168,
bbbc041,site_a,e79bd81b-f878-4bee-9be2-d91a722c031e_40,1,primary,centre,0.6623093681917211,
bbbc041,site_a,e79bd81b-f878-4bee-9be2-d91a722c031e_48,1,primary,nearest,0.6365333333333333,
bbbc041,site_a,e79bd81b-f878-4bee-9be2-d91a722c031e_49,1,primary,centre,0.4381064972168859,
bbbc041,site_a,729a38d6-66db-48e5-a00d-7d90d224290f_21,1,primary,centre,0.3860410671609033,
bbbc041,site_a,96596a68-8c95-43f3-b74e-e9506c235144_25,1,primary,centre,0.4006846588647401,
bbbc041,site_a,96596a68-8c95-43f3-b74e-e9506c235144_41,1,primary,centre,0.515184116582718,
bbbc041,site_a,b901c906-91be-48c4-88ec-2c527544a258_63,1,primary,centre,0.53515651874785,
bbbc041,site_a,fd1302e2-3cd2-4a1a-9c13-00f810a9c41b_14,1,primary,centre,0.46091836734693875,
bbbc041,site_a,ad36bd67-594b-4f63-93e3-886af0bc618e_85,1,primary,centre,0.4656928965439604,
bbbc041,site_a,8bd71314-e38a-4670-bb25-5cd6c9acb595_80,1,primary,centre,0.6593017372238151,
bbbc041,site_a,8bd71314-e38a-4670-bb25-5cd6c9acb595_81,1,primary,centre,0.6761258222297183,
bbbc041,site_a,dacf7e3f-1d8c-42a0-8539-3abe3971c956_74,1,primary,centre,0.5246498850368778,
bbbc041,site_a,3e764461-22ee-44d3-925d-cd658ff7d154_29,1,primary,centre,0.6784455128205128,
bbbc041,site_a,3e764461-22ee-44d3-925d-cd658ff7d154_33,1,primary,centre,0.20205557568194932,
bbbc041,site_a,3e764461-22ee-44d3-925d-cd658ff7d154_34,1,primary,centre,0.7839966485127775,
bbbc041,site_a,3e764461-22ee-44d3-925d-cd658ff7d154_35,1,primary,centre,0.07884247448979592,
bbbc041,site_a,3e764461-22ee-44d3-925d-cd658ff7d154_36,1,primary,centre,0.6428658363422451,
bbbc041,site_a,3e764461-22ee-44d3-925d-cd658ff7d154_37,1,primary,centre,0.5701606086221471,
bbbc041,site_a,f09acb0c-b270-4e91-99f8-410adfa7f34a_0,1,primary,centre,0.45331945889698233,
bbbc041,site_a,ac3358f1-ef9a-4ccc-b66c-da5e47e352e0_96,1,primary,centre,0.6227820372398686,
bbbc041,site_a,882b91b7-5906-4091-bad4-688d4375eeb5_51,1,primary,centre,0.648698639186154,
bbbc041,site_a,882b91b7-5906-4091-bad4-688d4375eeb5_56,1,primary,centre,0.6129626662393847,
bbbc041,site_a,882b91b7-5906-4091-bad4-688d4375eeb5_58,1,primary,centre,0.6319155844155844,
bbbc041,site_a,882b91b7-5906-4091-bad4-688d4375eeb5_63,1,primary,centre,0.540871777084056,
bbbc041,site_a,882b91b7-5906-4091-bad4-688d4375eeb5_64,1,primary,centre,0.5273678702250131,
bbbc041,site_a,882b91b7-5906-4091-bad4-688d4375eeb5_65,1,primary,centre,0.04604887894344259,
bbbc041,site_a,882b91b7-5906-4091-bad4-688d4375eeb5_66,1,primary,centre,0.5022528799702712,
bbbc041,site_a,84041bf9-dace-4066-9fe0-52170d08f826_45,1,primary,nearest,0.5522251413104052,
bbbc041,site_a,84041bf9-dace-4066-9fe0-52170d08f826_57,1,primary,centre,0.7007792207792207,
bbbc041,site_a,84041bf9-dace-4066-9fe0-52170d08f826_68,1,primary,centre,0.4702081051478642,
bbbc041,site_a,84041bf9-dace-4066-9fe0-52170d08f826_76,1,primary,nearest,0.610615232037208,
bbbc041,site_a,84041bf9-dace-4066-9fe0-52170d08f826_77,1,primary,centre,0.438470066518847,
bbbc041,site_a,cf90d82f-2814-4fb7-a3ff-a86b7c5efca7_18,1,primary,centre,0.5627812454637828,
bbbc041,site_a,98efca97-37d2-4459-aca6-375ecc0c4539_11,1,primary,centre,0.4261727162073593,
bbbc041,site_a,f1de7c7e-e7d3-45ae-a66c-58538bf6cac1_20,1,primary,centre,0.4236528798792109,
bbbc041,site_a,f1de7c7e-e7d3-45ae-a66c-58538bf6cac1_21,1,primary,centre,0.47117812567635814,
bbbc041,site_a,a2d07312-2f97-40d2-8b09-7f2aca7b16fb_4,1,primary,centre,0.4075876504447933,
bbbc041,site_a,b91b1641-ee06-44d8-94cc-24cdb583cc37_22,1,primary,centre,0.5419525226155061,
bbbc041,site_a,b91b1641-ee06-44d8-94cc-24cdb583cc37_32,1,primary,centre,0.3947681694697964,
bbbc041,site_a,3fa1a4e3-c80d-49da-8f7b-a1abb0424f48_66,1,primary,centre,0.6296847114812612,
bbbc041,site_a,3fa1a4e3-c80d-49da-8f7b-a1abb0424f48_78,1,primary,centre,0.6085206981540164,
bbbc041,site_a,3fa1a4e3-c80d-49da-8f7b-a1abb0424f48_79,1,primary,centre,0.6456415218001935,
bbbc041,site_a,755e5bf8-e8e1-492b-a32f-f7d87cccaa40_44,1,primary,centre,0.5210507836190111,
bbbc041,site_a,755e5bf8-e8e1-492b-a32f-f7d87cccaa40_61,1,primary,centre,0.34475937045920063,
bbbc041,site_a,2cc3c4ad-670f-41b6-8910-0704cbc192ef_4,1,primary,centre,0.5003631082062454,
bbbc041,site_a,2cc3c4ad-670f-41b6-8910-0704cbc192ef_24,1,primary,centre,0.45292568653602816,
bbbc041,site_a,b7d0ae11-a393-4aec-8f68-6ba07147f78a_12,1,primary,centre,0.3702256944444444,
bbbc041,site_a,b7d0ae11-a393-4aec-8f68-6ba07147f78a_54,1,primary,centre,0.6522457977404243,
bbbc041,site_a,a777e78c-ad1f-4380-9ab2-b4f9f32b2d78_77,1,primary,centre,0.7360613524406627,
bbbc041,site_a,a777e78c-ad1f-4380-9ab2-b4f9f32b2d78_78,1,primary,nearest,0.5404519843214111,
bbbc041,site_a,a777e78c-ad1f-4380-9ab2-b4f9f32b2d78_79,1,primary,centre,0.5792100694444444,
bbbc041,site_a,a777e78c-ad1f-4380-9ab2-b4f9f32b2d78_80,1,primary,centre,0.6173349658198143,
bbbc041,site_a,16a51468-9f93-45df-9ae2-5a74c25c5a4b_26,1,primary,centre,0.4864565129721737,
bbbc041,site_a,729733ff-a349-4a96-b636-ccabe7d7e167_66,1,primary,centre,0.580202069533897,
bbbc041,site_a,729733ff-a349-4a96-b636-ccabe7d7e167_82,1,primary,centre,0.6157726500849066,
bbbc041,site_a,729733ff-a349-4a96-b636-ccabe7d7e167_83,1,primary,centre,0.7387770897832817,
bbbc041,site_a,729733ff-a349-4a96-b636-ccabe7d7e167_84,1,primary,centre,0.7156156156156156,
bbbc041,site_a,716273ea-19c4-49af-8604-df587b295eca_27,1,primary,centre,0.26853034839152573,
bbbc041,site_a,75579b27-8191-4044-859b-268be969c42b_1,1,primary,centre,0.2239407651172357,
bbbc041,site_a,eb6e8684-b84e-483d-b835-f59286d2516b_83,1,primary,centre,0.5929246622581038,
bbbc041,site_a,afa470d9-c74c-41cd-b4dc-7bf93fde8263_8,1,primary,centre,0.4394554573680439,
bbbc041,site_a,d3dcdf92-9328-4796-adf4-918646877ba1_69,1,primary,centre,0.3263212977498692,
bbbc041,site_a,21a50e4c-b750-46b5-801f-5429ede7dea9_20,1,primary,centre,0.5597839506172839,
bbbc041,site_a,143f5959-5b6d-4f95-bcee-9e110450fc22_70,1,primary,centre,0.5545910493827161,
bbbc041,site_a,a30da226-b452-408a-a556-bfae4d521464_30,1,primary,centre,0.5122808619430241,
bbbc041,site_a,a30da226-b452-408a-a556-bfae4d521464_51,1,primary,centre,0.6105496102523451,
bbbc041,site_a,a30da226-b452-408a-a556-bfae4d521464_53,1,primary,centre,0.6266436554898094,
bbbc041,site_a,a30da226-b452-408a-a556-bfae4d521464_54,1,primary,nearest,0.48712675604935635,
bbbc041,site_a,a30da226-b452-408a-a556-bfae4d521464_55,1,primary,centre,0.6479220920138888,
bbbc041,site_a,e0e6b676-c39c-4542-8adf-de257a8e92e2_34,1,primary,centre,0.3954195011337868,
bbbc041,site_a,72732579-a812-4496-b2dd-ea1556924337_19,1,primary,nearest,0.335423197492163,
bbbc041,site_a,72732579-a812-4496-b2dd-ea1556924337_20,1,primary,centre,0.46167270774600616,
bbbc041,site_a,72732579-a812-4496-b2dd-ea1556924337_22,1,primary,centre,0.5471146822498174,
bbbc041,site_a,72732579-a812-4496-b2dd-ea1556924337_23,1,primary,centre,0.7248389217619987,
bbbc041,site_a,72732579-a812-4496-b2dd-ea1556924337_24,1,primary,nearest,0.0011866619200189867,
bbbc041,site_a,72732579-a812-4496-b2dd-ea1556924337_25,1,primary,centre,0.35067569419697925,
bbbc041,site_a,72732579-a812-4496-b2dd-ea1556924337_26,1,primary,centre,0.6595808563021678,
bbbc041,site_a,72732579-a812-4496-b2dd-ea1556924337_27,1,primary,nearest,0.2590109573241061,
bbbc041,site_a,72732579-a812-4496-b2dd-ea1556924337_28,1,primary,centre,0.6809132797731569,
bbbc041,site_a,72732579-a812-4496-b2dd-ea1556924337_39,1,primary,nearest,0.5358579881656804,
bbbc041,site_a,72732579-a812-4496-b2dd-ea1556924337_40,1,primary,nearest,0.04914572864321608,
bbbc041,site_a,c147584d-4c61-412a-bdaf-b02b22c18708_35,1,primary,centre,0.37714285714285717,
bbbc041,site_a,c147584d-4c61-412a-bdaf-b02b22c18708_48,1,primary,centre,0.5001463200507242,
bbbc041,site_a,27cdd837-e40f-491e-8adb-61e493189832_2,1,primary,centre,0.5117732518297196,
bbbc041,site_a,effd6334-516f-4d48-9f3c-5272a99780fb_31,1,primary,centre,0.5440639759553456,
bbbc041,site_a,f4a27dfd-4c52-459f-96b5-ee6b452a3395_46,1,primary,centre,0.4474826955726786,
bbbc041,site_a,1ecb0405-a6e9-4485-819e-2fbbf2b718aa_31,1,primary,centre,0.4678583621908989,
bbbc041,site_a,1ecb0405-a6e9-4485-819e-2fbbf2b718aa_32,1,primary,nearest,0.5593635250917993,
bbbc041,site_a,1ecb0405-a6e9-4485-819e-2fbbf2b718aa_33,1,primary,nearest,0.39733761524914535,
bbbc041,site_a,1ecb0405-a6e9-4485-819e-2fbbf2b718aa_34,1,primary,centre,0.49273450773495486,
bbbc041,site_a,640c4a52-3742-4f57-aee3-9e3dc0887622_108,1,primary,centre,0.4894859079781558,
bbbc041,site_a,640c4a52-3742-4f57-aee3-9e3dc0887622_109,1,primary,centre,0.38577976459936625,
bbbc041,site_a,672e4ecf-a56b-462e-b83b-76f4efaa6634_22,1,primary,centre,0.5083008468880226,
bbbc041,site_a,672e4ecf-a56b-462e-b83b-76f4efaa6634_46,1,primary,centre,0.6560509554140127,
bbbc041,site_a,672e4ecf-a56b-462e-b83b-76f4efaa6634_63,1,primary,centre,0.4624589086127548,
bbbc041,site_a,e36cb882-c6d0-4467-812e-d18c169a9a47_17,1,primary,centre,0.5186831126428442,
bbbc041,site_a,b21f6c6e-4b45-407a-b4c7-034a115f3ee4_6,1,primary,centre,0.5568780549736558,
bbbc041,site_a,b21f6c6e-4b45-407a-b4c7-034a115f3ee4_24,1,primary,centre,0.6326747720364742,
bbbc041,site_a,b21f6c6e-4b45-407a-b4c7-034a115f3ee4_33,1,primary,centre,0.4641233902870129,
bbbc041,site_a,a9feccda-18f2-405e-9aa1-409fa1f49fe4_15,1,primary,centre,0.4540444444444444,
bbbc041,site_a,a9feccda-18f2-405e-9aa1-409fa1f49fe4_25,1,primary,centre,0.41429348811899147,
bbbc041,site_a,a9feccda-18f2-405e-9aa1-409fa1f49fe4_27,1,primary,centre,0.39327084285932024,
bbbc041,site_a,c776eb78-3323-4571-b39f-7ffc73ae63ce_33,1,primary,centre,0.6305697589481373,
bbbc041,site_a,8be185e7-2a1a-441c-a5c7-b50a9eb926cb_26,1,primary,centre,0.44274241522903035,
bbbc041,site_a,8be185e7-2a1a-441c-a5c7-b50a9eb926cb_65,1,primary,centre,0.6703718311879235,
bbbc041,site_a,64a678d4-9048-4491-90c7-1924f38be19a_14,1,primary,centre,0.4517150517751479,
bbbc041,site_a,56551792-4aa1-4301-9f8f-8bfebcd20050_48,1,primary,centre,0.29841363102232665,
bbbc041,site_a,56551792-4aa1-4301-9f8f-8bfebcd20050_63,1,primary,centre,0.4230588351773471,
bbbc041,site_a,56551792-4aa1-4301-9f8f-8bfebcd20050_67,1,primary,centre,0.6152823724007561,
bbbc041,site_a,89f10192-d3dd-4996-a571-4c851dbdc983_109,1,primary,centre,0.7446859389945797,
bbbc041,site_a,76dbce7f-dc3e-4a29-b1fe-ab9dce583080_12,1,primary,centre,0.6116362108800673,
bbbc041,site_a,071901eb-4c3f-404b-a747-3d0b9d0a5158_47,1,primary,centre,0.4440136054421769,
bbbc041,site_a,071901eb-4c3f-404b-a747-3d0b9d0a5158_49,1,primary,centre,0.43425381903642774,
bbbc041,site_a,071901eb-4c3f-404b-a747-3d0b9d0a5158_50,1,primary,nearest,0.59112549990478,
bbbc041,site_a,21cc498b-8cb2-42ed-8f80-bfa27b86ef11_74,1,primary,centre,0.5791939321832242,
bbbc041,site_a,9f959520-e15e-45c2-bc29-ef3c19154d1c_38,1,primary,centre,0.7514172335600907,
bbbc041,site_a,9f959520-e15e-45c2-bc29-ef3c19154d1c_40,1,primary,centre,0.5683379574580526,
bbbc041,site_a,9f959520-e15e-45c2-bc29-ef3c19154d1c_61,1,primary,centre,0.6397145840584755,
bbbc041,site_a,9f959520-e15e-45c2-bc29-ef3c19154d1c_67,1,primary,centre,0.5041414177632758,
bbbc041,site_a,9f959520-e15e-45c2-bc29-ef3c19154d1c_69,1,primary,centre,0.3850403739906502,
bbbc041,site_a,e726dac6-f962-449c-acff-4dd56847b685_41,1,primary,centre,0.42819394900251023,
bbbc041,site_a,e726dac6-f962-449c-acff-4dd56847b685_58,1,primary,centre,0.8196855709876543,
bbbc041,site_a,e726dac6-f962-449c-acff-4dd56847b685_59,1,primary,centre,0.1523853635942566,
bbbc041,site_a,e726dac6-f962-449c-acff-4dd56847b685_60,1,primary,centre,0.7735062893081761,
bbbc041,site_a,e726dac6-f962-449c-acff-4dd56847b685_61,1,primary,centre,0.7401748614958449,
bbbc041,site_a,6bb4892c-27a9-4642-aba1-4b73f38f757c_25,1,primary,centre,0.5885938965442609,
bbbc041,site_a,ae779806-6d01-4dc6-89df-294c368db6bc_51,1,primary,centre,0.35301216688833065,
bbbc041,site_a,dfc026a9-079f-4f45-8666-e0ccba5bb437_2,1,primary,centre,0.4608483916442394,
bbbc041,site_a,a6aa3b72-2970-4c78-b655-ea8dfe6e018c_76,1,primary,centre,0.5470369386128089,
bbbc041,site_a,a6aa3b72-2970-4c78-b655-ea8dfe6e018c_83,1,primary,centre,0.48205399216100764,
bbbc041,site_a,a6aa3b72-2970-4c78-b655-ea8dfe6e018c_84,1,primary,centre,0.5548133146049065,
bbbc041,site_a,ae17a099-18b5-4a42-a901-850ea056423e_4,1,primary,centre,0.46823349189712166,
bbbc041,site_a,ae17a099-18b5-4a42-a901-850ea056423e_20,1,primary,centre,0.45011806375442737,
bbbc041,site_a,ae17a099-18b5-4a42-a901-850ea056423e_43,1,primary,centre,0.4673843393566577,
bbbc041,site_a,91827f1a-9b04-4ef0-972c-12e90e60c516_9,1,primary,centre,0.4165581597222222,
bbbc041,site_a,29539cb0-1c52-46b2-9302-552f8349dc71_39,1,primary,centre,0.6879778393351801,
bbbc041,site_a,29539cb0-1c52-46b2-9302-552f8349dc71_45,1,primary,centre,0.6815018107741059,
bbbc041,site_a,29539cb0-1c52-46b2-9302-552f8349dc71_46,1,primary,nearest,0.417782585181179,
bbbc041,site_a,29539cb0-1c52-46b2-9302-552f8349dc71_50,1,primary,centre,0.7231742146062832,
bbbc041,site_a,29539cb0-1c52-46b2-9302-552f8349dc71_51,1,primary,centre,0.6584098961148142,
bbbc041,site_a,04628a94-b674-469b-aff6-b476b70df87d_51,1,primary,centre,0.5357792207792208,
bbbc041,site_a,ef815e3a-02a6-4cf8-9262-45bc74c50b00_70,1,primary,centre,0.3857520486386466,
bbbc041,site_a,ef815e3a-02a6-4cf8-9262-45bc74c50b00_71,1,primary,centre,0.43126936983471076,
bbbc041,site_a,21c2a8aa-407c-4569-8212-96fcafa84138_28,1,primary,centre,0.4979455139029607,
bbbc041,site_a,21c2a8aa-407c-4569-8212-96fcafa84138_39,1,primary,centre,0.4850382252239576,
bbbc041,site_a,21c2a8aa-407c-4569-8212-96fcafa84138_55,1,primary,centre,0.5478873991773944,
bbbc041,site_a,6e7ed596-1b76-4998-8147-a846d53d91c5_39,1,primary,centre,0.507373678025852,
bbbc041,site_a,261562a8-ffd8-4e0e-919b-22e267000b74_111,1,primary,centre,0.4638853712302425,
bbbc041,site_a,e3a4b3e7-9500-4b6c-a402-b6d3f45e714b_84,1,primary,centre,0.41403508771929826,
bbbc041,site_a,e3a4b3e7-9500-4b6c-a402-b6d3f45e714b_85,1,primary,centre,0.44217817357719685,
bbbc041,site_a,239f17eb-a2e2-47e9-82e3-fa0d9a70fb9f_43,1,primary,centre,0.47578150351541376,
bbbc041,site_a,239f17eb-a2e2-47e9-82e3-fa0d9a70fb9f_57,1,primary,centre,0.5982049559635767,
bbbc041,site_a,d997337e-e4a8-4ef0-b8ba-975e6c43b62c_17,1,primary,centre,0.4981060606060606,
bbbc041,site_a,53afd70c-08a7-4b9a-b137-7003b2ecbeab_50,1,primary,centre,0.5325967859751644,
bbbc041,site_a,3859deaf-6ae1-49a3-9051-898d0f0d7de6_109,1,primary,nearest,0.0013346599043898178,
bbbc041,site_a,b4261fa5-876d-48ea-b6da-ec7ca5b48fe2_51,1,primary,centre,0.5756689633071623,
bbbc041,site_a,b4261fa5-876d-48ea-b6da-ec7ca5b48fe2_52,1,primary,centre,0.6446393762183236,
bbbc041,site_a,b9ccf7ca-953f-4832-9575-5e70b2a8c224_45,1,primary,centre,0.41729079032864813,
bbbc041,site_a,b9ccf7ca-953f-4832-9575-5e70b2a8c224_46,1,primary,centre,0.560993126090079,
bbbc041,site_a,26799d2b-a289-4eff-9218-0aad77e05e41_39,1,primary,centre,0.2890082465277778,
bbbc041,site_a,d1617cf7-eb56-42ee-85af-66c4748753c0_23,1,primary,centre,0.2531614547593373,
bbbc041,site_a,09ecf7be-28e2-4531-b9e2-07e01c44097d_43,1,primary,centre,0.5097144697294976,
bbbc041,site_a,e3ea07d7-884a-412e-874a-40fd6b856736_77,1,primary,centre,0.5231094527363184,
bbbc041,site_a,f91670db-be74-474c-bd72-68120aed4756_4,1,primary,centre,0.44582222222222223,
bbbc041,site_a,f91670db-be74-474c-bd72-68120aed4756_30,1,primary,centre,0.41489962105942113,
bbbc041,site_a,20d4f65e-6c63-433a-935c-d568d577967b_96,1,primary,centre,0.6701051378694703,
bbbc041,site_a,2a02cec2-a09b-483a-ad38-14359a763fa4_2,1,primary,centre,0.43742138364779876,
bbbc041,site_a,2a02cec2-a09b-483a-ad38-14359a763fa4_12,1,primary,centre,0.4454749527410208,
bbbc041,site_a,2a02cec2-a09b-483a-ad38-14359a763fa4_27,1,primary,centre,0.4446638905413444,
bbbc041,site_a,2a02cec2-a09b-483a-ad38-14359a763fa4_28,1,primary,centre,0.5072408048186595,
bbbc041,site_a,2a02cec2-a09b-483a-ad38-14359a763fa4_35,1,primary,centre,0.35373934162244924,
bbbc041,site_a,2a02cec2-a09b-483a-ad38-14359a763fa4_36,1,primary,centre,0.40168317699658107,
bbbc041,site_a,2a02cec2-a09b-483a-ad38-14359a763fa4_37,1,primary,centre,0.6650125907272997,
bbbc041,site_a,2a02cec2-a09b-483a-ad38-14359a763fa4_38,1,primary,centre,0.34253806377477736,
bbbc041,site_a,b78b88f0-154a-4b54-8aaf-85d37a42a0f9_10,1,primary,centre,0.44570979104681785,
bbbc041,site_a,b78b88f0-154a-4b54-8aaf-85d37a42a0f9_19,1,primary,centre,0.4393724173553719,
bbbc041,site_a,1380f9b4-bf54-4492-90c3-743c7aa8898b_38,1,primary,centre,0.4720581285444234,
bbbc041,site_a,c442e2d6-aaf9-417a-9905-4737a1115f33_67,1,primary,centre,0.6246281773931855,
bbbc041,site_a,c442e2d6-aaf9-417a-9905-4737a1115f33_86,1,primary,centre,0.5576693043798306,
bbbc041,site_a,98175327-da9e-4e0c-8912-ee68490a4672_17,1,primary,centre,0.41062623274161736,
bbbc041,site_a,6303f964-98ef-47c6-bb2d-283aa393f918_108,1,primary,centre,0.6151578217134929,
bbbc041,site_a,2f6224be-50d0-4e85-94ef-88315df561b6_36,1,primary,centre,0.5789264843806363,
bbbc041,site_a,2f6224be-50d0-4e85-94ef-88315df561b6_38,1,primary,centre,0.5976908458532038,
bbbc041,site_a,2f6224be-50d0-4e85-94ef-88315df561b6_55,1,primary,centre,0.6662052970222954,
bbbc041,site_a,2f6224be-50d0-4e85-94ef-88315df561b6_68,1,primary,centre,0.4412393162393162,
bbbc041,site_a,2f6224be-50d0-4e85-94ef-88315df561b6_70,1,primary,centre,0.5485062893081761,
bbbc041,site_a,2f6224be-50d0-4e85-94ef-88315df561b6_73,1,primary,centre,0.58578231292517,
bbbc041,site_a,dca685a8-a609-45d8-93d7-da1e4165b9bd_17,1,primary,centre,0.4381,
bbbc041,site_a,dca685a8-a609-45d8-93d7-da1e4165b9bd_20,1,primary,centre,0.35464845896926395,
bbbc041,site_a,834a30bb-26bf-4e60-9ea1-3250b926892e_1,1,primary,centre,0.5384478462086152,
bbbc041,site_a,37e072a6-000d-4773-8d9f-d66b60ace668_19,1,primary,centre,0.37024752610948164,
bbbc041,site_a,0ed416f9-7c20-4829-9016-559e4009568e_70,1,primary,centre,0.38035901010805157,
bbbc041,site_a,082e1f81-4f49-44ad-b5bb-9dfc155b2ed8_73,1,primary,nearest,0.3493463192068088,
bbbc041,site_a,082e1f81-4f49-44ad-b5bb-9dfc155b2ed8_74,1,primary,centre,0.5002805836139169,
bbbc041,site_a,3cdcb09b-6a8c-43ca-b1d0-c1a289202f65_67,1,primary,centre,0.6378490790255497,
bbbc041,site_a,3cdcb09b-6a8c-43ca-b1d0-c1a289202f65_68,1,primary,centre,0.6541474062660503,
bbbc041,site_a,2e8d6a43-0110-4bf4-8e70-20567e513b81_4,1,primary,centre,0.4712360289283366,
bbbc041,site_a,2e8d6a43-0110-4bf4-8e70-20567e513b81_22,1,primary,centre,0.5327087442472058,
bbbc041,site_a,f8a8b148-60e4-4a5c-ae19-941b19ec0846_23,1,primary,centre,0.5045265181861881,
bbbc041,site_a,f8a8b148-60e4-4a5c-ae19-941b19ec0846_38,1,primary,centre,0.6210529792574977,
bbbc041,site_a,ca16a5ad-b106-4e84-8a43-178710e854ba_54,1,primary,centre,0.37120338331410996,
bbbc041,site_a,ca16a5ad-b106-4e84-8a43-178710e854ba_55,1,primary,centre,0.7526890203813281,
bbbc041,site_a,b234b6ea-b54d-470c-8461-ba7f4a024796_36,1,primary,centre,0.33794549947970864,
bbbc041,site_a,984caf56-f400-4a29-be97-a4d6b9d1468d_6,1,primary,centre,0.4508104148225024,
bbbc041,site_a,cc94eabb-a3dc-4cfc-9fff-55c76b5b4a71_30,1,primary,centre,0.44129109977324266,
bbbc041,site_a,cc94eabb-a3dc-4cfc-9fff-55c76b5b4a71_43,1,primary,centre,0.5025408980160111,
bbbc041,site_a,cc94eabb-a3dc-4cfc-9fff-55c76b5b4a71_60,1,primary,nearest,0.6773905635117043,
bbbc041,site_a,cc94eabb-a3dc-4cfc-9fff-55c76b5b4a71_61,1,primary,centre,0.478406588145169,
bbbc041,site_a,cc94eabb-a3dc-4cfc-9fff-55c76b5b4a71_62,1,primary,centre,0.4092776816608997,
bbbc041,site_a,0901f9d1-be4f-4c19-8e83-dd724dded9f5_48,1,primary,centre,0.44642013232514177,
bbbc041,site_a,5a043d69-f435-46d4-8691-395c1602a76a_0,1,primary,centre,0.5391765819361817,
bbbc041,site_a,68442532-9cd2-4b42-9d4f-ddf8c13bb38c_22,1,primary,centre,0.5098354683990043,
bbbc041,site_a,b634137b-bc8b-4e88-b0e3-b536ad6e7e18_96,1,primary,centre,0.41453099356141904,
bbbc041,site_a,555c6ea2-c76c-4e71-af57-855d940c2b37_14,1,primary,centre,0.5415204678362573,
bbbc041,site_a,9691c57a-ccf8-47f9-a8e9-9a324974585b_24,1,primary,nearest,0.3312383217258366,
bbbc041,site_a,a7f1bbb1-6058-4642-bd66-cfb90dce762e_48,1,primary,centre,0.655718537414966,
bbbc041,site_a,370277f8-436b-4103-8210-b4feb5ab95ea_86,1,primary,centre,0.6640955004591368,
bbbc041,site_a,370277f8-436b-4103-8210-b4feb5ab95ea_103,1,primary,centre,0.4186959937156324,
bbbc041,site_a,c0c3041f-78cd-46de-8e36-0a7dad0c04c4_20,1,primary,centre,0.4334705075445816,
bbbc041,site_a,d47cd049-d78b-4ba3-a7d4-399be4dd1dde_18,1,primary,centre,0.37170854271356785,
bbbc041,site_a,d47cd049-d78b-4ba3-a7d4-399be4dd1dde_34,1,primary,centre,0.3233803656597774,
bbbc041,site_a,1e86933d-6a5a-4a3c-a0f2-ca22afd767b3_9,1,primary,nearest,0.36779846659364734,
bbbc041,site_a,1e86933d-6a5a-4a3c-a0f2-ca22afd767b3_10,1,primary,centre,0.5211070907128801,
bbbc041,site_a,1e86933d-6a5a-4a3c-a0f2-ca22afd767b3_15,1,primary,centre,0.6516918152720622,
bbbc041,site_a,1e86933d-6a5a-4a3c-a0f2-ca22afd767b3_23,1,primary,nearest,0.21066727884909703,
bbbc041,site_a,1e86933d-6a5a-4a3c-a0f2-ca22afd767b3_27,1,primary,centre,0.5489745944291399,
bbbc041,site_a,1e86933d-6a5a-4a3c-a0f2-ca22afd767b3_28,1,primary,centre,0.26030061892130857,
bbbc041,site_a,1e86933d-6a5a-4a3c-a0f2-ca22afd767b3_37,1,primary,centre,0.6579094021176658,
bbbc041,site_a,0b04ec46-5119-4cda-8c35-c4e5b6f0eed0_17,1,primary,centre,0.6132889546351085,
bbbc041,site_a,345cb914-7583-49df-96e3-3cf19c2ba8f1_18,1,primary,centre,0.6781108400139422,
bbbc041,site_a,7d65d296-0f7b-41cc-9073-a547e24326c8_37,1,primary,centre,0.487072945521699,
bbbc041,site_a,de00f9a5-aa8b-4679-8ec6-85528a942d6f_20,1,primary,centre,0.4403395061728395,
bbbc041,site_a,3061aac0-cda3-47d1-8c48-6293e9ffdf36_23,1,primary,centre,0.527253592683989,
bbbc041,site_a,eaf4b781-b3aa-41ce-8c5e-287979b4e15a_113,1,primary,centre,0.6728714034057546,
bbbc041,site_a,c8fd1336-dd0a-4f97-abbf-be2c18b91e02_27,1,primary,centre,0.29510810937573284,
bbbc041,site_a,6382976c-ee87-4916-b798-4ef1373b2df0_29,1,primary,centre,0.49847211611917497,
bbbc041,site_a,6382976c-ee87-4916-b798-4ef1373b2df0_40,1,primary,centre,0.4456701599558742,
bbbc041,site_a,95bea542-6cd0-41c5-82c5-509af8c3b505_27,1,primary,centre,0.2795420328419873,
bbbc041,site_a,95bea542-6cd0-41c5-82c5-509af8c3b505_28,1,primary,centre,0.35513931600037274,
bbbc041,site_a,95bea542-6cd0-41c5-82c5-509af8c3b505_29,1,primary,centre,0.4661111111111111,
bbbc041,site_a,95bea542-6cd0-41c5-82c5-509af8c3b505_30,1,primary,centre,0.5042681892701679,
bbbc041,site_a,95bea542-6cd0-41c5-82c5-509af8c3b505_31,1,primary,centre,0.8321902149062643,
bbbc041,site_a,95bea542-6cd0-41c5-82c5-509af8c3b505_33,1,primary,centre,0.6883198302469136,
bbbc041,site_a,95bea542-6cd0-41c5-82c5-509af8c3b505_34,1,primary,centre,0.481111903064861,
bbbc041,site_a,95bea542-6cd0-41c5-82c5-509af8c3b505_35,1,primary,centre,0.5510802469135803,
bbbc041,site_a,95bea542-6cd0-41c5-82c5-509af8c3b505_36,1,primary,centre,0.624618320610687,
bbbc041,site_a,95bea542-6cd0-41c5-82c5-509af8c3b505_37,1,primary,centre,0.3809664361612414,
bbbc041,site_a,3b13e20f-ec0d-44ec-b2f4-eaebfa09150e_20,1,primary,centre,0.5278118461871438,
bbbc041,site_a,3b13e20f-ec0d-44ec-b2f4-eaebfa09150e_61,1,primary,centre,0.38816823899371067,
bbbc041,site_a,3b13e20f-ec0d-44ec-b2f4-eaebfa09150e_71,1,primary,centre,0.6064112720688094,
bbbc041,site_a,3b13e20f-ec0d-44ec-b2f4-eaebfa09150e_72,1,primary,centre,0.41338582677165353,
bbbc041,site_a,3b13e20f-ec0d-44ec-b2f4-eaebfa09150e_73,1,primary,centre,0.6972502363693666,
bbbc041,site_a,3b13e20f-ec0d-44ec-b2f4-eaebfa09150e_74,1,primary,centre,0.813657310431504,
bbbc041,site_a,3b13e20f-ec0d-44ec-b2f4-eaebfa09150e_75,1,primary,centre,0.6666666666666666,
bbbc041,site_a,458cb2e9-5a7f-437c-ac5d-a56f98a3efdf_87,1,primary,centre,0.4647463151927438,
bbbc041,site_a,b8410821-a42b-47d0-8bcf-c2fc82e4e2d5_15,1,primary,centre,0.5634925616722114,
bbbc041,site_a,c649e1cb-4029-4433-b231-d67d68f7391a_17,1,primary,centre,0.61193684766812,
bbbc041,site_a,9d155086-acf5-4c86-a9e1-94b587c46e87_23,1,primary,centre,0.6036944741109924,
bbbc041,site_a,9d155086-acf5-4c86-a9e1-94b587c46e87_27,1,primary,centre,0.5034650809264062,
bbbc041,site_a,9d155086-acf5-4c86-a9e1-94b587c46e87_28,1,primary,centre,0.7077553177434271,
bbbc041,site_a,9d155086-acf5-4c86-a9e1-94b587c46e87_29,1,primary,centre,0.7778625954198474,
bbbc041,site_a,1fdf99d1-a494-4174-bcd7-efbe457ab899_46,1,primary,centre,0.5016359206404455,
bbbc041,site_a,1fdf99d1-a494-4174-bcd7-efbe457ab899_69,1,primary,centre,0.3687720329024677,
bbbc041,site_a,1fdf99d1-a494-4174-bcd7-efbe457ab899_70,1,primary,centre,0.7280110426296867,
bbbc041,site_a,1fdf99d1-a494-4174-bcd7-efbe457ab899_83,1,primary,nearest,0.5199958298582151,
bbbc041,site_a,f8b6a868-60e9-4569-ae69-638a0c39834d_44,1,primary,centre,0.6519075731606678,
bbbc041,site_a,f8b6a868-60e9-4569-ae69-638a0c39834d_50,1,primary,centre,0.6359602923808612,
bbbc041,site_a,3090a362-1f3d-49e9-a76e-ce76ff9c2276_60,1,primary,centre,0.5735573140820954,
bbbc041,site_a,3090a362-1f3d-49e9-a76e-ce76ff9c2276_74,1,primary,centre,0.5941864465084279,
bbbc041,site_a,3003252a-2d2e-4687-ad30-9c38d68f1394_60,1,primary,centre,0.5138198757763975,
bbbc041,site_a,3003252a-2d2e-4687-ad30-9c38d68f1394_65,1,primary,centre,0.5286783744230553,
bbbc041,site_a,3a8f468f-f9de-46a8-a7c8-f2be239fa207_105,1,primary,centre,0.24253717297195557,
bbbc041,site_a,2d0f600d-f94e-4907-b712-52fb37d9ed52_42,1,primary,centre,0.4720679012345679,
bbbc041,site_a,2d0f600d-f94e-4907-b712-52fb37d9ed52_43,1,primary,centre,0.5303170206217298,
bbbc041,site_a,2d0f600d-f94e-4907-b712-52fb37d9ed52_44,1,primary,centre,0.641375171467764,
bbbc041,site_a,2d0f600d-f94e-4907-b712-52fb37d9ed52_45,1,primary,centre,0.5650308641975309,
bbbc041,site_a,035f6c4b-0897-46ab-9c3b-5f3b0feff043_1,1,primary,centre,0.45036420395421434,
bbbc041,site_a,035f6c4b-0897-46ab-9c3b-5f3b0feff043_2,1,primary,centre,0.5536160606304926,
bbbc041,site_a,1b7f47fc-26cd-4273-b848-88a7cbfd9f85_62,1,primary,nearest,0.00037054191755442334,
bbbc041,site_a,1b7f47fc-26cd-4273-b848-88a7cbfd9f85_63,1,primary,centre,0.6064183069677576,
bbbc041,site_a,79f63258-24ce-4e69-a5cb-8529635a89a9_0,1,primary,centre,0.46065186584789797,
bbbc041,site_a,79f63258-24ce-4e69-a5cb-8529635a89a9_15,1,primary,centre,0.4596496132699655,
bbbc041,site_a,79f63258-24ce-4e69-a5cb-8529635a89a9_38,1,primary,centre,0.4386981526664343,
bbbc041,site_a,3892b776-f49a-4368-b0fa-7e855e76ccec_64,1,primary,centre,0.3152776535813288,
bbbc041,site_a,3892b776-f49a-4368-b0fa-7e855e76ccec_65,1,primary,centre,0.40083860203723215,
bbbc041,site_a,3892b776-f49a-4368-b0fa-7e855e76ccec_66,1,primary,centre,0.6587344720496895,
bbbc041,site_a,3892b776-f49a-4368-b0fa-7e855e76ccec_67,1,primary,centre,0.7181361523466787,
bbbc041,site_a,64113b22-03b1-4ab8-89ab-b2f32154fbbd_64,1,primary,centre,0.6558499766933199,
bbbc041,site_a,64113b22-03b1-4ab8-89ab-b2f32154fbbd_78,1,primary,centre,0.7113083095335238,
bbbc041,site_a,c7c1b873-0548-4a73-9618-f60912e164df_101,1,primary,centre,0.6905102040816327,
bbbc041,site_a,66557580-fd38-4d4b-80d8-88611ecc78c6_47,1,primary,centre,0.34485349361382417,
bbbc041,site_a,acdc6e12-73d9-44ba-be8c-2a56aaffef4f_53,1,primary,centre,0.499497834410897,
bbbc041,site_a,acdc6e12-73d9-44ba-be8c-2a56aaffef4f_58,1,primary,centre,0.38222884090345,
bbbc041,site_a,d5009906-bce1-4353-90b4-f4c79362f4cf_45,1,primary,centre,0.4115907901622187,
bbbc041,site_a,d5009906-bce1-4353-90b4-f4c79362f4cf_48,1,primary,centre,0.5524759793052476,
bbbc041,site_a,d5009906-bce1-4353-90b4-f4c79362f4cf_54,1,primary,centre,0.7963452836756004,
bbbc041,site_a,69569ecf-cfa1-4ddd-9342-b22c23387fdb_25,1,primary,centre,0.5150047258979206,
bbbc041,site_a,9e5437c6-b0d3-473b-b7c3-8f5afeb90c7a_1,1,primary,centre,0.4693318729463308,
bbbc041,site_a,9e5437c6-b0d3-473b-b7c3-8f5afeb90c7a_15,1,primary,centre,0.42649903288201163,
bbbc041,site_a,1315c2a4-0794-4dfa-a709-e2451723d2b6_1,1,primary,centre,0.39951936581255265,
bbbc041,site_a,1315c2a4-0794-4dfa-a709-e2451723d2b6_25,1,primary,centre,0.5917435601691657,
bbbc041,site_a,a27858ef-6533-413e-bc75-cc54690261a2_22,1,primary,centre,0.4723162682534797,
bbbc041,site_a,a27858ef-6533-413e-bc75-cc54690261a2_23,1,primary,centre,0.5008603920395032,
bbbc041,site_a,d6352a03-ef81-421d-915e-226499555d20_57,1,primary,centre,0.25447350980468597,
bbbc041,site_a,f5419bc0-4415-41b6-b832-5326cfcc534b_27,1,primary,centre,0.5026291723822588,
bbbc041,site_a,57e1879e-4294-45e7-9c1b-627e8cca0271_39,1,primary,centre,0.4847145927871985,
bbbc041,site_a,57e1879e-4294-45e7-9c1b-627e8cca0271_51,1,primary,centre,0.6407185628742516,
bbbc041,site_a,57e1879e-4294-45e7-9c1b-627e8cca0271_65,1,primary,centre,0.7848195329087049,
bbbc041,site_a,883b726a-f61c-4382-9f1b-2fff302beba6_8,1,primary,centre,0.4595542885337573,
bbbc041,site_a,883b726a-f61c-4382-9f1b-2fff302beba6_24,1,primary,centre,0.6090490155006284,
bbbc041,site_a,dc3bdfe9-1565-4cda-9c4e-0979846dab60_40,1,primary,centre,0.40791788856304984,
bbbc041,site_a,dc3bdfe9-1565-4cda-9c4e-0979846dab60_45,1,primary,centre,0.45633442862358525,
bbbc041,site_a,dc3bdfe9-1565-4cda-9c4e-0979846dab60_62,1,primary,centre,0.46084104938271603,
bbbc041,site_a,471f75c6-bd5d-4c20-bcc1-258e836f4d69_88,1,primary,centre,0.3740586603250099,
bbbc041,site_a,471f75c6-bd5d-4c20-bcc1-258e836f4d69_89,1,primary,centre,0.4150359314538419,
bbbc041,site_a,3d302619-473d-4c5b-af43-8833ff94233f_25,1,primary,centre,0.44382807363576593,
bbbc041,site_a,3d302619-473d-4c5b-af43-8833ff94233f_42,1,primary,centre,0.6104539362508012,
bbbc041,site_a,3d302619-473d-4c5b-af43-8833ff94233f_71,1,primary,centre,0.5622275069361871,
bbbc041,site_a,3d302619-473d-4c5b-af43-8833ff94233f_72,1,primary,centre,0.18519056144255738,
bbbc041,site_a,6f4ffe7b-395f-41ea-ad61-df5e0cbd531c_26,1,primary,centre,0.4174676634626795,
bbbc041,site_a,f329e01b-fbd3-4fb5-9738-a7ff4c8622b8_23,1,primary,centre,0.5584842172728729,
bbbc041,site_a,56077789-8580-41b4-89d6-deea227e5c60_80,1,primary,centre,0.4169896193771626,
bbbc041,site_a,56077789-8580-41b4-89d6-deea227e5c60_81,1,primary,centre,0.7320980314440481,
bbbc041,site_a,1863da5f-c595-4541-a8f4-21fe78678168_16,1,primary,centre,0.4804398560183537,
bbbc041,site_a,1863da5f-c595-4541-a8f4-21fe78678168_20,1,primary,centre,0.39673734385272846,
bbbc041,site_a,1863da5f-c595-4541-a8f4-21fe78678168_21,1,primary,centre,0.5912229895299621,
bbbc041,site_a,1863da5f-c595-4541-a8f4-21fe78678168_51,1,primary,centre,0.6461974492205952,
bbbc041,site_a,eb77e4a9-acb0-4d83-8055-2c5fcaa54b45_181,1,primary,nearest,0.42277091906721537,
bbbc041,site_a,0f0c949e-018a-4f3f-ab02-3704f49c7754_21,1,primary,centre,0.411529933481153,
bbbc041,site_a,0f0c949e-018a-4f3f-ab02-3704f49c7754_29,1,primary,centre,0.41402634389462445,
bbbc041,site_a,947348fe-4c70-468e-8009-3c14daeca69b_102,1,primary,centre,0.6399047978131774,
bbbc041,site_a,39cc33be-d752-40fe-b7a8-2e69a3517205_76,1,primary,centre,0.440014512617915,
bbbc041,site_a,9b410534-3b70-4a88-9f93-205cf4e55a05_26,1,primary,centre,0.6782666666666667,
bbbc041,site_a,9b410534-3b70-4a88-9f93-205cf4e55a05_39,1,primary,centre,0.5310007251631617,
bbbc041,site_a,9b410534-3b70-4a88-9f93-205cf4e55a05_40,1,primary,centre,0.42178489042675893,
bbbc041,site_a,9b410534-3b70-4a88-9f93-205cf4e55a05_48,1,primary,centre,0.30552731206057326,
bbbc041,site_a,c22f7031-9cf8-48ce-b03b-1b12d0db4951_100,1,primary,centre,0.49112244897959184,
bbbc041,site_a,f6f8a69a-3fd2-4684-ac77-3e83ea0fb36d_51,1,primary,centre,0.7706378348973209,
bbbc041,site_a,f6f8a69a-3fd2-4684-ac77-3e83ea0fb36d_58,1,primary,centre,0.7420592539852063,
bbbc041,site_a,f6f8a69a-3fd2-4684-ac77-3e83ea0fb36d_64,1,primary,centre,0.45187779253713317,
bbbc041,site_a,cc882eae-a341-4783-bd19-8bdedf798538_4,1,primary,centre,0.5771122685185185,
bbbc041,site_a,cc882eae-a341-4783-bd19-8bdedf798538_13,1,primary,centre,0.4622255141164169,
bbbc041,site_a,d1b48634-9ad5-46e8-b816-42d1d97c93cd_42,1,primary,centre,0.5377584656877434,
bbbc041,site_a,6e39fb0a-aa41-4b16-b783-7589e97bf289_39,1,primary,centre,0.3456063404124346,
bbbc041,site_a,6e39fb0a-aa41-4b16-b783-7589e97bf289_40,1,primary,centre,0.3068545803971813,
bbbc041,site_a,2196389c-45ec-46b5-bc6c-1f4a33df7f7c_1,1,primary,centre,0.4904821954002282,
bbbc041,site_a,bb795ddf-ce72-42d5-9006-124db4d5cf1c_38,1,primary,centre,0.5816,
bbbc041,site_a,bb795ddf-ce72-42d5-9006-124db4d5cf1c_48,1,primary,centre,0.5915749553837002,
bbbc041,site_a,064b84fe-bd21-4c27-b682-0a832272eac4_26,1,primary,centre,0.47393822393822393,
bbbc041,site_a,b4d22412-a495-43a9-bec0-73a2322f8dad_90,1,primary,nearest,0.42838885873846744,
bbbc041,site_a,b4d22412-a495-43a9-bec0-73a2322f8dad_91,1,primary,centre,0.8754320987654322,
bbbc041,site_a,b4d22412-a495-43a9-bec0-73a2322f8dad_92,1,primary,centre,0.7128347183748845,
bbbc041,site_a,b4d22412-a495-43a9-bec0-73a2322f8dad_93,1,primary,centre,0.7839317285461717,
bbbc041,site_a,b4d22412-a495-43a9-bec0-73a2322f8dad_94,1,primary,centre,0.5836988017855744,
bbbc041,site_a,b4d22412-a495-43a9-bec0-73a2322f8dad_95,1,primary,centre,0.8103117981239265,
bbbc041,site_a,a302a6fa-f635-4ade-b72b-b6f3c2a34ec9_10,1,primary,centre,0.4890062326869806,
bbbc041,site_a,5487faad-24a7-46b6-92d8-479d3a8d229f_6,1,primary,centre,0.4567317574511819,
bbbc041,site_a,5487faad-24a7-46b6-92d8-479d3a8d229f_25,1,primary,centre,0.44617028270874426,
bbbc041,site_a,361a3578-4cbb-422b-9e3c-b5e61395b12e_3,1,primary,centre,0.4552929085303186,
bbbc041,site_a,a85cd1ae-0c94-4387-8305-84ab8d96d137_45,1,primary,centre,0.43342590104213324,
bbbc041,site_a,883d9731-a04d-4f84-83c9-d3bef954759d_31,1,primary,centre,0.5948142414860681,
bbbc041,site_a,a3ada657-de00-44db-b1e2-54ba17e39983_1,1,primary,centre,0.6408577298407807,
bbbc041,site_a,627d6331-7bb9-4d1a-b20d-e6541af4d0f9_14,1,primary,centre,0.5432256235827665,
bbbc041,site_a,627d6331-7bb9-4d1a-b20d-e6541af4d0f9_17,1,primary,centre,0.44691468213720636,
bbbc041,site_a,627d6331-7bb9-4d1a-b20d-e6541af4d0f9_38,1,primary,centre,0.44877130400317083,
bbbc041,site_a,627d6331-7bb9-4d1a-b20d-e6541af4d0f9_61,1,primary,centre,0.5300423242751473,
bbbc041,site_a,627d6331-7bb9-4d1a-b20d-e6541af4d0f9_62,1,primary,centre,0.559191147201656,
bbbc041,site_a,627d6331-7bb9-4d1a-b20d-e6541af4d0f9_65,1,primary,nearest,0.3413897854566167,
bbbc041,site_a,b318889c-3c60-477c-b8f6-d18cb01a59df_31,1,primary,nearest,0.4401788785689714,
bbbc041,site_a,b318889c-3c60-477c-b8f6-d18cb01a59df_63,1,primary,centre,0.6223008849557522,
bbbc041,site_a,b318889c-3c60-477c-b8f6-d18cb01a59df_74,1,primary,centre,0.71179951270449,
bbbc041,site_a,b318889c-3c60-477c-b8f6-d18cb01a59df_75,1,primary,centre,0.42423055838358525,
bbbc041,site_a,b318889c-3c60-477c-b8f6-d18cb01a59df_76,1,primary,centre,0.5573711766326812,
bbbc041,site_a,b318889c-3c60-477c-b8f6-d18cb01a59df_79,1,primary,centre,0.6471662136394986,
bbbc041,site_a,0ca25c88-457f-4f03-bbc1-98fb6663f1d1_35,1,primary,centre,0.6026031768797734,
bbbc041,site_a,0ca25c88-457f-4f03-bbc1-98fb6663f1d1_47,1,primary,centre,0.6615664717621932,
bbbc041,site_a,0ca25c88-457f-4f03-bbc1-98fb6663f1d1_48,1,primary,centre,0.6516509433962264,
bbbc041,site_a,8e69098c-fae0-47a3-8833-c2bfdfb1a416_7,1,primary,centre,0.4998698458975427,
bbbc041,site_a,ebfd9f67-138e-49f0-9cef-a0352069eedb_53,1,primary,centre,0.5783612948960303,
bbbc041,site_a,ebfd9f67-138e-49f0-9cef-a0352069eedb_63,1,primary,nearest,0.30877057613168724,
bbbc041,site_a,ebfd9f67-138e-49f0-9cef-a0352069eedb_64,1,primary,centre,0.568502824858757,
bbbc041,site_a,ebfd9f67-138e-49f0-9cef-a0352069eedb_65,1,primary,centre,0.6467910787437414,
bbbc041,site_a,df49578a-60d4-4a3b-9ee0-79d9d59bc72a_6,1,primary,centre,0.445299408364967,
bbbc041,site_a,bb337c84-f727-42a5-9c3d-934323a16c6a_6,1,primary,centre,0.473532990805841,
bbbc041,site_a,98976666-9125-47fe-9601-43c41e58dfb4_45,1,primary,centre,0.26670400709468134,
bbbc041,site_a,781d4bea-c6a9-4b36-ae10-ba9e328c87fe_9,1,primary,centre,0.4106255058388253,
bbbc041,site_a,781d4bea-c6a9-4b36-ae10-ba9e328c87fe_21,1,primary,centre,0.42461753316828543,
bbbc041,site_a,781d4bea-c6a9-4b36-ae10-ba9e328c87fe_27,1,primary,centre,0.42261330165094924,
bbbc041,site_a,781d4bea-c6a9-4b36-ae10-ba9e328c87fe_32,1,primary,centre,0.5763354459031236,
bbbc041,site_a,b809b407-7b69-4334-873d-d6c49135f04a_0,1,primary,centre,0.4193948412698413,
bbbc041,site_a,0f2a6cda-afec-437b-8803-8d3176b072c1_64,1,primary,centre,0.2565520782281967,
bbbc041,site_a,79b3a64f-2fb9-46e0-85d4-2bdd59c2075e_10,1,primary,centre,0.4599848203744308,
bbbc041,site_a,79b3a64f-2fb9-46e0-85d4-2bdd59c2075e_25,1,primary,centre,0.5079295921924015,
bbbc041,site_a,c2ec116f-f091-422c-926c-70b548a8f6ef_119,1,primary,centre,0.608480749219563,
bbbc041,site_a,c2ec116f-f091-422c-926c-70b548a8f6ef_120,1,primary,centre,0.7869994427195287,
bbbc041,site_a,c2ec116f-f091-422c-926c-70b548a8f6ef_121,1,primary,nearest,0.28916211293260474,
bbbc041,site_a,c680004e-6ee2-43d7-877c-edc9b5ebeecc_53,1,primary,centre,0.4011501736111111,
bbbc041,site_a,c680004e-6ee2-43d7-877c-edc9b5ebeecc_56,1,primary,centre,0.46965712724540676,
bbbc041,site_a,c680004e-6ee2-43d7-877c-edc9b5ebeecc_57,1,primary,centre,0.48418523661531,
bbbc041,site_a,c680004e-6ee2-43d7-877c-edc9b5ebeecc_58,1,primary,centre,0.5622195022439821,
bbbc041,site_a,c680004e-6ee2-43d7-877c-edc9b5ebeecc_59,1,primary,centre,0.7972369178476467,
bbbc041,site_a,c680004e-6ee2-43d7-877c-edc9b5ebeecc_63,1,primary,centre,0.4119041058142739,
bbbc041,site_a,c680004e-6ee2-43d7-877c-edc9b5ebeecc_70,1,primary,centre,0.5082957877422585,
bbbc041,site_a,fb05b297-180a-4171-b633-09d5616d7534_17,1,primary,centre,0.6112882653061225,
bbbc041,site_a,fb05b297-180a-4171-b633-09d5616d7534_52,1,primary,centre,0.5806603477496705,
bbbc041,site_a,fb05b297-180a-4171-b633-09d5616d7534_64,1,primary,centre,0.46771128401878875,
bbbc041,site_a,fb05b297-180a-4171-b633-09d5616d7534_65,1,primary,centre,0.6556307108104901,
bbbc041,site_a,fb05b297-180a-4171-b633-09d5616d7534_66,1,primary,centre,0.6958700640019322,
bbbc041,site_a,fb05b297-180a-4171-b633-09d5616d7534_69,1,primary,centre,0.7074090840500981,
bbbc041,site_a,fb05b297-180a-4171-b633-09d5616d7534_70,1,primary,centre,0.7236689814814815,
bbbc041,site_a,0ceb4539-5c4c-487d-9826-452a88b5d537_56,1,primary,centre,0.4463237349734414,
bbbc041,site_a,fc8df086-39e0-43f8-b0c7-2d23a349539b_0,1,primary,centre,0.410784644827198,
bbbc041,site_a,5077f87d-a19f-494c-b911-14ccb03bd230_5,1,primary,centre,0.439671482628139,
bbbc041,site_a,5077f87d-a19f-494c-b911-14ccb03bd230_32,1,primary,centre,0.3431168831168831,
bbbc041,site_a,b701b5c5-b922-4315-b12a-aac4ec65ee8b_63,1,primary,centre,0.4949464922711058,
bbbc041,site_a,b701b5c5-b922-4315-b12a-aac4ec65ee8b_64,1,primary,centre,0.3820644312952005,
bbbc041,site_a,b701b5c5-b922-4315-b12a-aac4ec65ee8b_72,1,primary,centre,0.5544875346260388,
bbbc041,site_a,7625dfc4-858a-4c8e-907c-8943d665e9a7_47,1,primary,centre,0.558396089311666,
bbbc041,site_a,7625dfc4-858a-4c8e-907c-8943d665e9a7_53,1,primary,centre,0.5301460248783126,
bbbc041,site_a,66183740-e1e5-43c9-8539-a87028bb3621_57,1,primary,centre,0.7120225694444444,
bbbc041,site_a,66183740-e1e5-43c9-8539-a87028bb3621_58,1,primary,centre,0.43428630193336076,
bbbc041,site_a,f68ae8e9-e760-4106-88e0-4bdef2785f06_26,1,primary,centre,0.5679563492063492,
bbbc041,site_a,f68ae8e9-e760-4106-88e0-4bdef2785f06_64,1,primary,centre,0.3811972322732178,
bbbc041,site_a,f68ae8e9-e760-4106-88e0-4bdef2785f06_66,1,primary,nearest,0.408673536794821,
bbbc041,site_a,f68ae8e9-e760-4106-88e0-4bdef2785f06_67,1,primary,nearest,0.595388218339038,
bbbc041,site_a,f68ae8e9-e760-4106-88e0-4bdef2785f06_68,1,primary,centre,0.8535639595677936,
bbbc041,site_a,9b3fd401-dab0-440f-8498-eb3cc9ffa970_37,1,primary,centre,0.7761645962732919,
bbbc041,site_a,9b3fd401-dab0-440f-8498-eb3cc9ffa970_42,1,primary,centre,0.6398533950617284,
bbbc041,site_a,9b3fd401-dab0-440f-8498-eb3cc9ffa970_44,1,primary,centre,0.47201492537313433,
bbbc041,site_a,9b3fd401-dab0-440f-8498-eb3cc9ffa970_45,1,primary,centre,0.38100376945525294,
bbbc041,site_a,9b3fd401-dab0-440f-8498-eb3cc9ffa970_46,1,primary,centre,0.643672388604821,
bbbc041,site_a,9b3fd401-dab0-440f-8498-eb3cc9ffa970_47,1,primary,nearest,0.5398372933884298,
bbbc041,site_a,9b3fd401-dab0-440f-8498-eb3cc9ffa970_48,1,primary,centre,0.4806641445985708,
bbbc041,site_a,9b3fd401-dab0-440f-8498-eb3cc9ffa970_49,1,primary,nearest,0.5682822740435909,
bbbc041,site_a,d57b3894-c912-47e8-b00a-e1a2a7aba644_53,1,primary,centre,0.20820247933884298,
bbbc041,site_a,d57b3894-c912-47e8-b00a-e1a2a7aba644_58,1,primary,centre,0.36163507545086493,
bbbc041,site_a,393df10a-5d64-476b-88f5-14ac56d6ed60_37,1,primary,centre,0.42001018094312553,
bbbc041,site_a,ac4d6507-d710-497b-ad7c-e0dd75c1d06d_1,1,primary,centre,0.3446535913299109,
bbbc041,site_a,ac4d6507-d710-497b-ad7c-e0dd75c1d06d_29,1,primary,centre,0.4605440215301807,
bbbc041,site_a,ca677c3c-083f-4d54-9dec-39f79f6a17d8_42,1,primary,centre,0.5171383647798742,
bbbc041,site_a,ca677c3c-083f-4d54-9dec-39f79f6a17d8_54,1,primary,centre,0.47484534780962,
bbbc041,site_a,ca677c3c-083f-4d54-9dec-39f79f6a17d8_79,1,primary,centre,0.6103916714276646,
bbbc041,site_a,ca677c3c-083f-4d54-9dec-39f79f6a17d8_80,1,primary,nearest,0.2615732683605987,
bbbc041,site_a,49b03a6e-6b26-4a96-a061-e05647a02138_16,1,primary,centre,0.6361852433281004,
bbbc041,site_a,49b03a6e-6b26-4a96-a061-e05647a02138_28,1,primary,centre,0.39742378432854625,
bbbc041,site_a,49b03a6e-6b26-4a96-a061-e05647a02138_29,1,primary,centre,0.5127243210039051,
bbbc041,site_a,49b03a6e-6b26-4a96-a061-e05647a02138_30,1,primary,centre,0.754453964368285,
bbbc041,site_a,49b03a6e-6b26-4a96-a061-e05647a02138_31,1,primary,centre,0.6750118793062485,
bbbc041,site_a,78c35732-7e31-4153-842e-55ab1cd656f6_10,1,primary,centre,0.48894375268355517,
bbbc041,site_a,78c35732-7e31-4153-842e-55ab1cd656f6_43,1,primary,centre,0.6958308866705814,
bbbc041,site_a,f97c7c87-5e27-45ea-9f93-3285d74091de_4,1,primary,centre,0.4457236842105263,
bbbc041,site_a,f97c7c87-5e27-45ea-9f93-3285d74091de_41,1,primary,nearest,0.1011766975308642,
bbbc041,site_a,99d6a7e5-128e-4455-841d-8fbd1663905e_20,1,primary,centre,0.5293184488836663,
bbbc041,site_a,406e05f0-4444-414c-bb40-f4cb08e75ac9_48,1,primary,centre,0.45170499603489295,
bbbc041,site_a,4ab47131-c2ac-461f-b95c-ac19ce24edbd_70,1,primary,centre,0.6761621315192744,
bbbc041,site_a,4ab47131-c2ac-461f-b95c-ac19ce24edbd_82,1,primary,centre,0.5918219051393844,
bbbc041,site_a,4ab47131-c2ac-461f-b95c-ac19ce24edbd_83,1,primary,centre,0.7223865877712031,
bbbc041,site_a,4ab47131-c2ac-461f-b95c-ac19ce24edbd_84,1,primary,centre,0.5353099173553719,
bbbc041,site_a,95d5e689-c1d1-4ae8-a659-cc20c62a99f0_25,1,primary,centre,0.42376748934125985,
bbbc041,site_a,be779f52-0bfa-4c01-a16f-b7f0bc92ed7c_44,1,primary,centre,0.3417991973840666,
bbbc041,site_a,be5bb7d0-7c3f-4bb9-8bb4-f8bc8d875943_12,1,primary,centre,0.6412460842325096,
bbbc041,site_a,be5bb7d0-7c3f-4bb9-8bb4-f8bc8d875943_15,1,primary,centre,0.5802020202020202,
bbbc041,site_a,be5bb7d0-7c3f-4bb9-8bb4-f8bc8d875943_33,1,primary,nearest,0.585432202992355,
bbbc041,site_a,be5bb7d0-7c3f-4bb9-8bb4-f8bc8d875943_34,1,primary,centre,0.20576771794321677,
bbbc041,site_a,be5bb7d0-7c3f-4bb9-8bb4-f8bc8d875943_35,1,primary,centre,0.41633709356337095,
bbbc041,site_a,be5bb7d0-7c3f-4bb9-8bb4-f8bc8d875943_36,1,primary,centre,0.6158563617555786,
bbbc041,site_a,be5bb7d0-7c3f-4bb9-8bb4-f8bc8d875943_37,1,primary,nearest,0.46045785639958375,
bbbc041,site_a,be5bb7d0-7c3f-4bb9-8bb4-f8bc8d875943_38,1,primary,centre,0.5417988458865827,
bbbc041,site_a,be5bb7d0-7c3f-4bb9-8bb4-f8bc8d875943_39,1,primary,nearest,0.17330994897959184,
bbbc041,site_a,c94a5851-b846-4fde-8c89-05bec3a8ac53_40,1,primary,centre,0.44299168975069253,
bbbc041,site_a,c94a5851-b846-4fde-8c89-05bec3a8ac53_41,1,primary,centre,0.729661673553719,
bbbc041,site_a,3dcd4f1b-ce43-4a34-b1ed-076bb42963b1_28,1,primary,nearest,0.4325128671965267,
bbbc041,site_a,3dcd4f1b-ce43-4a34-b1ed-076bb42963b1_37,1,primary,centre,0.5719600340136054,
bbbc041,site_a,3dcd4f1b-ce43-4a34-b1ed-076bb42963b1_39,1,primary,centre,0.6541419644287775,
bbbc041,site_a,3dcd4f1b-ce43-4a34-b1ed-076bb42963b1_56,1,primary,centre,0.547548185941043,
bbbc041,site_a,3dcd4f1b-ce43-4a34-b1ed-076bb42963b1_63,1,primary,centre,0.2616410531560189,
bbbc041,site_a,3dcd4f1b-ce43-4a34-b1ed-076bb42963b1_66,1,primary,centre,0.7392830923425581,
bbbc041,site_a,3dcd4f1b-ce43-4a34-b1ed-076bb42963b1_67,1,primary,nearest,0.2999183756759514,
bbbc041,site_a,3dcd4f1b-ce43-4a34-b1ed-076bb42963b1_68,1,primary,centre,0.705167774612219,
bbbc041,site_a,157ac97a-396e-4f6c-94c6-72a4d06ccc5f_17,1,primary,centre,0.47935487299394197,
bbbc041,site_a,a7688988-2bcc-4458-83d3-5e482da5f87b_25,1,primary,centre,0.40229030339083877,
bbbc041,site_a,a7688988-2bcc-4458-83d3-5e482da5f87b_30,1,primary,centre,0.3979701572792042,
bbbc041,site_a,8757be1e-b832-407a-8e95-62abae485b24_65,1,primary,centre,0.6108647450110865,
bbbc041,site_a,8757be1e-b832-407a-8e95-62abae485b24_80,1,primary,centre,0.6826859558726384,
bbbc041,site_a,8757be1e-b832-407a-8e95-62abae485b24_81,1,primary,centre,0.5165042380792353,
bbbc041,site_a,6fb707b1-5c07-479f-8385-5404bf5747b0_33,1,primary,centre,0.4049169238574388,
bbbc041,site_a,177f883a-f0f1-4b8e-b598-2ca4bab27381_0,1,primary,centre,0.335467379578819,
bbbc041,site_a,79d7a014-21ff-40f1-9ac4-a69839390654_121,1,primary,centre,0.5623067616615136,
bbbc041,site_a,6b2ff7ca-c5b3-415c-9481-7b14efc6d7ef_67,1,primary,centre,0.40492598713125416,
bbbc041,site_a,eeb06e39-482b-443d-8cf6-b9b5c763df78_23,1,primary,centre,0.5583911145351823,
bbbc041,site_a,505355c9-23bf-4f90-8ebc-6a7ef50964d0_3,1,primary,centre,0.480460226145606,
bbbc041,site_a,505355c9-23bf-4f90-8ebc-6a7ef50964d0_27,1,primary,centre,0.6207135915590726,
bbbc041,site_a,1d4cdf2e-79a0-41e9-aabe-e437a190dfc4_15,1,primary,centre,0.5268456375838926,
bbbc041,site_a,1d4cdf2e-79a0-41e9-aabe-e437a190dfc4_23,1,primary,centre,0.4911722264663441,
bbbc041,site_a,194aec70-41a5-4ac3-b22f-0b6eda91f730_41,1,primary,centre,0.48089622641509433,
bbbc041,site_a,4d8a4ce8-0f9c-4f21-8844-4cf0e5514bbf_85,1,primary,centre,0.5391230620155039,
bbbc041,site_a,b78ba2c8-ecb3-45b2-9cda-2c8088fa95d1_4,1,primary,centre,0.6185513673318551,
bbbc041,site_a,b78ba2c8-ecb3-45b2-9cda-2c8088fa95d1_24,1,primary,centre,0.5262185534591195,
bbbc041,site_a,b78ba2c8-ecb3-45b2-9cda-2c8088fa95d1_35,1,primary,centre,0.5168539325842697,
bbbc041,site_a,109fbb82-bc3c-41ac-984d-e2da86202873_62,1,primary,centre,0.6066657054978855,
bbbc041,site_a,c03d9b87-e19b-402b-ad86-b30d6e8aeb59_35,1,primary,centre,0.6662460188690583,
bbbc041,site_a,c03d9b87-e19b-402b-ad86-b30d6e8aeb59_49,1,primary,centre,0.520984138285669,
bbbc041,site_a,c03d9b87-e19b-402b-ad86-b30d6e8aeb59_75,1,primary,nearest,0.2950575086805556,
bbbc041,site_a,c03d9b87-e19b-402b-ad86-b30d6e8aeb59_76,1,primary,centre,0.6813671875,
bbbc041,site_a,c03d9b87-e19b-402b-ad86-b30d6e8aeb59_77,1,primary,centre,0.7361419068736141,
bbbc041,site_a,30948737-0d0d-4b68-b9ab-50577e0fe026_46,1,primary,centre,0.4690481686672822,
bbbc041,site_a,78a5d1c3-44dd-44bc-ad5b-5e25bdcc4fae_31,1,primary,centre,0.49321443583738667,
bbbc041,site_a,78a5d1c3-44dd-44bc-ad5b-5e25bdcc4fae_42,1,primary,centre,0.54812521499828,
bbbc041,site_a,78a5d1c3-44dd-44bc-ad5b-5e25bdcc4fae_43,1,primary,centre,0.4107419475455371,
bbbc041,site_a,78a5d1c3-44dd-44bc-ad5b-5e25bdcc4fae_44,1,primary,centre,0.28632297244351573,
bbbc041,site_a,78a5d1c3-44dd-44bc-ad5b-5e25bdcc4fae_45,1,primary,centre,0.7856512975560594,
bbbc041,site_a,78a5d1c3-44dd-44bc-ad5b-5e25bdcc4fae_46,1,primary,centre,0.6554016620498615,
bbbc041,site_a,65054b19-5c6a-4870-99a9-eef994721d3a_20,1,primary,centre,0.45800799847648066,
bbbc041,site_a,65054b19-5c6a-4870-99a9-eef994721d3a_22,1,primary,centre,0.40282203004096495,
bbbc041,site_a,93f7e207-0d8e-47f8-8258-09a0e03dbdd6_34,1,primary,centre,0.16987206405195823,
bbbc041,site_a,93f7e207-0d8e-47f8-8258-09a0e03dbdd6_40,1,primary,centre,0.3938090794758408,
bbbc041,site_a,ed0bee2f-05e0-4392-8357-19750cec577c_106,1,primary,centre,0.5542902806912396,
bbbc041,site_a,9e74feb8-017d-4d53-8896-9ebda4327dd1_2,1,primary,centre,0.4390550740844283,
bbbc041,site_a,9e74feb8-017d-4d53-8896-9ebda4327dd1_3,1,primary,centre,0.46418439716312054,
bbbc041,site_a,9e74feb8-017d-4d53-8896-9ebda4327dd1_44,1,primary,centre,0.6633878900266065,
bbbc041,site_a,90171428-f208-428a-b40e-f57ee3bea457_58,1,primary,centre,0.7575475907198096,
bbbc041,site_a,90171428-f208-428a-b40e-f57ee3bea457_74,1,primary,centre,0.5579881656804734,
bbbc041,site_a,90171428-f208-428a-b40e-f57ee3bea457_75,1,primary,nearest,0.4890066932362083,
bbbc041,site_a,90171428-f208-428a-b40e-f57ee3bea457_76,1,primary,centre,0.5914994855967078,
bbbc041,site_a,587e5464-d70b-4279-8562-010279f6efbd_25,1,primary,centre,0.3731591545295955,
bbbc041,site_a,587e5464-d70b-4279-8562-010279f6efbd_33,1,primary,centre,0.6336444444444445,
bbbc041,site_a,587e5464-d70b-4279-8562-010279f6efbd_37,1,primary,centre,0.7443315799020497,
bbbc041,site_a,fbb1b44c-d75a-4550-a6c0-0eb62b96bfce_30,1,primary,centre,0.33513086419753085,
bbbc041,site_a,5f742392-278d-461c-a848-08def2c28878_49,1,primary,centre,0.5778288609495215,
bbbc041,site_a,5f742392-278d-461c-a848-08def2c28878_57,1,primary,centre,0.6912144702842378,
bbbc041,site_a,5f742392-278d-461c-a848-08def2c28878_58,1,primary,centre,0.5323364385621091,
bbbc041,site_a,5f742392-278d-461c-a848-08def2c28878_59,1,primary,centre,0.4227788112321729,
bbbc041,site_a,770b8ca4-8377-479b-9ad5-5455ec3b44f8_68,1,primary,centre,0.5259278529309747,
bbbc041,site_a,c118ff18-f9f2-4617-bddb-dc4091fb8f5f_35,1,primary,centre,0.24059070644718794,
bbbc041,site_a,14b68d86-ac7f-419d-b4a5-6b0b1d9aaa18_61,1,primary,centre,0.3806694878472222,
bbbc041,site_a,14b68d86-ac7f-419d-b4a5-6b0b1d9aaa18_62,1,primary,centre,0.37296427218785505,
bbbc041,site_a,14b68d86-ac7f-419d-b4a5-6b0b1d9aaa18_63,1,primary,centre,0.6128230383190282,
bbbc041,site_a,14b68d86-ac7f-419d-b4a5-6b0b1d9aaa18_67,1,primary,nearest,0.3901665344964314,
bbbc041,site_a,14b68d86-ac7f-419d-b4a5-6b0b1d9aaa18_68,1,primary,centre,0.413830237977544,
bbbc041,site_a,14b68d86-ac7f-419d-b4a5-6b0b1d9aaa18_69,1,primary,centre,0.7199413489736071,
bbbc041,site_a,461a3ed6-039f-4a70-97cf-c474ecf51ccd_23,1,primary,centre,0.40709817713227203,
bbbc041,site_a,4811fdf2-d7e8-475e-a840-45dda5282bf3_22,1,primary,centre,0.41321950913313665,
bbbc041,site_a,e683144c-0465-43a2-86b1-3cf52599d5e0_40,1,primary,centre,0.4728041298817896,
bbbc041,site_a,e683144c-0465-43a2-86b1-3cf52599d5e0_60,1,primary,centre,0.5414364640883977,
bbbc041,site_a,e683144c-0465-43a2-86b1-3cf52599d5e0_61,1,primary,centre,0.4713190589479249,
bbbc041,site_a,e683144c-0465-43a2-86b1-3cf52599d5e0_62,1,primary,centre,0.5516599716446124,
bbbc041,site_a,71925778-a26e-483e-a07c-f3aaf740122a_43,1,primary,centre,0.6608617131062952,
bbbc041,site_a,71925778-a26e-483e-a07c-f3aaf740122a_44,1,primary,nearest,0.34013957987838583,
bbbc041,site_a,71925778-a26e-483e-a07c-f3aaf740122a_45,1,primary,nearest,0.5052159910382973,
bbbc041,site_a,27388ff2-4000-4c9a-a2e3-addc448a5f92_35,1,primary,centre,0.5619885216282283,
bbbc041,site_a,04de27ff-0d36-4da3-a829-e93851d76981_13,1,primary,centre,0.48591695501730103,
bbbc041,site_a,7ba9db7e-9d3f-413c-b672-2bba5fb5b415_65,1,primary,centre,0.35524749702443464,
bbbc041,site_a,7ba9db7e-9d3f-413c-b672-2bba5fb5b415_66,1,primary,centre,0.2902843601895735,
bbbc041,site_a,52767904-4cdc-4821-ba68-8cd0c28f9023_27,1,primary,centre,0.5506416926812349,
bbbc041,site_a,580210c2-a8ed-4720-b71c-a77945968abc_12,1,primary,centre,0.5173718610251118,
bbbc041,site_a,ef1419e0-3a3a-458a-b3b2-7efddac50404_44,1,primary,centre,0.6457346817370613,
bbbc041,site_a,d532e31c-10ce-4313-9a36-bd5e01230254_9,1,primary,centre,0.5232815964523282,
bbbc041,site_a,d532e31c-10ce-4313-9a36-bd5e01230254_21,1,primary,centre,0.5116777531411678,
bbbc041,site_a,2c4d72f1-71a6-4bf1-b5d9-8023c7bbec74_29,1,primary,centre,0.3923214942951785,
bbbc041,site_a,cdb086a8-2bf8-4436-b1ef-96cdd801f247_27,1,primary,centre,0.5559115541315612,
bbbc041,site_a,b2f05937-b965-4c4b-b86e-f50e95d9d691_24,1,primary,centre,0.4198732458125849,
bbbc041,site_a,4935818a-7e7a-4f44-a3b6-b361d1abfe16_4,1,primary,centre,0.42637638504155123,
bbbc041,site_a,5893e081-04f2-4e33-9851-bed5f0e4d333_25,1,primary,centre,0.5706578489383919,
bbbc041,site_a,16ec6e1f-5020-40b3-ba26-51c340d03ee7_23,1,primary,centre,0.4290227181072725,
bbbc041,site_a,c1423156-82b3-4dd3-8e74-08eb7ed8e1d6_36,1,primary,centre,0.5491863905325444,
bbbc041,site_a,1f337b61-1b0d-4539-91f9-73d4a0798a4a_53,1,primary,centre,0.3983863771564545,
bbbc041,site_a,1f337b61-1b0d-4539-91f9-73d4a0798a4a_64,1,primary,centre,0.38787157312419035,
bbbc041,site_a,ec301f62-1302-4407-96f9-fcfe45c150ae_69,1,primary,centre,0.4339871001711202,
bbbc041,site_a,ec301f62-1302-4407-96f9-fcfe45c150ae_70,1,primary,centre,0.4049074320134644,
bbbc041,site_a,f232eec3-02c0-43f9-bf32-3e60245397e2_34,1,primary,centre,0.5560722827531225,
bbbc041,site_a,9f38055f-4fe6-47fd-a6dd-c0743db4eccf_104,1,primary,centre,0.5866222222222223,
bbbc041,site_a,f5869ba8-6253-426b-93f3-82af59a86144_54,1,primary,centre,0.6735896112831098,
bbbc041,site_a,f5869ba8-6253-426b-93f3-82af59a86144_59,1,primary,centre,0.5375925925925926,
bbbc041,site_a,f5869ba8-6253-426b-93f3-82af59a86144_62,1,primary,centre,0.6937304501563988,
bbbc041,site_a,715761a2-745e-4743-9849-956a034ad3c4_81,1,primary,centre,0.40531826949572886,
bbbc041,site_a,18dbe7c4-89d2-42a6-a969-1e951ab313b1_6,1,primary,centre,0.42331761291492837,
bbbc041,site_a,18dbe7c4-89d2-42a6-a969-1e951ab313b1_13,1,primary,centre,0.486013986013986,
bbbc041,site_a,18dbe7c4-89d2-42a6-a969-1e951ab313b1_17,1,primary,centre,0.5216171224732461,
bbbc041,site_a,e3c1442a-717f-41dd-bf97-81e1233ac9fa_48,1,primary,centre,0.6472278081011203,
bbbc041,site_a,e3c1442a-717f-41dd-bf97-81e1233ac9fa_69,1,primary,centre,0.591574074074074,
bbbc041,site_a,e3c1442a-717f-41dd-bf97-81e1233ac9fa_86,1,primary,centre,0.7583195038868024,
bbbc041,site_a,e3c1442a-717f-41dd-bf97-81e1233ac9fa_87,1,primary,centre,0.653630340724716,
bbbc041,site_a,e3c1442a-717f-41dd-bf97-81e1233ac9fa_88,1,primary,centre,0.6300225596000244,
bbbc041,site_a,e3c1442a-717f-41dd-bf97-81e1233ac9fa_89,1,primary,centre,0.7821402483564646,
bbbc041,site_a,948c94ad-395c-41f4-9a68-8a1dcb76888c_9,1,primary,centre,0.4327188940092166,
bbbc041,site_a,948c94ad-395c-41f4-9a68-8a1dcb76888c_26,1,primary,centre,0.45347881665449236,
bbbc041,site_a,948c94ad-395c-41f4-9a68-8a1dcb76888c_30,1,primary,centre,0.44162384378211716,
bbbc041,site_a,46f5bd4f-8bea-48d1-a1da-4dea28e3b814_53,1,primary,centre,0.3360423116615067,
bbbc041,site_a,c4d34e35-4db2-41de-ba77-1a94aa9ef788_28,1,primary,centre,0.6386727517581924,
bbbc041,site_a,f1f9df6d-c4cb-4b42-9ca2-8fb47b1b0e91_48,1,primary,centre,0.4768,
bbbc041,site_a,cd2774a0-dab2-4d68-aae9-7568b9f3d2a6_52,1,primary,centre,0.34935165278151037,
bbbc041,site_a,cd2774a0-dab2-4d68-aae9-7568b9f3d2a6_69,1,primary,centre,0.6413113152834162,
bbbc041,site_a,cd2774a0-dab2-4d68-aae9-7568b9f3d2a6_70,1,primary,centre,0.6617036011080333,
bbbc041,site_a,cd2774a0-dab2-4d68-aae9-7568b9f3d2a6_71,1,primary,centre,0.6523469387755102,
bbbc041,site_a,c244166d-12ca-445f-9ed9-a13d9caa412f_8,1,primary,centre,0.46368945597663935,
bbbc041,site_a,036404d1-b9fc-497b-bbe1-f4d9c5ac3ce0_35,1,primary,centre,0.5813872429417916,
bbbc041,site_a,036404d1-b9fc-497b-bbe1-f4d9c5ac3ce0_41,1,primary,centre,0.49753044158638565,
bbbc041,site_a,036404d1-b9fc-497b-bbe1-f4d9c5ac3ce0_50,1,primary,centre,0.6628180550714534,
bbbc041,site_a,34e024a5-5698-42d4-972f-fee234b4bd64_46,1,primary,centre,0.5518403852769178,
bbbc041,site_a,34e024a5-5698-42d4-972f-fee234b4bd64_62,1,primary,centre,0.6496082764162314,
bbbc041,site_a,34e024a5-5698-42d4-972f-fee234b4bd64_65,1,primary,centre,0.3900903498654364,
bbbc041,site_a,34e024a5-5698-42d4-972f-fee234b4bd64_66,1,primary,nearest,0.004219409282700422,
bbbc041,site_a,34e024a5-5698-42d4-972f-fee234b4bd64_67,1,primary,centre,0.6217847485127096,
bbbc041,site_a,34e024a5-5698-42d4-972f-fee234b4bd64_68,1,primary,centre,0.7399399399399399,
bbbc041,site_a,34e024a5-5698-42d4-972f-fee234b4bd64_69,1,primary,centre,0.3545003203074952,
bbbc041,site_a,34e024a5-5698-42d4-972f-fee234b4bd64_72,1,primary,centre,0.7289077043175404,
bbbc041,site_a,c3042130-a6e2-458f-9fde-bb012f68f5f2_35,1,primary,centre,0.33362657618030245,
bbbc041,site_a,c3042130-a6e2-458f-9fde-bb012f68f5f2_47,1,primary,centre,0.5239044856521289,
bbbc041,site_a,dc4270fb-e5c2-414f-96e9-6769ba1d77e4_22,1,primary,centre,0.6664818920916482,
bbbc041,site_a,dbdfad64-110c-421f-a1c7-f68fd9e82d67_86,1,primary,centre,0.6537601341906626,
bbbc041,site_a,861c3e06-aada-47a0-99ae-94fbc2772cc0_53,1,primary,centre,0.5401838421318941,
bbbc041,site_a,151f3af5-5e6e-4bcd-9389-4974fc68813e_81,1,primary,centre,0.5031413612565445,
bbbc041,site_a,151f3af5-5e6e-4bcd-9389-4974fc68813e_82,1,primary,nearest,0.3618754229970361,
bbbc041,site_a,151f3af5-5e6e-4bcd-9389-4974fc68813e_83,1,primary,nearest,0.4461805555555556,
bbbc041,site_a,151f3af5-5e6e-4bcd-9389-4974fc68813e_84,1,primary,centre,0.6941568047337278,
bbbc041,site_a,151f3af5-5e6e-4bcd-9389-4974fc68813e_85,1,primary,centre,0.5221890547263681,
bbbc041,site_a,b12ae3b1-613c-4c0e-9163-3c5cc314abf5_51,1,primary,centre,0.15419659735349717,
bbbc041,site_a,4c13e22e-dfd1-4fa1-b373-be9d0c272c0f_115,1,primary,nearest,0.4657310462612312,
bbbc041,site_a,4c13e22e-dfd1-4fa1-b373-be9d0c272c0f_116,1,primary,centre,0.45990740740740743,
bbbc041,site_a,30167dc1-f739-4036-b5c4-5fad435c2c67_12,1,primary,centre,0.4085005903187721,
bbbc041,site_a,b4e5e08d-6427-46f3-aca8-a4df165a151d_1,1,primary,centre,0.45524444444444445,
bbbc041,site_a,b4e5e08d-6427-46f3-aca8-a4df165a151d_48,1,primary,centre,0.5689453125,
bbbc041,site_a,8cc6fe77-5f2f-4670-b4ac-1b49550241a8_90,1,primary,centre,0.7103003606881803,
bbbc041,site_a,8cc6fe77-5f2f-4670-b4ac-1b49550241a8_91,1,primary,centre,0.7237415774871185,
bbbc041,site_a,8cc6fe77-5f2f-4670-b4ac-1b49550241a8_92,1,primary,centre,0.6754301489470981,
bbbc041,site_a,8cc6fe77-5f2f-4670-b4ac-1b49550241a8_93,1,primary,centre,0.30223904813412655,
bbbc041,site_a,8cc6fe77-5f2f-4670-b4ac-1b49550241a8_94,1,primary,centre,0.7088417964483006,
bbbc041,site_a,8cc6fe77-5f2f-4670-b4ac-1b49550241a8_95,1,primary,centre,0.4097550850975509,
bbbc041,site_a,8cc6fe77-5f2f-4670-b4ac-1b49550241a8_96,1,primary,centre,0.5265673000341335,
bbbc041,site_a,42845335-4ab2-4963-806d-0985d1382a31_59,1,primary,centre,0.6806601506168883,
bbbc041,site_a,42845335-4ab2-4963-806d-0985d1382a31_74,1,primary,nearest,0.6385802469135803,
bbbc041,site_a,f25a2ac8-cb6e-4e05-a0cd-cc00ac47718a_11,1,primary,centre,0.27120363606850095,
bbbc041,site_a,f25a2ac8-cb6e-4e05-a0cd-cc00ac47718a_12,1,primary,centre,0.2114885155425696,
bbbc041,site_a,7ef90770-6aeb-45eb-9744-49c5247dde30_28,1,primary,centre,0.47889041304679164,
bbbc041,site_a,7ef90770-6aeb-45eb-9744-49c5247dde30_41,1,primary,centre,0.7181448632668145,
bbbc041,site_a,7ef90770-6aeb-45eb-9744-49c5247dde30_44,1,primary,centre,0.3933710372422284,
bbbc041,site_a,7ef90770-6aeb-45eb-9744-49c5247dde30_45,1,primary,nearest,0.13621076233183857,
bbbc041,site_a,7ef90770-6aeb-45eb-9744-49c5247dde30_46,1,primary,centre,0.7807467532467532,
bbbc041,site_a,7ef90770-6aeb-45eb-9744-49c5247dde30_47,1,primary,nearest,0.28581771071483003,
bbbc041,site_a,7ef90770-6aeb-45eb-9744-49c5247dde30_48,1,primary,nearest,0.0855647891658972,
bbbc041,site_a,7ef90770-6aeb-45eb-9744-49c5247dde30_49,1,primary,centre,0.7675501558068695,
bbbc041,site_a,9cdee92c-6267-4188-a41e-125bc0abb9ae_8,1,primary,centre,0.40777456003564266,
bbbc041,site_a,9cdee92c-6267-4188-a41e-125bc0abb9ae_12,1,primary,centre,0.445562435500516,
bbbc041,site_a,9cdee92c-6267-4188-a41e-125bc0abb9ae_26,1,primary,centre,0.6016600920447074,
bbbc041,site_a,81c3c8f0-d5a9-4dda-afd5-e86f6afd9424_26,1,primary,centre,0.5694902719308226,
bbbc041,site_a,81c3c8f0-d5a9-4dda-afd5-e86f6afd9424_43,1,primary,centre,0.4116039952996475,
bbbc041,site_a,81c3c8f0-d5a9-4dda-afd5-e86f6afd9424_57,1,primary,centre,0.6213405238828967,
bbbc041,site_a,81c3c8f0-d5a9-4dda-afd5-e86f6afd9424_77,1,primary,nearest,0.1560905046535113,
bbbc041,site_a,81c3c8f0-d5a9-4dda-afd5-e86f6afd9424_78,1,primary,centre,0.48138888888888887,
bbbc041,site_a,81c3c8f0-d5a9-4dda-afd5-e86f6afd9424_79,1,primary,centre,0.7885120611416289,
bbbc041,site_a,a1669b59-fe09-4fe6-ba9f-06bec6725502_54,1,primary,centre,0.7547973548622662,
bbbc041,site_a,a1669b59-fe09-4fe6-ba9f-06bec6725502_66,1,primary,centre,0.45113881194213606,
bbbc041,site_a,a1669b59-fe09-4fe6-ba9f-06bec6725502_67,1,primary,centre,0.637090931046975,
bbbc041,site_a,f81806a8-5883-446c-be78-f0145b12dbdd_38,1,primary,centre,0.27396068193505,
bbbc041,site_a,cecbf663-0751-4e7f-b298-770c88afc2c1_14,1,primary,centre,0.6328774238227147,
bbbc041,site_a,cecbf663-0751-4e7f-b298-770c88afc2c1_29,1,primary,centre,0.5525168450257629,
bbbc041,site_a,cecbf663-0751-4e7f-b298-770c88afc2c1_75,1,primary,centre,0.495069740758005,
bbbc041,site_a,cecbf663-0751-4e7f-b298-770c88afc2c1_82,1,primary,centre,0.6277997364953887,
bbbc041,site_a,4aad9589-6b32-4522-bcd7-ca04687a02ca_15,1,primary,centre,0.42475911185588605,
bbbc041,site_a,58d75854-be99-484e-89f0-4ab208fe07e0_19,1,primary,centre,0.41898946124298236,
bbbc041,site_a,58d75854-be99-484e-89f0-4ab208fe07e0_25,1,primary,centre,0.550259106843469,
bbbc041,site_a,58d75854-be99-484e-89f0-4ab208fe07e0_29,1,primary,centre,0.41827415897865994,
bbbc041,site_a,dedbb10c-43f1-45fb-bb40-3ce2fb874015_0,1,primary,centre,0.4302191464821223,
bbbc041,site_a,dedbb10c-43f1-45fb-bb40-3ce2fb874015_1,1,primary,centre,0.4679164041167822,
bbbc041,site_a,dedbb10c-43f1-45fb-bb40-3ce2fb874015_21,1,primary,centre,0.4665564738292011,
bbbc041,site_a,f939782b-f5a2-40a3-9c22-6c6d7e18edc3_69,1,primary,nearest,0.5354617163062696,
bbbc041,site_a,f939782b-f5a2-40a3-9c22-6c6d7e18edc3_96,1,primary,centre,0.5115573347107438,
bbbc041,site_a,f939782b-f5a2-40a3-9c22-6c6d7e18edc3_100,1,primary,nearest,0.3226509153366009,
bbbc041,site_a,8e0dfc1f-e3eb-4a3f-a1c4-249bdfbfaa27_51,1,primary,centre,0.4977097505668934,
bbbc041,site_a,8e0dfc1f-e3eb-4a3f-a1c4-249bdfbfaa27_73,1,primary,centre,0.8274352835552895,
bbbc041,site_a,8e0dfc1f-e3eb-4a3f-a1c4-249bdfbfaa27_74,1,primary,centre,0.6983764776298069,
bbbc041,site_a,93a306b8-594a-4c7f-8b4a-127fb6ad8f1a_45,1,primary,centre,0.35683315990287895,
bbbc041,site_a,fbc1f360-4382-48bb-a32e-3f5f2f9dbe57_29,1,primary,centre,0.6598841639993903,
bbbc041,site_a,fbc1f360-4382-48bb-a32e-3f5f2f9dbe57_47,1,primary,centre,0.5161965226174158,
bbbc041,site_a,fbc1f360-4382-48bb-a32e-3f5f2f9dbe57_60,1,primary,centre,0.48453582982060583,
bbbc041,site_a,fbc1f360-4382-48bb-a32e-3f5f2f9dbe57_61,1,primary,centre,0.6968037749287749,
bbbc041,site_a,fbc1f360-4382-48bb-a32e-3f5f2f9dbe57_62,1,primary,centre,0.7215120525931337,
bbbc041,site_a,fbc1f360-4382-48bb-a32e-3f5f2f9dbe57_63,1,primary,centre,0.7903164855928201,
bbbc041,site_a,fbc1f360-4382-48bb-a32e-3f5f2f9dbe57_64,1,primary,nearest,0.35860286631686117,
bbbc041,site_a,533c47c9-02a6-419b-961b-81797f022f6c_37,1,primary,centre,0.40871858947660694,
bbbc041,site_a,533c47c9-02a6-419b-961b-81797f022f6c_56,1,primary,centre,0.6342950624628197,
bbbc041,site_a,533c47c9-02a6-419b-961b-81797f022f6c_64,1,primary,centre,0.80545130418465,
bbbc041,site_a,9c48fdf4-621d-4f40-bcd7-6a28cd530de7_48,1,primary,centre,0.5464498299319728,
bbbc041,site_a,9c48fdf4-621d-4f40-bcd7-6a28cd530de7_56,1,primary,nearest,0.5027619107400665,
bbbc041,site_a,9c48fdf4-621d-4f40-bcd7-6a28cd530de7_57,1,primary,nearest,0.1560744265979245,
bbbc041,site_a,1976cd04-d24f-457c-b423-7e4cdb05de9e_69,1,primary,centre,0.7562210648148148,
bbbc041,site_a,db7c5ec1-fefe-4e9d-83c1-da8fb982f1e2_8,1,primary,centre,0.40241689650166934,
bbbc041,site_a,db7c5ec1-fefe-4e9d-83c1-da8fb982f1e2_25,1,primary,centre,0.4254191321499014,
bbbc041,site_a,04fb49a2-07b8-4cdf-b6f7-df5c3688e5f8_4,1,primary,centre,0.44135214681440443,
bbbc041,site_a,04fb49a2-07b8-4cdf-b6f7-df5c3688e5f8_14,1,primary,centre,0.43575804292263376,
bbbc041,site_a,04fb49a2-07b8-4cdf-b6f7-df5c3688e5f8_31,1,primary,centre,0.4021871665904588,
bbbc041,site_a,04fb49a2-07b8-4cdf-b6f7-df5c3688e5f8_51,1,primary,centre,0.5738263098862362,
bbbc041,site_a,6695a204-e39c-4418-b904-3f080fdbe7e8_31,1,primary,centre,0.5716202270381837,
bbbc041,site_a,6695a204-e39c-4418-b904-3f080fdbe7e8_42,1,primary,centre,0.4628722970216238,
bbbc041,site_a,6695a204-e39c-4418-b904-3f080fdbe7e8_49,1,primary,centre,0.5580974376580007,
bbbc041,site_a,6695a204-e39c-4418-b904-3f080fdbe7e8_54,1,primary,nearest,0.3818341598141987,
bbbc041,site_a,6695a204-e39c-4418-b904-3f080fdbe7e8_68,1,primary,centre,0.45971792225662195,
bbbc041,site_a,6695a204-e39c-4418-b904-3f080fdbe7e8_70,1,primary,centre,0.5971837294588618,
bbbc041,site_a,0d7bf56f-3b5a-40bd-971c-2ca33dd89b2c_65,1,primary,centre,0.6825470793015542,
bbbc041,site_a,0d7bf56f-3b5a-40bd-971c-2ca33dd89b2c_70,1,primary,centre,0.5731214753848499,
bbbc041,site_a,0d7bf56f-3b5a-40bd-971c-2ca33dd89b2c_71,1,primary,centre,0.8710074485544754,
bbbc041,site_a,0d7bf56f-3b5a-40bd-971c-2ca33dd89b2c_72,1,primary,nearest,0.4566096708953852,
bbbc041,site_a,0d7bf56f-3b5a-40bd-971c-2ca33dd89b2c_73,1,primary,centre,0.2604241231209735,
bbbc041,site_a,63ed5931-d93e-4f9b-a6f3-152713cb560e_36,1,primary,centre,0.4026360544217687,
bbbc041,site_a,f62d4fb6-df7c-446c-94a8-d5aede0b1e0c_54,1,primary,centre,0.4339098598661785,
bbbc041,site_a,f62d4fb6-df7c-446c-94a8-d5aede0b1e0c_83,1,primary,centre,0.6234053507751568,
bbbc041,site_a,9eb66577-7857-43dc-a879-8f2c9d7f780f_76,1,primary,centre,0.5828460038986355,
bbbc041,site_a,9eb66577-7857-43dc-a879-8f2c9d7f780f_77,1,primary,centre,0.6973403444596861,
bbbc041,site_a,9eb66577-7857-43dc-a879-8f2c9d7f780f_79,1,primary,centre,0.65337714494341,
bbbc041,site_a,9eb66577-7857-43dc-a879-8f2c9d7f780f_90,1,primary,nearest,0.4819607204861111,
bbbc041,site_a,b8a4d467-c40c-4ebf-91dd-1c19d0f2a7ae_62,1,primary,nearest,0.42441358024691356,
bbbc041,site_a,b8a4d467-c40c-4ebf-91dd-1c19d0f2a7ae_63,1,primary,centre,0.7197916012805222,
bbbc041,site_a,b8a4d467-c40c-4ebf-91dd-1c19d0f2a7ae_64,1,primary,centre,0.5686226166995397,
bbbc041,site_a,b8a4d467-c40c-4ebf-91dd-1c19d0f2a7ae_65,1,primary,centre,0.8045936766919926,
bbbc041,site_a,b8a4d467-c40c-4ebf-91dd-1c19d0f2a7ae_66,1,primary,centre,0.41713660466290714,
bbbc041,site_a,b8a4d467-c40c-4ebf-91dd-1c19d0f2a7ae_67,1,primary,centre,0.49139122117121903,
bbbc041,site_a,9258fe22-6406-4d00-b6f0-3f9492925405_5,1,primary,centre,0.4285298059553639,
bbbc041,site_a,25cfca07-2101-484f-b312-a927395f2651_59,1,primary,centre,0.47210743801652894,
bbbc041,site_a,07346d2e-a6e6-4dc0-95f1-9f7d8d7e3f66_14,1,primary,centre,0.3777153018069973,
bbbc041,site_a,f4722a74-35e7-42bd-8ef6-dfff04b9cd22_67,1,primary,centre,0.437153849405995,
bbbc041,site_a,a6526894-e290-482d-ac43-f1df34864817_50,1,primary,centre,0.25641482537419813,
bbbc041,site_a,3911fcd2-4e26-4ad9-aaf0-d1c5bf41defc_82,1,primary,centre,0.5565040420600373,
bbbc041,site_a,3911fcd2-4e26-4ad9-aaf0-d1c5bf41defc_85,1,primary,centre,0.7801730103806228,
bbbc041,site_a,d31dd2c0-ae8e-4499-86bb-7cabb6e438b9_8,1,primary,centre,0.4868827160493827,
bbbc041,site_a,318de807-7232-4ab1-843e-a901547c0125_32,1,primary,centre,0.46345029239766083,
bbbc041,site_a,0154dd8e-72f8-4d78-a4dd-93e139577bd1_68,1,primary,centre,0.6755555555555556,
bbbc041,site_a,eef2ac0b-42de-4bc3-a3c3-d5fcd597fbe4_17,1,primary,centre,0.4523046691443462,
bbbc041,site_a,eef2ac0b-42de-4bc3-a3c3-d5fcd597fbe4_19,1,primary,centre,0.4800314465408805,
bbbc041,site_a,67f5ca94-d84e-490e-bf0d-4ffba7bdbe30_37,1,primary,centre,0.4191539365452409,
bbbc041,site_a,d1924af6-7512-4ccc-9c6b-adbbaa8db41f_33,1,primary,centre,0.5913679081099895,
bbbc041,site_a,d1924af6-7512-4ccc-9c6b-adbbaa8db41f_45,1,primary,centre,0.3845884301732926,
bbbc041,site_a,d1924af6-7512-4ccc-9c6b-adbbaa8db41f_46,1,primary,centre,0.7377892930919786,
bbbc041,site_a,d1924af6-7512-4ccc-9c6b-adbbaa8db41f_47,1,primary,centre,0.6727114514444831,
bbbc041,site_a,d1924af6-7512-4ccc-9c6b-adbbaa8db41f_48,1,primary,centre,0.6527814686863318,
bbbc041,site_a,6231d81d-9e84-4a5a-8cb8-47c6a37a0176_106,1,primary,centre,0.5932319428822925,
bbbc041,site_a,6231d81d-9e84-4a5a-8cb8-47c6a37a0176_109,1,primary,centre,0.35435759209344114,
bbbc041,site_a,877d5e7f-19b6-40e7-81bd-c92f25e72503_60,1,primary,centre,0.4404652586470768,
bbbc041,site_a,877d5e7f-19b6-40e7-81bd-c92f25e72503_66,1,primary,centre,0.4623702422145329,
bbbc041,site_a,f632981c-1330-4078-8a12-691beb2dab02_34,1,primary,centre,0.4571179951270449,
bbbc041,site_a,f632981c-1330-4078-8a12-691beb2dab02_42,1,primary,nearest,0.3844943576388889,
bbbc041,site_a,f632981c-1330-4078-8a12-691beb2dab02_45,1,primary,centre,0.3560964083175803,
bbbc041,site_a,f632981c-1330-4078-8a12-691beb2dab02_51,1,primary,centre,0.5978332672744088,
bbbc041,site_a,244ac6fa-8a92-4214-9cf4-ae0811d9ec7e_6,1,primary,centre,0.41741352201257864,
bbbc041,site_a,244ac6fa-8a92-4214-9cf4-ae0811d9ec7e_17,1,primary,centre,0.4115988416399939,
bbbc041,site_a,244ac6fa-8a92-4214-9cf4-ae0811d9ec7e_35,1,primary,centre,0.4847360431776016,
bbbc041,site_a,9bd40bc6-4949-42d3-b38f-d60422932f65_21,1,primary,centre,0.2818546914932457,
bbbc041,site_a,255d5f0c-87fc-4337-bb51-07c440df4f1b_33,1,primary,centre,0.5729855860113422,
bbbc041,site_a,255d5f0c-87fc-4337-bb51-07c440df4f1b_52,1,primary,centre,0.4814061654948621,
bbbc041,site_a,255d5f0c-87fc-4337-bb51-07c440df4f1b_53,1,primary,centre,0.31943338263738763,
bbbc041,site_a,00c8364b-8c85-4502-bcfe-64736fe76815_1,1,primary,centre,0.5652032871972318,
bbbc041,site_a,00c8364b-8c85-4502-bcfe-64736fe76815_2,1,primary,centre,0.48978814205151655,
bbbc041,site_a,84ee2ea3-9edd-4672-a1b3-f09c607d833a_2,1,primary,centre,0.48462398658093375,
bbbc041,site_a,84ee2ea3-9edd-4672-a1b3-f09c607d833a_45,1,primary,centre,0.5948407254991617,
bbbc041,site_a,441d7843-b20b-4c10-84e3-e6d32621e880_62,1,primary,centre,0.41382593791658734,
bbbc041,site_a,441d7843-b20b-4c10-84e3-e6d32621e880_64,1,primary,centre,0.6754084094774732,
bbbc041,site_a,cb08956d-dd6a-4e13-817b-40a0a93068f1_7,1,primary,centre,0.5050509148444156,
bbbc041,site_a,cb08956d-dd6a-4e13-817b-40a0a93068f1_13,1,primary,centre,0.35777777777777775,
bbbc041,site_a,cb08956d-dd6a-4e13-817b-40a0a93068f1_16,1,primary,centre,0.29180148922069316,
bbbc041,site_a,cb08956d-dd6a-4e13-817b-40a0a93068f1_56,1,primary,nearest,0.4236653645833333,
bbbc041,site_a,b9de8b1a-f96a-4eb5-bc05-84ad43a054f3_32,1,primary,centre,0.5365774475146093,
bbbc041,site_a,1012abf2-cb05-4337-86c5-513ec4ca904d_7,1,primary,centre,0.43128711179460893,
bbbc041,site_a,1012abf2-cb05-4337-86c5-513ec4ca904d_31,1,primary,centre,0.4933103669283769,
bbbc041,site_a,de5d19b7-e670-4ac7-843b-7ce7bcebdf45_74,1,primary,centre,0.7611339600470035,
bbbc041,site_a,de5d19b7-e670-4ac7-843b-7ce7bcebdf45_75,1,primary,centre,0.5857553155006858,
bbbc041,site_a,de5d19b7-e670-4ac7-843b-7ce7bcebdf45_76,1,primary,centre,0.48396776406035663,
bbbc041,site_a,de5d19b7-e670-4ac7-843b-7ce7bcebdf45_77,1,primary,centre,0.7694168576521517,
bbbc041,site_a,f1cda808-69a9-4d10-ba0a-6607c98e362d_34,1,primary,nearest,0.2222387467777117,
bbbc041,site_a,f1cda808-69a9-4d10-ba0a-6607c98e362d_35,1,primary,nearest,0.1601841172198727,
bbbc041,site_a,f1cda808-69a9-4d10-ba0a-6607c98e362d_36,1,primary,centre,0.7012650510592897,
bbbc041,site_a,f1cda808-69a9-4d10-ba0a-6607c98e362d_37,1,primary,nearest,0.49363636363636365,
bbbc041,site_a,f1cda808-69a9-4d10-ba0a-6607c98e362d_38,1,primary,centre,0.6983691510440482,
bbbc041,site_a,f1cda808-69a9-4d10-ba0a-6607c98e362d_39,1,primary,centre,0.7726176697530864,
bbbc041,site_a,f1cda808-69a9-4d10-ba0a-6607c98e362d_40,1,primary,centre,0.7405960648148148,
bbbc041,site_a,4767bfcc-fe87-4962-8c40-6ce8d9363cdf_22,1,primary,centre,0.339914294459749,
bbbc041,site_a,259da25f-40f3-4d37-bca9-a9c807af1547_0,1,primary,centre,0.4937248543805921,
bbbc041,site_a,259da25f-40f3-4d37-bca9-a9c807af1547_15,1,primary,centre,0.6001123001717532,
bbbc041,site_a,259da25f-40f3-4d37-bca9-a9c807af1547_23,1,primary,centre,0.6849586776859504,
bbbc041,site_a,259da25f-40f3-4d37-bca9-a9c807af1547_28,1,primary,centre,0.5121913580246914,
bbbc041,site_a,259da25f-40f3-4d37-bca9-a9c807af1547_29,1,primary,centre,0.49429362880886424,
bbbc041,site_a,259da25f-40f3-4d37-bca9-a9c807af1547_30,1,primary,centre,0.48239282056284444,
bbbc041,site_a,259da25f-40f3-4d37-bca9-a9c807af1547_31,1,primary,centre,0.5254310784613815,
bbbc041,site_a,259da25f-40f3-4d37-bca9-a9c807af1547_32,1,primary,centre,0.5829149315883403,
bbbc041,site_a,259da25f-40f3-4d37-bca9-a9c807af1547_33,1,primary,centre,0.6009349030470914,
bbbc041,site_a,0d2aba33-6920-4001-bd54-59fe0bf9f50e_31,1,primary,centre,0.3578437132784959,
bbbc041,site_a,0d2aba33-6920-4001-bd54-59fe0bf9f50e_44,1,primary,centre,0.24818840579710144,
bbbc041,site_a,b4bde4e8-f48b-4ae2-be01-86d8c91d0af9_11,1,primary,centre,0.466315374766079,
bbbc041,site_a,b4bde4e8-f48b-4ae2-be01-86d8c91d0af9_35,1,primary,centre,0.5255102040816326,
bbbc041,site_a,b4bde4e8-f48b-4ae2-be01-86d8c91d0af9_36,1,primary,centre,0.5091732094215671,
bbbc041,site_a,fa1f9f89-cecb-4972-842c-d14c632f89a9_58,1,primary,centre,0.649112426035503,
bbbc041,site_a,fa1f9f89-cecb-4972-842c-d14c632f89a9_63,1,primary,centre,0.5739520958083832,
bbbc041,site_a,a0eedcb9-b85c-4612-b945-7e8227f53c35_3,1,primary,centre,0.448596564725597,
bbbc041,site_a,a0eedcb9-b85c-4612-b945-7e8227f53c35_43,1,primary,centre,0.5459111111111111,
bbbc041,site_a,4fc9a597-aaa8-43b0-ad1c-2eabbe442e84_79,1,primary,centre,0.5622761091209699,
bbbc041,site_a,4fc9a597-aaa8-43b0-ad1c-2eabbe442e84_80,1,primary,centre,0.661436004162331,
bbbc041,site_a,4fc9a597-aaa8-43b0-ad1c-2eabbe442e84_81,1,primary,centre,0.6121572420070542,
bbbc041,site_a,4fc9a597-aaa8-43b0-ad1c-2eabbe442e84_82,1,primary,centre,0.7202481265014881,
bbbc041,site_a,4fc9a597-aaa8-43b0-ad1c-2eabbe442e84_83,1,primary,centre,0.5299111111111111,
bbbc041,site_a,4fc9a597-aaa8-43b0-ad1c-2eabbe442e84_84,1,primary,centre,0.6191689141943861,
bbbc041,site_a,4fc9a597-aaa8-43b0-ad1c-2eabbe442e84_89,1,primary,centre,0.7664901299951854,
bbbc041,site_a,4fc9a597-aaa8-43b0-ad1c-2eabbe442e84_94,1,primary,centre,0.7308207115181402,
bbbc041,site_a,a4fbb9f2-9b75-4fdc-877d-2feaafac25b3_64,1,primary,centre,0.4214009518143962,
bbbc041,site_a,a6ba808f-ec60-42a5-ad91-7b32412ab708_56,1,primary,centre,0.3306048426624841,
bbbc041,site_a,a9159b11-ba49-4885-902e-00c8d5095b98_52,1,primary,centre,0.5483985260770975,
bbbc041,site_a,a9159b11-ba49-4885-902e-00c8d5095b98_81,1,primary,centre,0.39589306797099005,
bbbc041,site_a,a9159b11-ba49-4885-902e-00c8d5095b98_82,1,primary,centre,0.8086342285488902,
bbbc041,site_a,a9159b11-ba49-4885-902e-00c8d5095b98_83,1,primary,centre,0.5636698466368796,
bbbc041,site_a,a9159b11-ba49-4885-902e-00c8d5095b98_84,1,primary,centre,0.6588909295249582,
bbbc041,site_a,a9159b11-ba49-4885-902e-00c8d5095b98_85,1,primary,centre,0.3695652173913043,
bbbc041,site_a,516bf1d5-5d00-4985-926c-3993e9bc3ff5_32,1,primary,centre,0.3518636003172086,
bbbc041,site_a,452482bc-24a3-413e-ba03-fad4c9d61f3c_9,1,primary,centre,0.39334126040428063,
bbbc041,site_a,452482bc-24a3-413e-ba03-fad4c9d61f3c_10,1,primary,centre,0.3699609375,
bbbc041,site_a,45f18ac0-f097-4b20-a99d-8837cf488822_54,1,primary,centre,0.5650627543517663,
bbbc041,site_a,bb2042c5-35e1-43cc-8171-7de81b764361_57,1,primary,centre,0.46643691938867243,
bbbc041,site_a,027ab174-e47a-44f8-b85b-372449eeb7d8_23,1,primary,centre,0.3525998407099784,
bbbc041,site_a,f8242b97-b8d5-48b5-b808-0b0f75a5de97_20,1,primary,centre,0.36449888908905304,
bbbc041,site_a,5836500a-221e-40ca-a8be-caaa37f7d300_89,1,primary,centre,0.5404166666666667,
bbbc041,site_a,749df49e-5212-49ea-9e88-7d66f258f1df_36,1,primary,centre,0.5854916672678739,
bbbc041,site_a,749df49e-5212-49ea-9e88-7d66f258f1df_54,1,primary,centre,0.48654114801609644,
bbbc041,site_a,17c06a23-bb77-49cb-9ffb-fbfc75fcc715_24,1,primary,centre,0.523604668562023,
bbbc041,site_a,81fed4a1-9d48-4938-90c9-c8bf3f5e6b1f_39,1,primary,centre,0.4775510204081633,
bbbc041,site_a,4a0a05e1-11ad-4bfc-bfa3-adf3b9bd0b56_75,1,primary,centre,0.8343555900621118,
bbbc041,site_a,4a0a05e1-11ad-4bfc-bfa3-adf3b9bd0b56_80,1,primary,centre,0.6956016838438089,
bbbc041,site_a,4a0a05e1-11ad-4bfc-bfa3-adf3b9bd0b56_81,1,primary,centre,0.7525654372397382,
bbbc041,site_a,4a0a05e1-11ad-4bfc-bfa3-adf3b9bd0b56_82,1,primary,centre,0.7609039258404887,
bbbc041,site_a,cfe6086f-eb0b-4cb0-a430-8cd7de6556e2_35,1,primary,centre,0.6075028869261259,
bbbc041,site_a,cfe6086f-eb0b-4cb0-a430-8cd7de6556e2_38,1,primary,centre,0.4719758064516129,
bbbc041,site_a,cfe6086f-eb0b-4cb0-a430-8cd7de6556e2_44,1,primary,centre,0.5218359375,
bbbc041,site_a,cfe6086f-eb0b-4cb0-a430-8cd7de6556e2_45,1,primary,centre,0.4914000687994496,
bbbc041,site_a,cfe6086f-eb0b-4cb0-a430-8cd7de6556e2_50,1,primary,centre,0.5863000581375466,
bbbc041,site_a,cfe6086f-eb0b-4cb0-a430-8cd7de6556e2_55,1,primary,centre,0.472715318869165,
bbbc041,site_a,cfe6086f-eb0b-4cb0-a430-8cd7de6556e2_56,1,primary,centre,0.4769485541095783,
bbbc041,site_a,cfe6086f-eb0b-4cb0-a430-8cd7de6556e2_57,1,primary,centre,0.6547807974608213,
bbbc041,site_a,aa2dfa24-2dc3-4279-a232-f84780ace190_16,1,primary,centre,0.47107919254658387,
bbbc041,site_a,aa2dfa24-2dc3-4279-a232-f84780ace190_30,1,primary,centre,0.5970735896419607,
bbbc041,site_a,aa2dfa24-2dc3-4279-a232-f84780ace190_40,1,primary,nearest,0.5559340659340659,
bbbc041,site_a,aa2dfa24-2dc3-4279-a232-f84780ace190_41,1,primary,centre,0.6536025060911939,
bbbc041,site_a,dfac6c92-8f0f-429a-8caf-9b7732bf78da_2,1,primary,centre,0.5145333333333333,
bbbc041,site_a,dfac6c92-8f0f-429a-8caf-9b7732bf78da_4,1,primary,centre,0.48912108703130375,
bbbc041,site_a,3de03fa2-3ad3-43fc-8435-b2a80bdd7550_5,1,primary,centre,0.43914799573235785,
bbbc041,site_a,3de03fa2-3ad3-43fc-8435-b2a80bdd7550_11,1,primary,centre,0.4465803750694177,
bbbc041,site_a,3de03fa2-3ad3-43fc-8435-b2a80bdd7550_16,1,primary,centre,0.4494901144640999,
bbbc041,site_a,b2e34f5f-904e-4473-9dc7-c6bc1ce12640_95,1,primary,centre,0.6571548615244565,
bbbc041,site_a,b2e34f5f-904e-4473-9dc7-c6bc1ce12640_96,1,primary,centre,0.46547000472366556,
bbbc041,site_a,d6942996-5664-4370-ad87-2bdcbd49ac16_85,1,primary,centre,0.2556694878472222,
bbbc041,site_a,d6942996-5664-4370-ad87-2bdcbd49ac16_86,1,primary,centre,0.6895065398335315,
bbbc041,site_a,2fdbd9bc-bbaf-44c2-b40c-d193709639fa_59,1,primary,centre,0.5070505287896592,
bbbc041,site_a,4d88e2d2-5aad-410c-9bbc-702ee9496995_32,1,primary,centre,0.41169499364088336,
bbbc041,site_a,4d88e2d2-5aad-410c-9bbc-702ee9496995_50,1,primary,centre,0.5238775510204081,
bbbc041,site_a,205306da-0ed8-475a-ace6-f2f81d4be88a_99,1,primary,centre,0.4839952256944444,
bbbc041,site_a,003a89b0-a095-417a-8dd6-f408339bbc68_0,1,primary,centre,0.3551758938869666,
bbbc041,site_a,fe0c5e48-f65e-488c-9c3c-1ea7c7835c0c_0,1,primary,centre,0.43676745789421845,
bbbc041,site_a,fe0c5e48-f65e-488c-9c3c-1ea7c7835c0c_9,1,primary,centre,0.4610116873630387,
bbbc041,site_a,fe0c5e48-f65e-488c-9c3c-1ea7c7835c0c_11,1,primary,centre,0.46358878656334945,
bbbc041,site_a,fe0c5e48-f65e-488c-9c3c-1ea7c7835c0c_37,1,primary,centre,0.6443704474505724,
bbbc041,site_a,8d56197c-21d7-4cb6-92df-80637efd129b_10,1,primary,centre,0.30887641002906263,
bbbc041,site_a,56a57a8d-c9b9-432a-a3b0-32a09355806c_107,1,primary,centre,0.7076123450413223,
bbbc041,site_a,e3e9c2de-0a24-4c7e-8a69-3d3093d5bdab_95,1,primary,centre,0.536594345825115,
bbbc041,site_a,1d9d4dac-66f9-4c87-b714-d723d5b15fa9_19,1,primary,centre,0.5455877415219316,
bbbc041,site_a,1d9d4dac-66f9-4c87-b714-d723d5b15fa9_23,1,primary,centre,0.411272068809416,
bbbc041,site_a,1d9d4dac-66f9-4c87-b714-d723d5b15fa9_37,1,primary,centre,0.5118178882789797,
bbbc041,site_a,b834cbf7-ff97-49d9-9561-566c9343735c_47,1,primary,centre,0.5042283014309109,
bbbc041,site_a,674b0fd3-f247-4b7f-97f7-3e6c57c9ba9e_110,1,primary,centre,0.735062893081761,
bbbc041,site_a,f8b14fc4-dd6b-4ad0-a96d-c62845f48681_19,1,primary,centre,0.472383509943388,
bbbc041,site_a,3b601a1b-26d8-4873-afcf-fdd1b1e0010c_21,1,primary,centre,0.48534475518602505,
bbbc041,site_a,b426ef1d-4a59-4f90-b593-50226af60a60_58,1,primary,centre,0.6163126764350048,
bbbc041,site_a,b426ef1d-4a59-4f90-b593-50226af60a60_59,1,primary,centre,0.617603550295858,
bbbc041,site_a,b426ef1d-4a59-4f90-b593-50226af60a60_67,1,primary,centre,0.6816650230111768,
bbbc041,site_a,d79b4e90-c45d-4f5d-a498-49c3e323c291_91,1,primary,centre,0.6917808219178082,
bbbc041,site_a,d79b4e90-c45d-4f5d-a498-49c3e323c291_92,1,primary,centre,0.5226467490184813,
bbbc041,site_a,5939f341-a886-4f63-ae87-2219d000a1d4_52,1,primary,centre,0.3500644092749356,
bbbc041,site_a,79806898-0214-44bd-ba2c-b570e911be62_36,1,primary,centre,0.31852249992534865,
bbbc041,site_a,8f96ee1f-4ef7-4279-a610-316319bedcf9_44,1,primary,centre,0.4010429348267186,
bbbc041,site_a,7bde7de1-889b-4218-b0e1-e2c04f6a7986_38,1,primary,nearest,0.3712797619047619,
bbbc041,site_a,7bde7de1-889b-4218-b0e1-e2c04f6a7986_40,1,primary,centre,0.6605993748850891,
bbbc041,site_a,7bde7de1-889b-4218-b0e1-e2c04f6a7986_55,1,primary,centre,0.5480646114448932,
bbbc041,site_a,7bde7de1-889b-4218-b0e1-e2c04f6a7986_63,1,primary,centre,0.6820916711736074,
bbbc041,site_a,2aeb7b85-7df9-4a63-8d37-2eecaaa190e7_44,1,primary,centre,0.4892039800995025,
bbbc041,site_a,2aeb7b85-7df9-4a63-8d37-2eecaaa190e7_45,1,primary,centre,0.49240377109229566,
bbbc041,site_a,2aeb7b85-7df9-4a63-8d37-2eecaaa190e7_46,1,primary,centre,0.6346267553584627,
bbbc041,site_a,2aeb7b85-7df9-4a63-8d37-2eecaaa190e7_47,1,primary,centre,0.5471626297577855,
bbbc041,site_a,f7cced00-9b41-45ec-9fdf-fb9e1a74da90_2,1,primary,centre,0.4101103208012774,
bbbc041,site_a,f7cced00-9b41-45ec-9fdf-fb9e1a74da90_3,1,primary,centre,0.5213454681929067,
bbbc041,site_a,f7cced00-9b41-45ec-9fdf-fb9e1a74da90_20,1,primary,centre,0.4691027926322044,
bbbc041,site_a,17ef5841-bd19-4610-ba47-7d321231847b_19,1,primary,centre,0.33526947248143213,
bbbc041,site_a,17ef5841-bd19-4610-ba47-7d321231847b_43,1,primary,centre,0.286827367908449,
bbbc041,site_a,fbcb2ef0-3c97-4d7a-8b96-0147c73f3941_1,1,primary,centre,0.4339338081273565,
bbbc041,site_a,fbcb2ef0-3c97-4d7a-8b96-0147c73f3941_12,1,primary,centre,0.4482129092458112,
bbbc041,site_a,fbcb2ef0-3c97-4d7a-8b96-0147c73f3941_20,1,primary,centre,0.5451910691283813,
bbbc041,site_a,5a631871-2fc7-4a68-9c39-f3b9a0bf4a04_56,1,primary,centre,0.6968891599860578,
bbbc041,site_a,5a631871-2fc7-4a68-9c39-f3b9a0bf4a04_114,1,primary,centre,0.7842384887839433,
bbbc041,site_a,5a631871-2fc7-4a68-9c39-f3b9a0bf4a04_115,1,primary,centre,0.3531701433622982,
bbbc041,site_a,04d21589-b777-43c2-86b5-038cbf8c3a4e_58,1,primary,centre,0.5908500649285786,
bbbc041,site_a,04d21589-b777-43c2-86b5-038cbf8c3a4e_61,1,primary,centre,0.3848297213622291,
bbbc041,site_a,04d21589-b777-43c2-86b5-038cbf8c3a4e_81,1,primary,nearest,0.4213855729007244,
bbbc041,site_a,04d21589-b777-43c2-86b5-038cbf8c3a4e_82,1,primary,centre,0.5474675324675324,
bbbc041,site_a,04d21589-b777-43c2-86b5-038cbf8c3a4e_83,1,primary,centre,0.5581662117795974,
bbbc041,site_a,04d21589-b777-43c2-86b5-038cbf8c3a4e_85,1,primary,centre,0.8021551033488223,
bbbc041,site_a,56adbb1e-96a8-40a5-a5a2-243c97ea889b_50,1,primary,centre,0.5827163442401083,
bbbc041,site_a,56adbb1e-96a8-40a5-a5a2-243c97ea889b_75,1,primary,centre,0.31269220016773835,
bbbc041,site_a,56adbb1e-96a8-40a5-a5a2-243c97ea889b_76,1,primary,centre,0.71054625031563,
bbbc041,site_a,5c68070c-3391-4db6-8c01-94175105dbea_29,1,primary,centre,0.6099579039047758,
bbbc041,site_a,5c68070c-3391-4db6-8c01-94175105dbea_61,1,primary,nearest,0.25538050964187325,
bbbc041,site_a,5c68070c-3391-4db6-8c01-94175105dbea_62,1,primary,centre,0.5828979763405993,
bbbc041,site_a,5c68070c-3391-4db6-8c01-94175105dbea_63,1,primary,centre,0.6786005711954305,
bbbc041,site_a,5c68070c-3391-4db6-8c01-94175105dbea_64,1,primary,centre,0.6266463812214736,
bbbc041,site_a,5c68070c-3391-4db6-8c01-94175105dbea_65,1,primary,centre,0.7002942412778478,
bbbc041,site_a,5c68070c-3391-4db6-8c01-94175105dbea_66,1,primary,centre,0.5131293402777778,
bbbc041,site_a,5c68070c-3391-4db6-8c01-94175105dbea_67,1,primary,centre,0.4182473294074697,
bbbc041,site_a,af2e63a3-9fde-46aa-a867-81c5c259d1dc_24,1,primary,centre,0.5514379648249226,
bbbc041,site_a,af2e63a3-9fde-46aa-a867-81c5c259d1dc_36,1,primary,centre,0.6728776101204085,
bbbc041,site_a,af2e63a3-9fde-46aa-a867-81c5c259d1dc_37,1,primary,nearest,0.38639617559271033,
bbbc041,site_a,af2e63a3-9fde-46aa-a867-81c5c259d1dc_38,1,primary,nearest,0.49740484429065746,
bbbc041,site_a,af2e63a3-9fde-46aa-a867-81c5c259d1dc_39,1,primary,centre,0.39465303865296236,
bbbc041,site_a,af2e63a3-9fde-46aa-a867-81c5c259d1dc_40,1,primary,centre,0.5679945856379379,
bbbc041,site_a,af2e63a3-9fde-46aa-a867-81c5c259d1dc_41,1,primary,nearest,0.5241625169760072,
bbbc041,site_a,71cf2467-77d3-4fac-ac6e-1d8767717c34_23,1,primary,centre,0.29137892626420137,
bbbc041,site_a,8a4aadac-cf5c-4a79-b875-271b3fbfd230_25,1,primary,centre,0.48832038725655746,
bbbc041,site_a,8a4aadac-cf5c-4a79-b875-271b3fbfd230_26,1,primary,centre,0.40436259234620636,
bbbc041,site_a,6fd30823-3b77-40c9-ba5d-e1eda9660674_1,1,primary,centre,0.28280864197530864,
bbbc041,site_a,6fd30823-3b77-40c9-ba5d-e1eda9660674_2,1,primary,centre,0.5238943406371824,
bbbc041,site_a,b34e65f6-c32e-42f1-a437-4a037c75a231_47,1,primary,centre,0.4367161278925985,
bbbc041,site_a,f05ffdca-dc3a-47bd-a231-2a0d9bd1d50e_44,1,primary,centre,0.4182564458318881,
bbbc041,site_a,eb86033f-4f1c-4e8c-ae84-e8e4c7e08626_19,1,primary,centre,0.671186282732271,
bbbc041,site_a,eb86033f-4f1c-4e8c-ae84-e8e4c7e08626_41,1,primary,centre,0.6541516012396694,
bbbc041,site_a,eb86033f-4f1c-4e8c-ae84-e8e4c7e08626_45,1,primary,centre,0.5427775844065437,
bbbc041,site_a,eb86033f-4f1c-4e8c-ae84-e8e4c7e08626_55,1,primary,centre,0.6555139062427692,
bbbc041,site_a,eb86033f-4f1c-4e8c-ae84-e8e4c7e08626_57,1,primary,nearest,0.3661785128140386,
bbbc041,site_a,eb86033f-4f1c-4e8c-ae84-e8e4c7e08626_58,1,primary,nearest,0.4661111111111111,
bbbc041,site_a,db249e5a-4142-432c-8288-bacd10d7273d_60,1,primary,nearest,0.45209750566893425,
bbbc041,site_a,db249e5a-4142-432c-8288-bacd10d7273d_110,1,primary,centre,0.7030222790357925,
bbbc041,site_a,db249e5a-4142-432c-8288-bacd10d7273d_111,1,primary,centre,0.6883454966180135,
bbbc041,site_a,e3ade58d-086c-47fa-9120-76beacb45395_67,1,primary,centre,0.5755266832614899,
bbbc041,site_a,252071ac-e9f2-41d2-abbb-87ef01b8a997_122,1,primary,centre,0.6229450113378685,
bbbc041,site_a,252071ac-e9f2-41d2-abbb-87ef01b8a997_127,1,primary,nearest,0.6922554347826086,
bbbc041,site_a,252071ac-e9f2-41d2-abbb-87ef01b8a997_128,1,primary,nearest,0.23668639053254437,
bbbc041,site_a,252071ac-e9f2-41d2-abbb-87ef01b8a997_129,1,primary,nearest,0.6735047328973693,
bbbc041,site_a,bf20d04d-ff8a-4910-91d7-94054c267d1b_35,1,primary,centre,0.4836122411242604,
bbbc041,site_a,550cf4ce-b641-44a3-8487-3e16d4049187_8,1,primary,centre,0.42622770919067215,
bbbc041,site_a,550cf4ce-b641-44a3-8487-3e16d4049187_49,1,primary,centre,0.7143705967235379,
bbbc041,site_a,550cf4ce-b641-44a3-8487-3e16d4049187_61,1,primary,centre,0.5403262008080203,
bbbc041,site_a,550cf4ce-b641-44a3-8487-3e16d4049187_62,1,primary,centre,0.6722383720930233,
bbbc041,site_a,550cf4ce-b641-44a3-8487-3e16d4049187_63,1,primary,centre,0.6208115962326249,
bbbc041,site_a,550cf4ce-b641-44a3-8487-3e16d4049187_64,1,primary,centre,0.5217767295597484,
bbbc041,site_a,e871f52c-77a6-4813-80d4-95bd97985f1a_58,1,primary,centre,0.5363047751185108,
bbbc041,site_a,e871f52c-77a6-4813-80d4-95bd97985f1a_61,1,primary,centre,0.4624873221677037,
bbbc041,site_a,e871f52c-77a6-4813-80d4-95bd97985f1a_69,1,primary,centre,0.392219059703028,
bbbc041,site_a,2240b991-48f6-4c59-9b62-5a8b5e541fae_16,1,primary,centre,0.528984375,
bbbc041,site_a,2240b991-48f6-4c59-9b62-5a8b5e541fae_22,1,primary,centre,0.4715224534501643,
bbbc041,site_a,2240b991-48f6-4c59-9b62-5a8b5e541fae_47,1,primary,centre,0.6704166666666667,
bbbc041,site_a,2240b991-48f6-4c59-9b62-5a8b5e541fae_63,1,primary,centre,0.5995229426903521,
bbbc041,site_a,2240b991-48f6-4c59-9b62-5a8b5e541fae_64,1,primary,centre,0.6101185707418683,
bbbc041,site_a,2240b991-48f6-4c59-9b62-5a8b5e541fae_65,1,primary,centre,0.7242890178100532,
bbbc041,site_a,2374ae5b-c2df-4db5-afea-c54180aa22e3_27,1,primary,centre,0.5375983247872426,
bbbc041,site_a,2374ae5b-c2df-4db5-afea-c54180aa22e3_28,1,primary,centre,0.411032990805841,
bbbc041,site_a,2374ae5b-c2df-4db5-afea-c54180aa22e3_35,1,primary,centre,0.600938036728762,
bbbc041,site_a,2374ae5b-c2df-4db5-afea-c54180aa22e3_36,1,primary,nearest,0.4352908587257618,
bbbc041,site_a,2374ae5b-c2df-4db5-afea-c54180aa22e3_37,1,primary,centre,0.8091332393523858,
bbbc041,site_a,2374ae5b-c2df-4db5-afea-c54180aa22e3_39,1,primary,centre,0.5199418875579068,
bbbc041,site_a,2374ae5b-c2df-4db5-afea-c54180aa22e3_40,1,primary,centre,0.43437045844893646,
bbbc041,site_a,a065c50b-341d-4803-b4b0-0fe8f04fdbb5_16,1,primary,centre,0.4787399652025274,
bbbc041,site_a,a065c50b-341d-4803-b4b0-0fe8f04fdbb5_24,1,primary,centre,0.3792504461629982,
bbbc041,site_a,a065c50b-341d-4803-b4b0-0fe8f04fdbb5_27,1,primary,centre,0.5449950690335306,
bbbc041,site_a,a065c50b-341d-4803-b4b0-0fe8f04fdbb5_33,1,primary,centre,0.6543097151205259,
bbbc041,site_a,a065c50b-341d-4803-b4b0-0fe8f04fdbb5_34,1,primary,nearest,0.5359996617765188,
bbbc041,site_a,a065c50b-341d-4803-b4b0-0fe8f04fdbb5_35,1,primary,centre,0.7005356955288681,
bbbc041,site_a,a065c50b-341d-4803-b4b0-0fe8f04fdbb5_36,1,primary,centre,0.701797385620915,
bbbc041,site_a,a065c50b-341d-4803-b4b0-0fe8f04fdbb5_37,1,primary,centre,0.6833135156559651,
bbbc041,site_a,c4494d4f-732f-431a-8a9d-62403f0b74fe_12,1,primary,centre,0.42801133679735476,
bbbc041,site_a,c4494d4f-732f-431a-8a9d-62403f0b74fe_51,1,primary,centre,0.513539853811347,
bbbc041,site_a,0fcd1ebe-ee4a-40a0-b787-29cee18bfa1b_96,1,primary,centre,0.5393117901568415,
bbbc041,site_a,32a1ea24-b6b7-4253-ad3e-bdf99c2c9b9d_42,1,primary,centre,0.603972893967579,
bbbc041,site_a,46a03374-64c7-49ac-81c9-c3d62542bbf3_106,1,primary,centre,0.6263434439933127,
bbbc041,site_a,46a03374-64c7-49ac-81c9-c3d62542bbf3_107,1,primary,centre,0.7336841257483422,
bbbc041,site_a,46a03374-64c7-49ac-81c9-c3d62542bbf3_110,1,primary,centre,0.6303787428118184,
bbbc041,site_a,04c07425-57c7-415c-a0bc-36857bbd4049_22,1,primary,centre,0.34235707364341084,
bbbc041,site_a,b618e87e-6059-496f-b0f6-e158f676a1fb_17,1,primary,centre,0.47077317542199565,
bbbc041,site_a,b618e87e-6059-496f-b0f6-e158f676a1fb_18,1,primary,centre,0.39865051903114185,
bbbc041,site_a,ca734448-0d52-42fa-b41c-17b2939e58ae_87,1,primary,centre,0.4552433425160698,
bbbc041,site_a,5c5b7965-1a44-44b8-aa43-660823e61821_6,1,primary,centre,0.46690178209169503,
bbbc041,site_a,5c5b7965-1a44-44b8-aa43-660823e61821_19,1,primary,centre,0.6856470983455111,
bbbc041,site_a,5c5b7965-1a44-44b8-aa43-660823e61821_29,1,primary,centre,0.3907593933906745,
bbbc041,site_a,5c5b7965-1a44-44b8-aa43-660823e61821_30,1,primary,centre,0.5757617728531856,
bbbc041,site_a,5c5b7965-1a44-44b8-aa43-660823e61821_31,1,primary,centre,0.815333850931677,
bbbc041,site_a,5c5b7965-1a44-44b8-aa43-660823e61821_32,1,primary,centre,0.7120661157024794,
bbbc041,site_a,5c5b7965-1a44-44b8-aa43-660823e61821_33,1,primary,nearest,0.689778704879376,
bbbc041,site_a,29648565-fe28-4517-ba72-68df0c82c9c5_36,1,primary,centre,0.6200692041522491,
bbbc041,site_a,29648565-fe28-4517-ba72-68df0c82c9c5_56,1,primary,centre,0.6388936980609419,
bbbc041,site_a,29648565-fe28-4517-ba72-68df0c82c9c5_57,1,primary,nearest,0.022855361919850402,
bbbc041,site_a,9a25f103-1683-47d1-8b07-ac20fe0b3ee9_25,1,primary,centre,0.46300495506844713,
bbbc041,site_a,184b376b-03cb-4c2d-af51-fc1a62196293_17,1,primary,centre,0.4263091746962715,
bbbc041,site_a,3abbc4d3-1d7e-40c9-9963-33732da7cc50_54,1,primary,centre,0.4669161782360003,
bbbc041,site_a,b8dd6125-5027-47e2-a283-14e199274c80_24,1,primary,centre,0.3517926162868186,
bbbc041,site_a,a6f8a029-44ee-4fe3-b807-38d137347729_13,1,primary,centre,0.4470582359404655,
bbbc041,site_a,7029feb3-9ffe-46e4-9883-6a9df84f7b62_46,1,primary,centre,0.8360448162075051,
bbbc041,site_a,7029feb3-9ffe-46e4-9883-6a9df84f7b62_47,1,primary,centre,0.315434761297912,
bbbc041,site_a,7029feb3-9ffe-46e4-9883-6a9df84f7b62_48,1,primary,centre,0.41434422135650784,
bbbc041,site_a,7029feb3-9ffe-46e4-9883-6a9df84f7b62_49,1,primary,centre,0.5664328231292517,
bbbc041,site_a,7d4c2160-317f-48d1-a60a-788ec300b3e8_20,1,primary,centre,0.47079493707196385,
bbbc041,site_a,7d4c2160-317f-48d1-a60a-788ec300b3e8_21,1,primary,centre,0.4219084894231665,
bbbc041,site_a,1345dc89-a3d9-4b71-8a75-b3bff01ba518_26,1,primary,centre,0.46235795454545453,
bbbc041,site_a,340a1727-0df7-4e6f-9c0e-9c5deddbfca2_59,1,primary,centre,0.5067522106881969,
bbbc041,site_a,340a1727-0df7-4e6f-9c0e-9c5deddbfca2_62,1,primary,centre,0.5723617361010306,
bbbc041,site_a,36569710-a574-40be-ad42-897a6e74a128_77,1,primary,centre,0.7833521425395849,
bbbc041,site_a,36569710-a574-40be-ad42-897a6e74a128_78,1,primary,centre,0.7316720012193263,
bbbc041,site_a,36569710-a574-40be-ad42-897a6e74a128_79,1,primary,centre,0.00675525717139211,
bbbc041,site_a,36569710-a574-40be-ad42-897a6e74a128_80,1,primary,centre,0.5869706370391746,
bbbc041,site_a,36569710-a574-40be-ad42-897a6e74a128_81,1,primary,centre,0.8178478363022769,
bbbc041,site_a,367663b2-5d09-4020-ab0a-c2200e7a1c8c_1,1,primary,centre,0.4782660616192978,
bbbc041,site_a,367663b2-5d09-4020-ab0a-c2200e7a1c8c_3,1,primary,centre,0.43519888231426695,
bbbc041,site_a,367663b2-5d09-4020-ab0a-c2200e7a1c8c_21,1,primary,centre,0.4561592253899946,
bbbc041,site_a,367663b2-5d09-4020-ab0a-c2200e7a1c8c_23,1,primary,centre,0.5245999134948097,
bbbc041,site_a,e0ef520d-7b65-485d-9888-e6859f189f70_26,1,primary,centre,0.542318339100346,
bbbc041,site_a,a4851ed0-1499-4eae-9157-dcd34773254f_35,1,primary,centre,0.3835855409955779,
bbbc041,site_a,a4851ed0-1499-4eae-9157-dcd34773254f_36,1,primary,centre,0.4745380635624538,
bbbc041,site_a,ef83ed4c-2724-4d5f-8abe-1a18d25cea35_67,1,primary,centre,0.5305581063156821,
bbbc041,site_a,ef83ed4c-2724-4d5f-8abe-1a18d25cea35_101,1,primary,centre,0.7047042821631255,
bbbc041,site_a,ef83ed4c-2724-4d5f-8abe-1a18d25cea35_102,1,primary,centre,0.7384668747832119,
bbbc041,site_a,c84edeb4-311c-4e82-88f9-ae0505b3ad13_18,1,primary,centre,0.583753194596568,
bbbc041,site_a,c84edeb4-311c-4e82-88f9-ae0505b3ad13_30,1,primary,centre,0.6506973140495868,
bbbc041,site_a,c84edeb4-311c-4e82-88f9-ae0505b3ad13_39,1,primary,centre,0.5792864395504359,
bbbc041,site_a,c84edeb4-311c-4e82-88f9-ae0505b3ad13_40,1,primary,centre,0.43830898161555,
bbbc041,site_a,c84edeb4-311c-4e82-88f9-ae0505b3ad13_41,1,primary,centre,0.3480759949102716,
bbbc041,site_a,c84edeb4-311c-4e82-88f9-ae0505b3ad13_42,1,primary,centre,0.5413765978367748,
bbbc041,site_a,d7c7eb2c-2acd-4f86-8a5a-09ab3dd02d16_67,1,primary,centre,0.5269056735120083,
bbbc041,site_a,d7c7eb2c-2acd-4f86-8a5a-09ab3dd02d16_68,1,primary,centre,0.6958298970920435,
bbbc041,site_a,b197093e-2928-46a4-8e35-fa5ea7ea6dac_8,1,primary,centre,0.38915561652187164,
bbbc041,site_a,b6573be3-9e04-49c3-9f48-6a145d065363_30,1,primary,centre,0.4496630506245891,
bbbc041,site_a,6388e241-09a2-4fbe-a712-07d8fe714c51_54,1,primary,centre,0.4813539434751556,
bbbc041,site_a,6388e241-09a2-4fbe-a712-07d8fe714c51_56,1,primary,centre,0.6039366086975688,
bbbc041,site_a,8002cb71-0f25-4fa4-a46f-b49e5aeded0c_62,1,primary,centre,0.5305368398174309,
bbbc041,site_a,867f30da-2568-4480-9968-cece78c61c64_18,1,primary,centre,0.310725,
bbbc041,site_a,6795acae-e84d-4e97-b9a1-b4f4f0a72cfd_4,1,primary,centre,0.5285327783558793,
bbbc041,site_a,6795acae-e84d-4e97-b9a1-b4f4f0a72cfd_17,1,primary,centre,0.5222642302037387,
bbbc041,site_a,83ec8923-6232-40d7-ba1f-a1b8bf7cb66c_101,1,primary,centre,0.5687792381376698,
bbbc041,site_a,56fbae44-4677-47f8-9c3a-22dac043c115_9,1,primary,centre,0.5443768996960486,
bbbc041,site_a,56fbae44-4677-47f8-9c3a-22dac043c115_30,1,primary,centre,0.4761274880322499,
bbbc041,site_a,2596eb32-1323-41e9-8c0f-64819abcfc73_21,1,primary,centre,0.4544308672665523,
bbbc041,site_a,2596eb32-1323-41e9-8c0f-64819abcfc73_25,1,primary,centre,0.5735443436854452,
bbbc041,site_a,2596eb32-1323-41e9-8c0f-64819abcfc73_39,1,primary,nearest,0.31125,
bbbc041,site_a,2596eb32-1323-41e9-8c0f-64819abcfc73_40,1,primary,centre,0.5138409209837781,
bbbc041,site_a,2596eb32-1323-41e9-8c0f-64819abcfc73_41,1,primary,centre,0.6314079545843165,
bbbc041,site_a,2596eb32-1323-41e9-8c0f-64819abcfc73_42,1,primary,nearest,0.175,
bbbc041,site_a,2596eb32-1323-41e9-8c0f-64819abcfc73_43,1,primary,nearest,0.5520083246618106,
bbbc041,site_a,24879caf-a327-464c-9cd9-e0f3d9161079_23,1,primary,centre,0.3980094268159246,
bbbc041,site_a,9e793460-d94c-47ac-b3a7-0d6ad86357da_17,1,primary,centre,0.4393909367155503,
bbbc041,site_a,e4eea7ea-8989-46a9-9c98-25a178146b28_103,1,primary,centre,0.6168142320660069,
bbbc041,site_a,e597f7ce-46c6-4dce-9063-50a2703fdd45_45,1,primary,centre,0.5762924382716049,
bbbc041,site_a,e597f7ce-46c6-4dce-9063-50a2703fdd45_68,1,primary,centre,0.6409067782237549,
bbbc041,site_a,584d62ed-4329-45dd-94ce-e929d8b2bb74_107,1,primary,centre,0.6228522858357113,
bbbc041,site_a,7db1373d-5bbf-47e6-ab40-30cba7678745_25,1,primary,centre,0.48895919421487605,
bbbc041,site_a,939ad732-d7c5-4339-b087-4335b49d6a3c_26,1,primary,centre,0.6904844290657439,
bbbc041,site_a,72088c26-d2dd-4906-b791-b8947fc7fbe4_127,1,primary,centre,0.3559027777777778,
bbbc041,site_a,d8632217-ec33-4d0a-98e6-427824c58869_54,1,primary,centre,0.4762831063893461,
bbbc041,site_a,d8632217-ec33-4d0a-98e6-427824c58869_62,1,primary,centre,0.6130030959752322,
bbbc041,site_a,d8632217-ec33-4d0a-98e6-427824c58869_64,1,primary,centre,0.4901450950179764,
bbbc041,site_a,d8632217-ec33-4d0a-98e6-427824c58869_65,1,primary,centre,0.40197568389057753,
bbbc041,site_a,d8632217-ec33-4d0a-98e6-427824c58869_66,1,primary,centre,0.6020381836945304,
bbbc041,site_a,d8632217-ec33-4d0a-98e6-427824c58869_67,1,primary,nearest,0.0017699115044247787,
bbbc041,site_a,d8632217-ec33-4d0a-98e6-427824c58869_68,1,primary,centre,0.6113494809688581,
bbbc041,site_a,e11515b4-9527-4c23-a0ba-43719bacca0d_32,1,primary,centre,0.5355208333333333,
bbbc041,site_a,e11515b4-9527-4c23-a0ba-43719bacca0d_33,1,primary,centre,0.3789116501193917,
bbbc041,site_a,e11515b4-9527-4c23-a0ba-43719bacca0d_34,1,primary,centre,0.742563887725178,
bbbc041,site_a,e11515b4-9527-4c23-a0ba-43719bacca0d_35,1,primary,centre,0.594643085992567,
bbbc041,site_a,bbecf1a8-a728-4c83-87f8-4dfbac0a1e03_44,1,primary,centre,0.32525368424826995,
bbbc041,site_a,bbecf1a8-a728-4c83-87f8-4dfbac0a1e03_53,1,primary,centre,0.3928800719054956,
bbbc041,site_a,bbecf1a8-a728-4c83-87f8-4dfbac0a1e03_58,1,primary,centre,0.655938275006889,
bbbc041,site_a,bbecf1a8-a728-4c83-87f8-4dfbac0a1e03_63,1,primary,centre,0.43628084606345474,
bbbc041,site_a,bbecf1a8-a728-4c83-87f8-4dfbac0a1e03_64,1,primary,centre,0.5618455052359581,
bbbc041,site_a,bbecf1a8-a728-4c83-87f8-4dfbac0a1e03_73,1,primary,centre,0.7767838496345284,
bbbc041,site_a,bbecf1a8-a728-4c83-87f8-4dfbac0a1e03_74,1,primary,nearest,0.3447530864197531,
bbbc041,site_a,21417261-475a-456f-b03f-57ac85a6e106_7,1,primary,centre,0.4544605721076309,
bbbc041,site_a,21417261-475a-456f-b03f-57ac85a6e106_13,1,primary,centre,0.4651711924439197,
bbbc041,site_a,21417261-475a-456f-b03f-57ac85a6e106_24,1,primary,centre,0.4241700501552424,
bbbc041,site_a,edd09b2e-2673-4405-8ac0-e476e003e96a_30,1,primary,centre,0.5299236580831455,
bbbc041,site_a,edd09b2e-2673-4405-8ac0-e476e003e96a_37,1,primary,centre,0.18400655505359198,
bbbc041,site_a,edd09b2e-2673-4405-8ac0-e476e003e96a_41,1,primary,centre,0.6021795883674337,
bbbc041,site_a,edd09b2e-2673-4405-8ac0-e476e003e96a_51,1,primary,centre,0.5767767302244958,
bbbc041,site_a,da111ca5-520f-4ea8-97ad-ae5fce58ee91_110,1,primary,nearest,0.2535600014064203,
bbbc041,site_a,02fb5e19-6f94-4787-bb78-e550a29a3cbd_28,1,primary,centre,0.45934246265278406,
bbbc041,site_a,63055d1b-5221-4c80-8b39-37ac069a1b5c_80,1,primary,centre,0.6175611537057321,
bbbc041,site_a,9e0e1928-d19a-4100-b093-0b962ac09e05_58,1,primary,centre,0.6877164127423823,
bbbc041,site_a,9e0e1928-d19a-4100-b093-0b962ac09e05_73,1,primary,centre,0.24516847674742412,
bbbc041,site_a,9e0e1928-d19a-4100-b093-0b962ac09e05_74,1,primary,centre,0.5359185541066117,
bbbc041,site_a,9e0e1928-d19a-4100-b093-0b962ac09e05_75,1,primary,centre,0.5926234567901234,
bbbc041,site_a,9ebd623d-5534-4dd9-bff8-cdedf322db35_8,1,primary,centre,0.5280960869196163,
bbbc041,site_a,9ebd623d-5534-4dd9-bff8-cdedf322db35_48,1,primary,centre,0.5679352822209965,
bbbc041,site_a,997eabd9-55bf-4683-83c4-4cee4673a4ef_20,1,primary,nearest,0.4207691156666168,
bbbc041,site_a,997eabd9-55bf-4683-83c4-4cee4673a4ef_31,1,primary,centre,0.3115703567197578,
bbbc041,site_a,997eabd9-55bf-4683-83c4-4cee4673a4ef_32,1,primary,centre,0.7292403746097815,
bbbc041,site_a,997eabd9-55bf-4683-83c4-4cee4673a4ef_33,1,primary,centre,0.682067901234568,
bbbc041,site_a,820bbfea-3dae-46fc-b61a-3d0ed2ea01c2_15,1,primary,centre,0.37419010410347253,
bbbc041,site_a,58ced55c-bf0d-4204-b6b2-4f8992d92779_35,1,primary,centre,0.5913761337868481,
bbbc041,site_a,58ced55c-bf0d-4204-b6b2-4f8992d92779_50,1,primary,centre,0.577485380116959,
bbbc041,site_a,58ced55c-bf0d-4204-b6b2-4f8992d92779_52,1,primary,centre,0.39052287581699346,
bbbc041,site_a,58ced55c-bf0d-4204-b6b2-4f8992d92779_54,1,primary,centre,0.5787037037037037,
bbbc041,site_a,58ced55c-bf0d-4204-b6b2-4f8992d92779_62,1,primary,centre,0.6023557341124909,
bbbc041,site_a,1dd3e6dd-343f-4cc9-b0ed-e4d27fb36f0a_0,1,primary,centre,0.36942296252230816,
bbbc041,site_a,477e541c-0519-4542-9b13-8ee7922644d3_70,1,primary,centre,0.3757846550259039,
bbbc041,site_a,3e753a44-3264-438c-8389-a7822e4a84cc_22,1,primary,centre,0.3686551543694401,
bbbc041,site_a,3e753a44-3264-438c-8389-a7822e4a84cc_28,1,primary,centre,0.3711100908070605,
bbbc041,site_a,f7231477-f2c1-439a-9c8b-204de07686a4_10,1,primary,centre,0.31571397522277767,
bbbc041,site_a,f7231477-f2c1-439a-9c8b-204de07686a4_11,1,primary,centre,0.6482750472589792,
bbbc041,site_a,06cd484f-e864-4fee-8819-688b45eed98e_56,1,primary,centre,0.5515293469275282,
bbbc041,site_a,78ac1e98-7062-4e27-8d58-25c392cae889_19,1,primary,centre,0.5363986064740891,
bbbc041,site_a,afbb264e-ff60-443a-83f5-49d09be1b835_6,1,primary,centre,0.3373456790123457,
bbbc041,site_a,6b5ed184-cb15-4d54-93bb-9a3ca00184a1_2,1,primary,centre,0.3758158085569253,
bbbc041,site_a,5a105b89-c592-4d78-b208-7db6c6572752_70,1,primary,centre,0.5804688269477002,
bbbc041,site_a,ab27173b-6e30-4957-bd68-29194328fd39_40,1,primary,centre,0.407630186577555,
bbbc041,site_a,ab27173b-6e30-4957-bd68-29194328fd39_50,1,primary,centre,0.5607665639445301,
bbbc041,site_a,ab27173b-6e30-4957-bd68-29194328fd39_58,1,primary,centre,0.6610130538701967,
bbbc041,site_a,ab27173b-6e30-4957-bd68-29194328fd39_73,1,primary,nearest,0.4820499479708637,
bbbc041,site_a,ab27173b-6e30-4957-bd68-29194328fd39_77,1,primary,centre,0.47076828895010714,
bbbc041,site_a,ab27173b-6e30-4957-bd68-29194328fd39_78,1,primary,centre,0.46766600920447077,
bbbc041,site_a,ab27173b-6e30-4957-bd68-29194328fd39_79,1,primary,centre,0.5168204268008574,
bbbc041,site_a,ab27173b-6e30-4957-bd68-29194328fd39_80,1,primary,centre,0.7438753858024691,
bbbc041,site_a,ab27173b-6e30-4957-bd68-29194328fd39_94,1,primary,nearest,0.3707837301587302,
bbbc041,site_a,eba73bff-fbe1-436d-9a5f-0a61331a0ea2_33,1,primary,centre,0.5932687952898551,
bbbc041,site_a,eba73bff-fbe1-436d-9a5f-0a61331a0ea2_34,1,primary,centre,0.5612086776859504,
bbbc041,site_a,eba73bff-fbe1-436d-9a5f-0a61331a0ea2_47,1,primary,nearest,0.232413525068014,
bbbc041,site_a,eba73bff-fbe1-436d-9a5f-0a61331a0ea2_48,1,primary,centre,0.6501939618822735,
bbbc041,site_a,eba73bff-fbe1-436d-9a5f-0a61331a0ea2_70,1,primary,nearest,0.6250226736803918,
bbbc041,site_a,1d4f06e1-9c9b-487e-84cd-e7e50cc754da_28,1,primary,centre,0.28388572107388926,
bbbc041,site_a,1d4f06e1-9c9b-487e-84cd-e7e50cc754da_47,1,primary,centre,0.42832080200501255,
bbbc041,site_a,05717db9-f1ef-4101-a9f7-7a007e83b1c9_11,1,primary,centre,0.40668127053669223,
bbbc041,site_a,05717db9-f1ef-4101-a9f7-7a007e83b1c9_47,1,primary,centre,0.5030978071702054,
bbbc041,site_a,913099c5-8085-4908-bf4b-1f098bbfcf66_57,1,primary,centre,0.6540923639689071,
bbbc041,site_a,913099c5-8085-4908-bf4b-1f098bbfcf66_60,1,primary,centre,0.5848807616174946,
bbbc041,site_a,913099c5-8085-4908-bf4b-1f098bbfcf66_64,1,primary,centre,0.524770809301196,
bbbc041,site_a,913099c5-8085-4908-bf4b-1f098bbfcf66_65,1,primary,centre,0.6224593289788632,
bbbc041,site_a,913099c5-8085-4908-bf4b-1f098bbfcf66_66,1,primary,centre,0.5953560576033822,
bbbc041,site_a,913099c5-8085-4908-bf4b-1f098bbfcf66_67,1,primary,centre,0.6015093537414966,
bbbc041,site_a,913099c5-8085-4908-bf4b-1f098bbfcf66_68,1,primary,centre,0.5764525197834236,
bbbc041,site_a,913099c5-8085-4908-bf4b-1f098bbfcf66_69,1,primary,centre,0.534138809920596,
bbbc041,site_a,913099c5-8085-4908-bf4b-1f098bbfcf66_70,1,primary,centre,0.7115258574950845,
bbbc041,site_a,913099c5-8085-4908-bf4b-1f098bbfcf66_71,1,primary,centre,0.64753853060003,
bbbc041,site_a,71204a6d-814e-44b6-9cee-7b979f478021_24,1,primary,centre,0.5794400404790016,
bbbc041,site_a,71204a6d-814e-44b6-9cee-7b979f478021_48,1,primary,centre,0.5572701446280992,
bbbc041,site_a,71204a6d-814e-44b6-9cee-7b979f478021_59,1,primary,centre,0.6229997611655123,
bbbc041,site_a,71204a6d-814e-44b6-9cee-7b979f478021_76,1,primary,centre,0.5064462809917355,
bbbc041,site_a,6fa2b30f-9b89-46ac-9b79-c0bc105d4271_54,1,primary,centre,0.5280157247203281,
bbbc041,site_a,6fa2b30f-9b89-46ac-9b79-c0bc105d4271_67,1,primary,centre,0.5976813664999675,
bbbc041,site_a,6fa2b30f-9b89-46ac-9b79-c0bc105d4271_68,1,primary,centre,0.5048374306106265,
bbbc041,site_a,6fa2b30f-9b89-46ac-9b79-c0bc105d4271_69,1,primary,nearest,0.6012764889382911,
bbbc041,site_a,6fa2b30f-9b89-46ac-9b79-c0bc105d4271_70,1,primary,centre,0.7232758620689655,
bbbc041,site_a,6fa2b30f-9b89-46ac-9b79-c0bc105d4271_71,1,primary,centre,0.576928888754571,
bbbc041,site_a,6fa2b30f-9b89-46ac-9b79-c0bc105d4271_72,1,primary,centre,0.633895392047566,
bbbc041,site_a,e13f2327-fbf4-4d84-a8c1-09cb1e449c8c_0,1,primary,centre,0.4533839642419208,
bbbc041,site_a,9c4cb048-d64a-4b7f-84ff-ca28a8084fc7_9,1,primary,centre,0.3588772555134774,
bbbc041,site_a,f3d84be2-8af0-4d62-9f72-23d3dc08cbbe_65,1,primary,centre,0.5033668341708543,
bbbc041,site_a,55836297-fc8e-4e00-9767-0d12b86e4604_2,1,primary,centre,0.37486307760963933,
bbbc041,site_a,55836297-fc8e-4e00-9767-0d12b86e4604_11,1,primary,centre,0.415104817437179,
bbbc041,site_a,55836297-fc8e-4e00-9767-0d12b86e4604_13,1,primary,centre,0.4150751209574739,
bbbc041,site_a,bc832bde-d3ea-4a8e-be90-7a3329dcc314_18,1,primary,centre,0.34415743554553474,
bbbc041,site_a,5dec0204-af81-44ef-a942-8a173669c123_27,1,primary,centre,0.5486820871436257,
bbbc041,site_a,5dec0204-af81-44ef-a942-8a173669c123_35,1,primary,centre,0.6223517169614985,
bbbc041,site_a,5dec0204-af81-44ef-a942-8a173669c123_38,1,primary,centre,0.34817790855590763,
bbbc041,site_a,5dec0204-af81-44ef-a942-8a173669c123_56,1,primary,centre,0.7537345679012346,
bbbc041,site_a,5dec0204-af81-44ef-a942-8a173669c123_65,1,primary,centre,0.5001686625063249,
bbbc041,site_a,5dec0204-af81-44ef-a942-8a173669c123_71,1,primary,centre,0.24935390398621662,
bbbc041,site_a,5dec0204-af81-44ef-a942-8a173669c123_72,1,primary,nearest,0.32074230060542247,
bbbc041,site_a,5dec0204-af81-44ef-a942-8a173669c123_73,1,primary,centre,0.5380609084180806,
bbbc041,site_a,df3d98b9-3dd7-4107-8d4a-ae1b7f247793_107,1,primary,nearest,0.44619722603261697,
bbbc041,site_a,a9daf82a-a46d-4296-bd72-2c374ed0a193_33,1,primary,centre,0.5901968998743192,
bbbc041,site_a,a9daf82a-a46d-4296-bd72-2c374ed0a193_37,1,primary,centre,0.6102523450918219,
bbbc041,site_a,a9daf82a-a46d-4296-bd72-2c374ed0a193_40,1,primary,centre,0.5558634621361235,
bbbc041,site_a,a9daf82a-a46d-4296-bd72-2c374ed0a193_56,1,primary,centre,0.1495614378573107,
bbbc041,site_a,a9daf82a-a46d-4296-bd72-2c374ed0a193_57,1,primary,centre,0.5529830164029612,
bbbc041,site_a,a9daf82a-a46d-4296-bd72-2c374ed0a193_58,1,primary,centre,0.3405388755005527,
bbbc041,site_a,a9daf82a-a46d-4296-bd72-2c374ed0a193_59,1,primary,centre,0.6152449121307623,
bbbc041,site_a,a9daf82a-a46d-4296-bd72-2c374ed0a193_60,1,primary,centre,0.6039540816326531,
bbbc041,site_a,99b13257-b9d9-422f-8262-802da0bdc510_40,1,primary,centre,0.516748366013072,
bbbc041,site_a,28c96a4a-4549-4761-99e4-ace4ea7e7ac9_0,1,primary,centre,0.41742266508030934,
bbbc041,site_a,f2574be3-81c6-4fc3-8a40-0230d1264f52_42,1,primary,centre,0.552272519153872,
bbbc041,site_a,f2574be3-81c6-4fc3-8a40-0230d1264f52_43,1,primary,centre,0.7147435897435898,
bbbc041,site_a,f2574be3-81c6-4fc3-8a40-0230d1264f52_53,1,primary,centre,0.7110453648915187,
bbbc041,site_a,f2574be3-81c6-4fc3-8a40-0230d1264f52_62,1,primary,centre,0.523429416112343,
bbbc041,site_a,f2574be3-81c6-4fc3-8a40-0230d1264f52_63,1,primary,nearest,0.01183673469387755,
bbbc041,site_a,f2574be3-81c6-4fc3-8a40-0230d1264f52_64,1,primary,centre,0.585693359375,
bbbc041,site_a,f2574be3-81c6-4fc3-8a40-0230d1264f52_65,1,primary,centre,0.7610651974288338,
bbbc041,site_a,9842445c-5899-4189-9f2e-3a3a179fdad3_54,1,primary,centre,0.6659111111111111,
bbbc041,site_a,5e17f8e6-fd8d-426c-b444-1515d14f04b7_102,1,primary,centre,0.5125638269282451,
bbbc041,site_a,5e17f8e6-fd8d-426c-b444-1515d14f04b7_103,1,primary,centre,0.6985400220694339,
bbbc041,site_a,5e17f8e6-fd8d-426c-b444-1515d14f04b7_104,1,primary,centre,0.698968008255934,
bbbc041,site_a,5e17f8e6-fd8d-426c-b444-1515d14f04b7_105,1,primary,centre,0.6072444444444445,
bbbc041,site_a,5e17f8e6-fd8d-426c-b444-1515d14f04b7_106,1,primary,centre,0.43499239870447487,
bbbc041,site_a,b1145408-feae-4637-b4cf-3e70b99cc62d_30,1,primary,centre,0.5540589881942473,
bbbc041,site_a,b1145408-feae-4637-b4cf-3e70b99cc62d_46,1,primary,centre,0.6017190660047803,
bbbc041,site_a,b1145408-feae-4637-b4cf-3e70b99cc62d_69,1,primary,centre,0.6526621746597966,
bbbc041,site_a,4cccfcf0-cac9-46f0-870c-0eabfdc781ba_18,1,primary,centre,0.6513453866395043,
bbbc041,site_a,4cccfcf0-cac9-46f0-870c-0eabfdc781ba_46,1,primary,centre,0.2925323780655828,
bbbc041,site_a,4cccfcf0-cac9-46f0-870c-0eabfdc781ba_49,1,primary,centre,0.5629424438288704,
bbbc041,site_a,4cccfcf0-cac9-46f0-870c-0eabfdc781ba_50,1,primary,centre,0.29836427939876214,
bbbc041,site_a,4cccfcf0-cac9-46f0-870c-0eabfdc781ba_51,1,primary,nearest,0.43325367019460564,
bbbc041,site_a,4cccfcf0-cac9-46f0-870c-0eabfdc781ba_52,1,primary,nearest,0.5512312349801817,
bbbc041,site_a,3d32a988-449d-4d58-b71f-abbfdc3f2fbc_116,1,primary,nearest,0.6084858058005354,
bbbc041,site_a,3d32a988-449d-4d58-b71f-abbfdc3f2fbc_117,1,primary,centre,0.6518960068945705,
bbbc041,site_a,a2de1248-7bc0-44dc-b508-70a357eedd68_26,1,primary,centre,0.6911134235171696,
bbbc041,site_a,a2de1248-7bc0-44dc-b508-70a357eedd68_35,1,primary,centre,0.7187634177758695,
bbbc041,site_a,a2de1248-7bc0-44dc-b508-70a357eedd68_46,1,primary,centre,0.426742427937375,
bbbc041,site_a,833b1d3e-d389-4d0f-8638-6aca5b89f917_18,1,primary,centre,0.5061300851843006,
bbbc041,site_a,e98ea067-82b5-4a0d-87bf-b4bbdc10ddab_20,1,primary,centre,0.45340909090909093,
bbbc041,site_a,c956e531-6805-4fe1-b61c-8b96a9815a77_49,1,primary,centre,0.4623835403726708,
bbbc041,site_a,c956e531-6805-4fe1-b61c-8b96a9815a77_66,1,primary,centre,0.46836397135798336,
bbbc041,site_a,c956e531-6805-4fe1-b61c-8b96a9815a77_70,1,primary,centre,0.799752445356841,
bbbc041,site_a,6b4c79f5-b194-4586-be9f-e339c5af4188_66,1,primary,centre,0.612620952632855,
bbbc041,site_a,0906111b-bac7-4541-a6dc-da435c0724a8_50,1,primary,centre,0.6203122130394858,
bbbc041,site_a,0906111b-bac7-4541-a6dc-da435c0724a8_52,1,primary,centre,0.3392602668739474,
bbbc041,site_a,0906111b-bac7-4541-a6dc-da435c0724a8_53,1,primary,nearest,0.3997293307086614,
bbbc041,site_a,0906111b-bac7-4541-a6dc-da435c0724a8_55,1,primary,centre,0.7002743484224966,
bbbc041,site_a,0906111b-bac7-4541-a6dc-da435c0724a8_59,1,primary,centre,0.7719140625,
bbbc041,site_a,cc275c45-7511-4070-84af-10b8ffebda53_32,1,primary,centre,0.35667779985625503,
bbbc041,site_a,93f40356-5676-45d3-8e83-8028708c93ba_0,1,primary,centre,0.5534222222222223,
bbbc041,site_a,93f40356-5676-45d3-8e83-8028708c93ba_19,1,primary,centre,0.45950138504155125,
bbbc041,site_a,93f40356-5676-45d3-8e83-8028708c93ba_32,1,primary,centre,0.6056662700773349,
bbbc041,site_a,d64cd75a-df26-44d5-ac25-69061a4e4d57_22,1,primary,centre,0.5688,
bbbc041,site_a,ad8731b7-0dae-4983-9dc6-dec31767d761_34,1,primary,centre,0.4979301011065998,
bbbc041,site_a,ad8731b7-0dae-4983-9dc6-dec31767d761_35,1,primary,centre,0.4156,
bbbc041,site_a,216f9d43-6869-4ba1-9106-4f5ea6aac223_12,1,primary,centre,0.35443458980044346,
bbbc041,site_a,216f9d43-6869-4ba1-9106-4f5ea6aac223_26,1,primary,centre,0.48732249515446385,
bbbc041,site_a,216f9d43-6869-4ba1-9106-4f5ea6aac223_38,1,primary,centre,0.48068924539512775,
bbbc041,site_a,b4f3b2a4-f4b9-48de-ac5d-0e681b77be27_99,1,primary,centre,0.5641957364341085,
bbbc041,site_a,b4f3b2a4-f4b9-48de-ac5d-0e681b77be27_100,1,primary,centre,0.7143338102853295,
bbbc041,site_a,baa87bf8-786c-444c-81e8-9fa0a41d8149_64,1,primary,centre,0.37067718606180144,
bbbc041,site_a,baa87bf8-786c-444c-81e8-9fa0a41d8149_66,1,primary,centre,0.6643356643356644,
bbbc041,site_a,d0347b49-8f98-4632-a384-1a4f57ac6374_81,1,primary,centre,0.4269115442278861,
bbbc041,site_a,592c941a-aa54-4971-b499-dc47356f80a3_24,1,primary,centre,0.5672255095332018,
bbbc041,site_a,592c941a-aa54-4971-b499-dc47356f80a3_41,1,primary,centre,0.3794914317302377,
bbbc041,site_a,592c941a-aa54-4971-b499-dc47356f80a3_42,1,primary,centre,0.31466128117913833,
bbbc041,site_a,592c941a-aa54-4971-b499-dc47356f80a3_45,1,primary,centre,0.4979316050744622,
bbbc041,site_a,592c941a-aa54-4971-b499-dc47356f80a3_62,1,primary,centre,0.6874941757524928,
bbbc041,site_a,592c941a-aa54-4971-b499-dc47356f80a3_105,1,primary,centre,0.4911280846063455,
bbbc041,site_a,592c941a-aa54-4971-b499-dc47356f80a3_109,1,primary,centre,0.4180327868852459,
bbbc041,site_a,f07174a5-f799-4286-ac43-5b0f5c5777ac_0,1,primary,centre,0.5575367096194186,
bbbc041,site_a,f07174a5-f799-4286-ac43-5b0f5c5777ac_21,1,primary,centre,0.5281301709873139,
bbbc041,site_a,f07174a5-f799-4286-ac43-5b0f5c5777ac_78,1,primary,centre,0.3031275291941265,
bbbc041,site_a,f07174a5-f799-4286-ac43-5b0f5c5777ac_80,1,primary,centre,0.5679591836734694,
bbbc041,site_a,d67398c5-8b0e-463f-a04e-8583c820786c_58,1,primary,centre,0.39664110989412193,
bbbc041,site_a,d67398c5-8b0e-463f-a04e-8583c820786c_61,1,primary,centre,0.2098639455782313,
bbbc041,site_a,4f62b14e-c6f4-4155-8f50-881558f83fae_3,1,primary,centre,0.39501953125,
bbbc041,site_a,4f62b14e-c6f4-4155-8f50-881558f83fae_47,1,primary,centre,0.3544636514326308,
bbbc041,site_a,4f62b14e-c6f4-4155-8f50-881558f83fae_67,1,primary,centre,0.32194244604316546,
bbbc041,site_a,6c3f81d7-5670-46bd-9eaa-9b426413abb7_21,1,primary,centre,0.3831640625,
bbbc041,site_a,de6d3020-9347-473b-9146-8909627790f6_12,1,primary,centre,0.4836164076269829,
bbbc041,site_a,de6d3020-9347-473b-9146-8909627790f6_32,1,primary,centre,0.5540177130768403,
bbbc041,site_a,de6d3020-9347-473b-9146-8909627790f6_35,1,primary,centre,0.504291453615778,
bbbc041,site_a,de6d3020-9347-473b-9146-8909627790f6_49,1,primary,centre,0.4024909732646355,
bbbc041,site_a,de6d3020-9347-473b-9146-8909627790f6_56,1,primary,centre,0.5358858501783591,
bbbc041,site_a,de6d3020-9347-473b-9146-8909627790f6_64,1,primary,centre,0.35321499013806706,
bbbc041,site_a,de6d3020-9347-473b-9146-8909627790f6_83,1,primary,nearest,0.45997782705099777,
bbbc041,site_a,f4c00b8c-d675-4255-8277-ca65bd757f51_14,1,primary,centre,0.27637356117242196,
bbbc041,site_a,f4c00b8c-d675-4255-8277-ca65bd757f51_27,1,primary,nearest,0.2820688543094413,
bbbc041,site_a,f4c00b8c-d675-4255-8277-ca65bd757f51_42,1,primary,centre,0.4046814404432133,
bbbc041,site_a,4903d9c7-de88-426a-b42d-a7e797e5ebcd_58,1,primary,centre,0.44126354744911445,
bbbc041,site_a,a2a20600-f851-4db7-90f9-6f7be027c8b5_68,1,primary,nearest,0.5109688581314878,
bbbc041,site_a,a2a20600-f851-4db7-90f9-6f7be027c8b5_69,1,primary,centre,0.5485798354650814,
bbbc041,site_a,a2a20600-f851-4db7-90f9-6f7be027c8b5_70,1,primary,centre,0.47218453188602444,
bbbc041,site_a,a2a20600-f851-4db7-90f9-6f7be027c8b5_71,1,primary,centre,0.346465585968642,
bbbc041,site_a,a2a20600-f851-4db7-90f9-6f7be027c8b5_72,1,primary,nearest,0.2394582948599569,
bbbc041,site_a,d1144956-5a0c-4bd2-b67d-8498c82d6a12_17,1,primary,centre,0.42334660664819945,
bbbc041,site_a,d1144956-5a0c-4bd2-b67d-8498c82d6a12_25,1,primary,centre,0.5191250346109727,
bbbc041,site_a,0546d843-d778-4aca-b8b5-bfe23d7c87da_62,1,primary,centre,0.30975718422811316,
bbbc041,site_a,0546d843-d778-4aca-b8b5-bfe23d7c87da_63,1,primary,centre,0.5297206469229153,
bbbc041,site_a,3f390b82-8859-4c27-bbfe-d1b242477f63_16,1,primary,centre,0.4946524064171123,
bbbc041,site_a,9dc6ed5d-6698-48cf-aab3-fd156673729c_79,1,primary,centre,0.38001573564122737,
bbbc041,site_a,58f7e1da-3478-48f4-958c-e9b1cb8696aa_9,1,primary,centre,0.47511055215221715,
bbbc041,site_a,58f7e1da-3478-48f4-958c-e9b1cb8696aa_38,1,primary,centre,0.3817634506934918,
bbbc041,site_a,58f7e1da-3478-48f4-958c-e9b1cb8696aa_40,1,primary,centre,0.5518207282913166,
bbbc041,site_a,abb2f9d6-26fa-4328-983c-959ef6717c05_32,1,primary,centre,0.3826075884899414,
bbbc041,site_a,abb2f9d6-26fa-4328-983c-959ef6717c05_53,1,primary,centre,0.42147580925861466,
bbbc041,site_a,e81bf478-27ff-458c-ac30-9e1f8480bc5c_34,1,primary,centre,0.4074145962732919,
bbbc041,site_a,42e87148-a015-4148-923a-fb83016f64e7_49,1,primary,centre,0.29160332647768933,
bbbc041,site_a,69b5b3de-ec64-4e5d-bcc2-44f495e06e76_27,1,primary,centre,0.5505402579295922,
bbbc041,site_a,04a567df-5463-4043-81f1-d726223c19a9_41,1,primary,centre,0.5244953173777316,
bbbc041,site_a,04a567df-5463-4043-81f1-d726223c19a9_57,1,primary,centre,0.6296401476733336,
bbbc041,site_a,04a567df-5463-4043-81f1-d726223c19a9_59,1,primary,centre,0.6721706226350189,
bbbc041,site_a,801296d9-3403-426f-859e-5c532858e025_42,1,primary,centre,0.42388931689779147,
bbbc041,site_a,d8f7e159-b7e3-49e4-86e8-aed8c5fbcd97_96,1,primary,centre,0.7606753812636166,
bbbc041,site_a,f23ae29e-1bda-4784-b10c-d736757d39b8_9,1,primary,centre,0.4051846590909091,
bbbc041,site_a,f23ae29e-1bda-4784-b10c-d736757d39b8_18,1,primary,centre,0.37949881023200477,
bbbc041,site_a,43158031-a335-4533-9c20-48bebba90123_11,1,primary,centre,0.311484375,
bbbc041,site_a,43158031-a335-4533-9c20-48bebba90123_34,1,primary,centre,0.6098666666666667,
bbbc041,site_a,43158031-a335-4533-9c20-48bebba90123_48,1,primary,centre,0.3312916591605116,
bbbc041,site_a,7c1cd7c7-7452-4428-a98e-dd7675c8ddea_48,1,primary,centre,0.6203967977723633,
bbbc041,site_a,7bcd3735-3134-46d1-8ca2-d4379f2d51c0_34,1,primary,centre,0.5008984375,
bbbc041,site_a,7bcd3735-3134-46d1-8ca2-d4379f2d51c0_39,1,primary,centre,0.406898777295708,
bbbc041,site_a,7bcd3735-3134-46d1-8ca2-d4379f2d51c0_42,1,primary,centre,0.44639314058956914,
bbbc041,site_a,7bcd3735-3134-46d1-8ca2-d4379f2d51c0_57,1,primary,centre,0.3594924268701584,
bbbc041,site_a,6f67a66b-56ec-4c36-ae7c-f250d3b86a23_10,1,primary,centre,0.5200420014609204,
bbbc041,site_a,6f67a66b-56ec-4c36-ae7c-f250d3b86a23_23,1,primary,centre,0.4374606175173283,
bbbc041,site_a,6f67a66b-56ec-4c36-ae7c-f250d3b86a23_47,1,primary,centre,0.6673317612914929,
bbbc041,site_a,6f67a66b-56ec-4c36-ae7c-f250d3b86a23_57,1,primary,centre,0.5141777777777777,
bbbc041,site_a,6f67a66b-56ec-4c36-ae7c-f250d3b86a23_58,1,primary,centre,0.659698366149979,
bbbc041,site_a,6f67a66b-56ec-4c36-ae7c-f250d3b86a23_63,1,primary,centre,0.7085827807457918,
bbbc041,site_a,76b24246-8571-4e7b-8815-b185414a2c51_40,1,primary,centre,0.4713375796178344,
bbbc041,site_a,76b24246-8571-4e7b-8815-b185414a2c51_60,1,primary,centre,0.28826392644672794,
bbbc041,site_a,76b24246-8571-4e7b-8815-b185414a2c51_71,1,primary,centre,0.4254708394594973,
bbbc041,site_a,f24c8fe0-a534-44cf-9995-b2b314d945ba_19,1,primary,centre,0.40404758342061947,
bbbc041,site_a,540a5fee-175b-4b92-bf62-1ea9b59c86c6_103,1,primary,centre,0.3554287962234461,
bbbc041,site_a,540a5fee-175b-4b92-bf62-1ea9b59c86c6_104,1,primary,centre,0.5062931610603698,
bbbc041,site_a,5e4f7425-11e6-4f9e-be2d-5a27deb9d1b4_48,1,primary,centre,0.33345861633869367,
bbbc041,site_a,5e4f7425-11e6-4f9e-be2d-5a27deb9d1b4_49,1,primary,centre,0.4802578332755232,
bbbc041,site_a,5e4f7425-11e6-4f9e-be2d-5a27deb9d1b4_51,1,primary,centre,0.45466992402480605,
bbbc041,site_a,d9345456-b76d-46cc-b81e-46d4a0a7b652_38,1,primary,centre,0.31036845924373135,
bbbc041,site_a,d9345456-b76d-46cc-b81e-46d4a0a7b652_51,1,primary,centre,0.5221319958602022,
bbbc041,site_a,d9345456-b76d-46cc-b81e-46d4a0a7b652_61,1,primary,centre,0.5405216831258051,
bbbc041,site_a,d9345456-b76d-46cc-b81e-46d4a0a7b652_70,1,primary,centre,0.4263111111111111,
bbbc041,site_a,c415532c-4cce-4580-9fcd-623c172a1abd_50,1,primary,centre,0.4432370034232943,
bbbc041,site_a,3b5a8060-dec6-4a83-b7f2-b604e4e69dfc_115,1,primary,centre,0.6145227713178295,
bbbc041,site_a,22a464ef-c3da-4d56-b37e-e22e95d945e7_28,1,primary,centre,0.3414113702179546,
bbbc041,site_a,22a464ef-c3da-4d56-b37e-e22e95d945e7_48,1,primary,centre,0.54212095797223,
bbbc041,site_a,22a464ef-c3da-4d56-b37e-e22e95d945e7_50,1,primary,centre,0.4813034188034188,
bbbc041,site_a,59dc7da9-35d1-421e-a61b-1e9637bfbfa1_61,1,primary,centre,0.5102395124716553,
bbbc041,site_a,6473ddb6-ad56-48a2-81e8-c7cb45f06825_4,1,primary,centre,0.5006348630509704,
bbbc041,site_a,6473ddb6-ad56-48a2-81e8-c7cb45f06825_13,1,primary,centre,0.5497532297866163,
bbbc041,site_a,6473ddb6-ad56-48a2-81e8-c7cb45f06825_53,1,primary,nearest,0.45558449074074076,
bbbc041,site_a,6473ddb6-ad56-48a2-81e8-c7cb45f06825_59,1,primary,centre,0.4928677663601947,
bbbc041,site_a,6473ddb6-ad56-48a2-81e8-c7cb45f06825_85,1,primary,centre,0.38520758097477675,
bbbc041,site_a,10891eed-b0f2-4dd0-90cb-da185f6761b2_5,1,primary,centre,0.48606474089127594,
bbbc041,site_a,10891eed-b0f2-4dd0-90cb-da185f6761b2_39,1,primary,centre,0.4224137931034483,
bbbc041,site_a,10891eed-b0f2-4dd0-90cb-da185f6761b2_53,1,primary,centre,0.5362687086668987,
bbbc041,site_a,b6364a57-72a9-43f3-8d02-9f53a992dc95_29,1,primary,centre,0.45687361419068734,
bbbc041,site_a,b6364a57-72a9-43f3-8d02-9f53a992dc95_38,1,primary,centre,0.5608563445101906,
bbbc041,site_a,b6364a57-72a9-43f3-8d02-9f53a992dc95_47,1,primary,centre,0.5534979423868313,
bbbc041,site_a,8f84a2c9-ca38-4405-a488-12fcd101278b_43,1,primary,centre,0.2826681448632668,
bbbc041,site_a,f1872d08-f8a6-4b21-aa29-f56bbf607883_12,1,primary,centre,0.411484375,
bbbc041,site_a,f1872d08-f8a6-4b21-aa29-f56bbf607883_37,1,primary,centre,0.49657311882259575,
bbbc041,site_a,7beee655-6156-43b8-b185-dbae0eaf7f45_41,1,primary,centre,0.2475737433370851,
bbbc041,site_a,7beee655-6156-43b8-b185-dbae0eaf7f45_42,1,primary,centre,0.09274673008323424,
bbbc041,site_a,1f8f08ea-b5b3-4f68-94d4-3cc071b7dce8_65,1,primary,centre,0.5857381150959132,
bbbc041,site_a,3768c577-4e5e-4d70-8c4d-93d8aacd5baa_23,1,primary,centre,0.31452191777431254,
bbbc041,site_a,29d4b75f-d400-4702-a9ac-e5a4ed1a1db1_39,1,primary,centre,0.558246828143022,
bbbc041,site_a,29d4b75f-d400-4702-a9ac-e5a4ed1a1db1_41,1,primary,centre,0.5127734375,
bbbc041,site_a,29d4b75f-d400-4702-a9ac-e5a4ed1a1db1_42,1,primary,centre,0.5135546241211466,
bbbc041,site_a,29d4b75f-d400-4702-a9ac-e5a4ed1a1db1_50,1,primary,centre,0.2679149103029115,
bbbc041,site_a,8ad7ba46-5db8-4ba9-b3e0-3cac52f7efc3_48,1,primary,centre,0.6711342351716961,
bbbc041,site_a,8ad7ba46-5db8-4ba9-b3e0-3cac52f7efc3_59,1,primary,centre,0.48817777777777777,
bbbc041,site_a,4fb83278-adc5-4424-9f45-b6d0db2955b6_92,1,primary,centre,0.6078167115902965,
bbbc041,site_a,d67655e6-0a80-4a86-b552-1f5e85788377_7,1,primary,centre,0.5502462296091105,
bbbc041,site_a,d67655e6-0a80-4a86-b552-1f5e85788377_34,1,primary,centre,0.46589446589446587,
bbbc041,site_a,d67655e6-0a80-4a86-b552-1f5e85788377_77,1,primary,centre,0.5519323671497585,
bbbc041,site_a,43072c64-4c08-47cd-ae8a-b74d31f80008_12,1,primary,centre,0.4540356683213826,
bbbc041,site_a,43072c64-4c08-47cd-ae8a-b74d31f80008_31,1,primary,centre,0.4868151852693794,
bbbc041,site_a,a27b451d-44a6-4740-861a-9e7e99915563_49,1,primary,centre,0.6330536265432098,
bbbc041,site_a,a27b451d-44a6-4740-861a-9e7e99915563_54,1,primary,centre,0.511420273226003,
bbbc041,site_a,a27b451d-44a6-4740-861a-9e7e99915563_65,1,primary,centre,0.2869819859792351,
bbbc041,site_a,c32b8bb8-c89d-4ae9-9c77-5b9356ca35a1_102,1,primary,centre,0.7913043478260869,
bbbc041,site_a,c32b8bb8-c89d-4ae9-9c77-5b9356ca35a1_111,1,primary,centre,0.8099647266313933,
bbbc041,site_a,68f34a9c-f73d-4238-8f55-4b05a8a2154c_22,1,primary,centre,0.43728299672355614,
bbbc041,site_a,68f34a9c-f73d-4238-8f55-4b05a8a2154c_44,1,primary,centre,0.37772680055401664,
bbbc041,site_a,68f34a9c-f73d-4238-8f55-4b05a8a2154c_92,1,primary,centre,0.47514122530507785,
bbbc041,site_a,68f34a9c-f73d-4238-8f55-4b05a8a2154c_93,1,primary,centre,0.36506001500375096,
bbbc041,site_a,1893e0c5-88e9-4644-bd59-3e47bc53a88c_24,1,primary,centre,0.2815518220923626,
bbbc041,site_a,afd39466-aafa-4d81-9520-483727418723_38,1,primary,centre,0.38831955922865014,
bbbc041,site_a,afd39466-aafa-4d81-9520-483727418723_70,1,primary,centre,0.6528199791883454,
bbbc041,site_a,4c460388-e0c1-4970-8527-c9e5b42bea49_35,1,primary,centre,0.5022689276331502,
bbbc041,site_a,177a3141-fa93-426a-9b52-7da71547ce44_11,1,primary,centre,0.3996895230545647,
bbbc041,site_a,177a3141-fa93-426a-9b52-7da71547ce44_35,1,primary,centre,0.5628263139575357,
bbbc041,site_a,177a3141-fa93-426a-9b52-7da71547ce44_36,1,primary,centre,0.2993827160493827,
bbbc041,site_a,177a3141-fa93-426a-9b52-7da71547ce44_40,1,primary,centre,0.38347205707491083,
bbbc041,site_a,177a3141-fa93-426a-9b52-7da71547ce44_47,1,primary,centre,0.3351243781094527,
bbbc041,site_a,ffb7be9a-65df-4f0b-99ae-cfd34e81cd34_40,1,primary,centre,0.36473057710702517,
bbbc041,site_a,50d9fc90-8642-4bb6-91a7-0069a7e37392_17,1,primary,centre,0.4430062458908613,
bbbc041,site_a,50d9fc90-8642-4bb6-91a7-0069a7e37392_36,1,primary,centre,0.39987091684893683,
bbbc041,site_a,137d540f-d71e-47e8-bd9b-6cd0a6433c33_32,1,primary,centre,0.4581483230987246,
bbbc041,site_a,137d540f-d71e-47e8-bd9b-6cd0a6433c33_34,1,primary,centre,0.3660545797648425,
bbbc041,site_a,b600b38d-225b-46a5-b6f8-b607430f6a10_35,1,primary,centre,0.4289989525662128,
bbbc041,site_a,b600b38d-225b-46a5-b6f8-b607430f6a10_36,1,primary,centre,0.36215816703621584,
bbbc041,site_a,b600b38d-225b-46a5-b6f8-b607430f6a10_41,1,primary,centre,0.40570469798657716,
bbbc041,site_a,b600b38d-225b-46a5-b6f8-b607430f6a10_46,1,primary,centre,0.36170495538257075,
bbbc041,site_a,6b473806-e936-4b19-98cf-a2b94cac35ff_61,1,primary,centre,0.34055555555555556,
bbbc041,site_a,4372709c-f356-4906-be17-415384d916e8_28,1,primary,centre,0.4091218760084621,
bbbc041,site_a,4372709c-f356-4906-be17-415384d916e8_37,1,primary,centre,0.46469728242174063,
bbbc041,site_a,c10b125d-10c2-474a-9c6a-5249935c638e_50,1,primary,centre,0.3224630202958376,
bbbc041,site_a,7dcc84ce-e8b4-46c8-9506-7c8ebda5da2f_27,1,primary,centre,0.39089285714285715,
bbbc041,site_a,ac8df764-c8d8-4312-916d-70bfb37574b4_19,1,primary,centre,0.5615426997245179,
bbbc041,site_a,ac8df764-c8d8-4312-916d-70bfb37574b4_32,1,primary,centre,0.4743012422360248,
bbbc041,site_a,ac8df764-c8d8-4312-916d-70bfb37574b4_49,1,primary,centre,0.7085347377534088,
bbbc041,site_a,a824b499-3736-4581-bbdc-be1b3b4cf756_53,1,primary,centre,0.42673746471299906,
bbbc041,site_a,a824b499-3736-4581-bbdc-be1b3b4cf756_54,1,primary,centre,0.3587782118055556,
bbbc041,site_a,4adcaa26-aa1f-47b5-bdf0-18c9f814f576_44,1,primary,centre,0.39059428835703547,
bbbc041,site_a,89b3d781-2f81-4d23-bed4-84da064df7f3_45,1,primary,centre,0.5016415489893596,
bbbc041,site_a,b3606d0e-6fe5-478a-bb4b-64d7c4889d86_28,1,primary,centre,0.5116541838842975,
bbbc041,site_a,b3606d0e-6fe5-478a-bb4b-64d7c4889d86_30,1,primary,centre,0.3227251705399468,
bbbc041,site_a,0dcbf2c9-f959-4703-a72b-f6a81e66c2ea_47,1,primary,centre,0.5117932708983698,
bbbc041,site_a,0dcbf2c9-f959-4703-a72b-f6a81e66c2ea_52,1,primary,centre,0.7023735810113519,
bbbc041,site_a,0dcbf2c9-f959-4703-a72b-f6a81e66c2ea_61,1,primary,centre,0.5937766237981257,
bbbc041,site_a,0dcbf2c9-f959-4703-a72b-f6a81e66c2ea_64,1,primary,centre,0.6290315690546371,
bbbc041,site_a,0dcbf2c9-f959-4703-a72b-f6a81e66c2ea_67,1,primary,centre,0.6156517094017094,
bbbc041,site_a,0dcbf2c9-f959-4703-a72b-f6a81e66c2ea_68,1,primary,centre,0.5888225475089882,
bbbc041,site_a,0dcbf2c9-f959-4703-a72b-f6a81e66c2ea_69,1,primary,centre,0.4649673202614379,
bbbc041,site_a,a588091c-5e4c-4e61-914d-e96f3ee3e505_23,1,primary,centre,0.5785210652059903,
bbbc041,site_a,a588091c-5e4c-4e61-914d-e96f3ee3e505_27,1,primary,centre,0.4429968836565097,
bbbc041,site_a,a588091c-5e4c-4e61-914d-e96f3ee3e505_34,1,primary,centre,0.4845553697953985,
bbbc041,site_a,f28e6d66-af71-40c1-b30c-da71d7230a3f_11,1,primary,centre,0.4311713836477987,
bbbc041,site_a,f28e6d66-af71-40c1-b30c-da71d7230a3f_20,1,primary,centre,0.4070496218792085,
bbbc041,site_a,9e82c996-2cfa-418d-9482-8ee23e9d0a5d_71,1,primary,centre,0.6053889613211647,
bbbc041,site_a,9e82c996-2cfa-418d-9482-8ee23e9d0a5d_72,1,primary,centre,0.37913653298268685,
bbbc041,site_a,7d041c38-11f2-4186-8a24-29d7d0f5c3cf_67,1,primary,centre,0.4684812521499828,
bbbc041,site_a,7c870293-2665-4a6b-a4fa-336959051dfc_46,1,primary,centre,0.4130374957000344,
bbbc041,site_a,ca5e6a15-ba65-48ea-8913-2d986e71bf3a_40,1,primary,centre,0.42050055207949943,
bbbc041,site_a,aaade430-4c49-4038-97b7-f8cdd937db57_47,1,primary,centre,0.3633078730904818,
bbbc041,site_a,a88a48b6-f85c-45c1-b42f-79716c8463f1_18,1,primary,centre,0.4719173906416705,
bbbc041,site_a,00d04a90-80e5-4bce-9511-1b64eabb7a47_18,1,primary,centre,0.5257307859657451,
bbbc041,site_a,00d04a90-80e5-4bce-9511-1b64eabb7a47_72,1,primary,centre,0.6095421279789829,
bbbc041,site_a,00d04a90-80e5-4bce-9511-1b64eabb7a47_130,1,primary,centre,0.2673574741882388,
bbbc041,site_a,8190ec37-9a5e-419f-89ed-fbfb079370db_5,1,primary,centre,0.5329045211183819,
bbbc041,site_a,8190ec37-9a5e-419f-89ed-fbfb079370db_18,1,primary,centre,0.48502514860539553,
bbbc041,site_a,8190ec37-9a5e-419f-89ed-fbfb079370db_47,1,primary,centre,0.48979688238072744,
bbbc041,site_a,8190ec37-9a5e-419f-89ed-fbfb079370db_61,1,primary,centre,0.4989482348637278,
bbbc041,site_a,d32022fa-e492-4b31-a776-9435cfdef6d6_38,1,primary,centre,0.43049143326151634,
bbbc041,site_a,d32022fa-e492-4b31-a776-9435cfdef6d6_42,1,primary,centre,0.5560024258674072,
bbbc041,site_a,5c037ffc-f515-48b3-b231-c110fbd2b8ca_100,1,primary,centre,0.527578282102844,
bbbc041,site_a,c9ad92d4-b408-4506-916e-def47b2e6ed0_19,1,primary,centre,0.4336289726533629,
bbbc041,site_a,c9ad92d4-b408-4506-916e-def47b2e6ed0_44,1,primary,centre,0.455723212924859,
bbbc041,site_a,f4c2b43f-a2e7-4746-8034-0b34aebba8ee_6,1,primary,centre,0.4505135387488329,
bbbc041,site_a,f4c2b43f-a2e7-4746-8034-0b34aebba8ee_21,1,primary,centre,0.4489644970414201,
bbbc041,site_a,f4c2b43f-a2e7-4746-8034-0b34aebba8ee_35,1,primary,centre,0.5925802615933412,
bbbc041,site_a,09bcedaa-e007-4692-a13f-ab02c3f872c4_52,1,primary,centre,0.21619941700960219,
bbbc041,site_a,7942691b-6376-4c75-ae8a-ddf65454dcb2_51,1,primary,centre,0.2246604938271605,
bbbc041,site_a,a7c91b63-b97c-4f4b-8d34-7ad2b08d7a17_31,1,primary,centre,0.46044444444444443,
bbbc041,site_a,a7c91b63-b97c-4f4b-8d34-7ad2b08d7a17_90,1,primary,nearest,0.40453283078754215,
bbbc041,site_a,a7c91b63-b97c-4f4b-8d34-7ad2b08d7a17_91,1,primary,centre,0.45422981537613666,
bbbc041,site_a,e9916e11-9be6-4dec-9df6-2e7d1a8e1735_8,1,primary,centre,0.47226331360946744,
bbbc041,site_a,e9916e11-9be6-4dec-9df6-2e7d1a8e1735_37,1,primary,centre,0.2746342055734321,
bbbc041,site_a,d615b706-8f50-4d96-8de5-6858897528d0_21,1,primary,centre,0.45206947524020696,
bbbc041,site_a,d615b706-8f50-4d96-8de5-6858897528d0_23,1,primary,centre,0.4591482426303855,
bbbc041,site_a,d615b706-8f50-4d96-8de5-6858897528d0_26,1,primary,centre,0.46448863636363635,
bbbc041,site_a,d615b706-8f50-4d96-8de5-6858897528d0_30,1,primary,centre,0.38656735260699404,
bbbc041,site_a,d615b706-8f50-4d96-8de5-6858897528d0_36,1,primary,centre,0.42918557439694294,
bbbc041,site_a,2f68686f-1fe8-46e7-ad92-a08e3523ea79_25,1,primary,centre,0.43404444444444445,
bbbc041,site_a,2f68686f-1fe8-46e7-ad92-a08e3523ea79_26,1,primary,centre,0.46320346320346323,
bbbc041,site_a,2f68686f-1fe8-46e7-ad92-a08e3523ea79_44,1,primary,centre,0.382497481761851,
bbbc041,site_a,319c9c52-f316-49f3-baad-4444ab19f85b_95,1,primary,centre,0.5754655127196433,
bbbc041,site_a,50f2f514-6c8e-4c79-b3b3-0be56dd0b78b_42,1,primary,centre,0.4028730376467002,
bbbc041,site_a,7eae1169-e294-4594-8e03-1366d23ff2d1_27,1,primary,centre,0.457881038532343,
bbbc041,site_a,7eae1169-e294-4594-8e03-1366d23ff2d1_43,1,primary,centre,0.4703532296981923,
bbbc041,site_a,7eae1169-e294-4594-8e03-1366d23ff2d1_46,1,primary,centre,0.49023933402705516,
bbbc041,site_a,7eae1169-e294-4594-8e03-1366d23ff2d1_62,1,primary,centre,0.41799668482121716,
bbbc041,site_a,5cac6ddf-c8c6-45de-bce0-a1db64b14fb5_81,1,primary,centre,0.5580489115829078,
bbbc041,site_a,7fd2d254-b062-4f3d-8970-687e73c5a00a_51,1,primary,centre,0.4109942979330007,
bbbc041,site_a,a4d7a7e1-5ae1-486d-b6ee-c9af1476ccad_20,1,primary,centre,0.3828395328719723,
bbbc041,site_a,a4d7a7e1-5ae1-486d-b6ee-c9af1476ccad_24,1,primary,centre,0.45830309188561474,
bbbc041,site_a,a4d7a7e1-5ae1-486d-b6ee-c9af1476ccad_76,1,primary,centre,0.30644132653061223,
bbbc041,site_a,a4d7a7e1-5ae1-486d-b6ee-c9af1476ccad_103,1,primary,centre,0.4807561539507684,
bbbc041,site_a,a4d7a7e1-5ae1-486d-b6ee-c9af1476ccad_105,1,primary,centre,0.5006680369989722,
bbbc041,site_a,e4827c85-311a-4df1-89c2-99dad0c3558c_79,1,primary,nearest,0.32816438122089797,
bbbc041,site_a,e4827c85-311a-4df1-89c2-99dad0c3558c_81,1,primary,centre,0.5958356315499173,
bbbc041,site_a,434523fd-d4d9-4961-a7c2-d71d6ae68e13_15,1,primary,centre,0.5554305834026114,
bbbc041,site_a,434523fd-d4d9-4961-a7c2-d71d6ae68e13_33,1,primary,centre,0.46176970847672166,
bbbc041,site_a,8a7deb24-d2b4-4acf-86c4-3aadd39157fa_47,1,primary,centre,0.2294188323246707,
bbbc041,site_a,8a7deb24-d2b4-4acf-86c4-3aadd39157fa_48,1,primary,centre,0.49245173464944114,
bbbc041,site_a,a0eeeb10-d0cb-48d9-8c22-2c3a3c908d00_40,1,primary,centre,0.20276357438519602,
bbbc041,site_a,a0eeeb10-d0cb-48d9-8c22-2c3a3c908d00_41,1,primary,centre,0.4043616177636796,
bbbc041,site_a,5e2cea49-0823-49d1-83cf-8fd1559cdd93_15,1,primary,centre,0.4970310564312871,
bbbc041,site_a,5e2cea49-0823-49d1-83cf-8fd1559cdd93_21,1,primary,centre,0.5780873753009976,
bbbc041,site_a,03c8da48-04b9-4520-b674-44a0ecd35688_1,1,primary,centre,0.44490254872563717,
bbbc041,site_a,03c8da48-04b9-4520-b674-44a0ecd35688_92,1,primary,centre,0.7147887323943662,
bbbc041,site_a,565513be-2c20-4ee3-94f3-093869515d3d_16,1,primary,centre,0.38293063773833,
bbbc041,site_a,6bfe6a90-8a69-4171-8e7f-42dc9417c6d9_10,1,primary,centre,0.4774659319065317,
bbbc041,site_a,6bfe6a90-8a69-4171-8e7f-42dc9417c6d9_23,1,primary,centre,0.4129711751662971,
bbbc041,site_a,6bfe6a90-8a69-4171-8e7f-42dc9417c6d9_69,1,primary,centre,0.38570501730103807,
bbbc041,site_a,6bfe6a90-8a69-4171-8e7f-42dc9417c6d9_78,1,primary,centre,0.4839476813317479,
bbbc041,site_a,faead1c7-bb2c-4adf-bfce-9ff36cd2cf6a_11,1,primary,centre,0.410828025477707,
bbbc041,site_a,faead1c7-bb2c-4adf-bfce-9ff36cd2cf6a_17,1,primary,centre,0.5013109410430839,
bbbc041,site_a,faead1c7-bb2c-4adf-bfce-9ff36cd2cf6a_26,1,primary,centre,0.32813198605025484,
bbbc041,site_a,a2754679-68b0-40f4-be01-bafad5ac1261_42,1,primary,centre,0.36524413687043444,
bbbc041,site_a,a2754679-68b0-40f4-be01-bafad5ac1261_83,1,primary,centre,0.5371058893515764,
bbbc041,site_a,f77d7469-d083-4c2d-a4ea-5a9ff162e3e2_50,1,primary,nearest,0.25933444789427595,
bbbc041,site_a,f77d7469-d083-4c2d-a4ea-5a9ff162e3e2_79,1,primary,centre,0.47219685902118336,
bbbc041,site_a,acb16781-11ad-4327-874a-5c9c35dcb085_23,1,primary,centre,0.541640625,
bbbc041,site_a,acb16781-11ad-4327-874a-5c9c35dcb085_32,1,primary,centre,0.2665696841455619,
bbbc041,site_a,acb16781-11ad-4327-874a-5c9c35dcb085_38,1,primary,centre,0.317725059566974,
bbbc041,site_a,acb16781-11ad-4327-874a-5c9c35dcb085_39,1,primary,centre,0.2735157497459718,
bbbc041,site_a,acb16781-11ad-4327-874a-5c9c35dcb085_40,1,primary,centre,0.48245397764628534,
bbbc041,site_a,acb16781-11ad-4327-874a-5c9c35dcb085_41,1,primary,centre,0.462313383538116,
bbbc041,site_a,acb16781-11ad-4327-874a-5c9c35dcb085_45,1,primary,centre,0.496140350877193,
bbbc041,site_a,1519257c-e3e5-4474-908f-8665b3cf1258_10,1,primary,centre,0.4066350316350316,
bbbc041,site_a,1519257c-e3e5-4474-908f-8665b3cf1258_32,1,primary,centre,0.5412795650939186,
bbbc041,site_a,1519257c-e3e5-4474-908f-8665b3cf1258_33,1,primary,centre,0.4386145404663923,
bbbc041,site_a,1519257c-e3e5-4474-908f-8665b3cf1258_43,1,primary,centre,0.6198881172839507,
bbbc041,site_a,1519257c-e3e5-4474-908f-8665b3cf1258_69,1,primary,centre,0.619195504288672,
bbbc041,site_a,f0fe292d-85ae-4c3a-a676-037dde2594e6_55,1,primary,nearest,0.20978599773242632,
bbbc041,site_a,f0fe292d-85ae-4c3a-a676-037dde2594e6_56,1,primary,centre,0.08104983235056076,
bbbc041,site_a,49288109-80e9-4ec8-96d1-26a0166b8883_46,1,primary,centre,0.3975026014568158,
bbbc041,site_a,ec60ab26-3343-4c5f-9667-cdae999c7d86_14,1,primary,centre,0.4123429416112343,
bbbc041,site_a,214f1d15-a081-476e-992d-6c3a77f03d59_28,1,primary,centre,0.4002055498458376,
bbbc041,site_a,214f1d15-a081-476e-992d-6c3a77f03d59_62,1,primary,centre,0.49703955656336607,
bbbc041,site_a,7abc0d26-dd66-4ef4-8c4e-4a661e589a7f_4,1,primary,centre,0.48696145124716556,
bbbc041,site_a,7abc0d26-dd66-4ef4-8c4e-4a661e589a7f_34,1,primary,centre,0.48166468489892983,
bbbc041,site_a,7abc0d26-dd66-4ef4-8c4e-4a661e589a7f_44,1,primary,centre,0.39317901234567904,
bbbc041,site_a,7abc0d26-dd66-4ef4-8c4e-4a661e589a7f_46,1,primary,centre,0.5,
bbbc041,site_a,7abc0d26-dd66-4ef4-8c4e-4a661e589a7f_51,1,primary,centre,0.40168505992642695,
bbbc041,site_a,1c87b997-a8e6-48ca-bf40-19b9a7fd6a96_13,1,primary,centre,0.3899887408519422,
bbbc041,site_a,1c87b997-a8e6-48ca-bf40-19b9a7fd6a96_51,1,primary,centre,0.2612960760998811,
bbbc041,site_a,93b47b14-7f78-4b31-8897-d63a81fdab01_78,1,primary,centre,0.6016799891613602,
bbbc041,site_a,f5c395f1-f94c-440d-8221-cc656e52c0b1_18,1,primary,centre,0.3707425171513569,
bbbc041,site_a,f5c395f1-f94c-440d-8221-cc656e52c0b1_23,1,primary,centre,0.40404993467847294,
bbbc041,site_a,58065a0c-d4c5-40fd-bcdc-037f61788482_44,1,primary,centre,0.019135802469135803,
bbbc041,site_a,58065a0c-d4c5-40fd-bcdc-037f61788482_45,1,primary,centre,0.4775955578512397,
bbbc041,site_a,724e0c34-32cd-41f1-ae37-586038bc67ab_6,1,primary,centre,0.5097875885047897,
bbbc041,site_a,724e0c34-32cd-41f1-ae37-586038bc67ab_33,1,primary,centre,0.4259045666196762,
bbbc041,site_a,724e0c34-32cd-41f1-ae37-586038bc67ab_63,1,primary,centre,0.5825513395892833,
bbbc041,site_a,724e0c34-32cd-41f1-ae37-586038bc67ab_66,1,primary,centre,0.6397777777777778,
bbbc041,site_a,45651e76-4bd0-45e5-895b-edec65f51987_79,1,primary,centre,0.4082687338501292,
bbbc041,site_a,645cd195-af50-409f-8da9-6e7c7f18ea09_30,1,primary,centre,0.477820880418283,
bbbc041,site_a,645cd195-af50-409f-8da9-6e7c7f18ea09_61,1,primary,centre,0.3917105547940264,
bbbc041,site_a,645cd195-af50-409f-8da9-6e7c7f18ea09_62,1,primary,centre,0.35756172839506173,
bbbc041,site_a,0ab56f9a-846d-49e2-a617-c6cc477fdfad_44,1,primary,nearest,0.0074555555555555555,
bbbc041,site_a,11b72c7b-5c52-44b7-adb7-21eacc25e441_8,1,primary,centre,0.5224657805990874,
bbbc041,site_a,11b72c7b-5c52-44b7-adb7-21eacc25e441_81,1,primary,centre,0.3502186472597274,
bbbc041,site_a,11b72c7b-5c52-44b7-adb7-21eacc25e441_82,1,primary,centre,0.45772824496228753,
bbbc041,site_a,5397d8e2-bb09-42e7-9861-65ffad0fe94e_22,1,primary,centre,0.4763363702330081,
bbbc041,site_a,3d1429ed-4619-41f7-8ff3-d698ad28034c_19,1,primary,centre,0.4803216461891919,
bbbc041,site_a,3d1429ed-4619-41f7-8ff3-d698ad28034c_35,1,primary,centre,0.48413631022326675,
bbbc041,site_a,3d1429ed-4619-41f7-8ff3-d698ad28034c_46,1,primary,centre,0.6553596180502079,
bbbc041,site_a,6e86206f-dafe-4c28-bacc-7b83b2d40f0c_45,1,primary,centre,0.19534333070244672,
bbbc041,site_a,80da32ce-8c22-470e-9f35-558c5f7a5df9_40,1,primary,centre,0.476423020373871,
bbbc041,site_a,80da32ce-8c22-470e-9f35-558c5f7a5df9_44,1,primary,centre,0.3895663956639566,
bbbc041,site_a,80da32ce-8c22-470e-9f35-558c5f7a5df9_46,1,primary,centre,0.646601725163593,
bbbc041,site_a,80da32ce-8c22-470e-9f35-558c5f7a5df9_74,1,primary,centre,0.6283492989032348,
bbbc041,site_a,80da32ce-8c22-470e-9f35-558c5f7a5df9_77,1,primary,centre,0.29505218655040294,
bbbc041,site_a,0da07970-3146-479c-8a07-f61ed32814a9_26,1,primary,centre,0.45433681544792653,
bbbc041,site_a,b3058064-d817-47dd-a8c4-cdb1f62374f8_74,1,primary,centre,0.4277565192743764,
bbbc041,site_a,e16c0dab-780d-4035-872e-1bb91e49f9d2_98,1,primary,centre,0.5438888888888889,
bbbc041,site_a,7e837856-3519-4dc0-b357-4cdcfd30b4eb_47,1,primary,centre,0.391109496124031,
bbbc041,site_a,7e837856-3519-4dc0-b357-4cdcfd30b4eb_89,1,primary,centre,0.4568055424639457,
bbbc041,site_a,4a717a39-80f8-4b75-a25e-c46d65d7dcd5_29,1,primary,centre,0.50234375,
bbbc041,site_a,4a717a39-80f8-4b75-a25e-c46d65d7dcd5_42,1,primary,centre,0.6072764907252607,
bbbc041,site_a,a3c0a876-be12-4ede-8aed-18b32a64401b_24,1,primary,centre,0.42216792180740265,
bbbc041,site_a,a3c0a876-be12-4ede-8aed-18b32a64401b_31,1,primary,centre,0.5665967910989277,
bbbc041,site_a,12269960-075f-40ca-9630-49ea2ce78294_21,1,primary,centre,0.4984080435693339,
bbbc041,site_a,12269960-075f-40ca-9630-49ea2ce78294_30,1,primary,centre,0.4366285119667013,
bbbc041,site_a,985627c9-7b85-40de-a106-eb9cc47b47cb_65,1,primary,centre,0.338807285546416,
bbbc041,site_a,985627c9-7b85-40de-a106-eb9cc47b47cb_78,1,primary,centre,0.3730519480519481,
bbbc041,site_a,985627c9-7b85-40de-a106-eb9cc47b47cb_79,1,primary,centre,0.4934782608695652,
bbbc041,site_a,985627c9-7b85-40de-a106-eb9cc47b47cb_86,1,primary,nearest,0.6116445663770766,
bbbc041,site_a,985627c9-7b85-40de-a106-eb9cc47b47cb_89,1,primary,nearest,0.4154721442293483,
bbbc041,site_a,5f300fd1-7eec-41ac-bbd1-0f4a943c757c_38,1,primary,centre,0.40484947940244453,
bbbc041,site_a,f32b21ae-5ca7-490b-bc40-6db9396d933c_29,1,primary,centre,0.4757184937504976,
bbbc041,site_a,f32b21ae-5ca7-490b-bc40-6db9396d933c_50,1,primary,centre,0.5436270997532043,
bbbc041,site_a,f32b21ae-5ca7-490b-bc40-6db9396d933c_56,1,primary,centre,0.28264243973703435,
bbbc041,site_a,f32b21ae-5ca7-490b-bc40-6db9396d933c_61,1,primary,centre,0.43261953904368766,
bbbc041,site_a,c66a3e52-0f3f-4c81-bab9-0303499549f7_29,1,primary,centre,0.3108448928121059,
bbbc041,site_a,c66a3e52-0f3f-4c81-bab9-0303499549f7_36,1,primary,centre,0.39604037267080744,
bbbc041,site_a,c66a3e52-0f3f-4c81-bab9-0303499549f7_44,1,primary,centre,0.284154678094072,
bbbc041,site_a,c66a3e52-0f3f-4c81-bab9-0303499549f7_45,1,primary,centre,0.3349008963514708,
bbbc041,site_a,bdb5d571-27bc-4a42-ae45-aa5a9af40a81_56,1,primary,centre,0.3733802673196613,
bbbc041,site_a,bdb5d571-27bc-4a42-ae45-aa5a9af40a81_64,1,primary,centre,0.42911280846063454,
bbbc041,site_a,7f528918-27d4-421f-ab57-0cf9c693e697_44,1,primary,centre,0.4149321266968326,
bbbc041,site_a,f5c51193-8a27-4ef3-83ad-771395d63caf_7,1,primary,centre,0.49004273159719425,
bbbc041,site_a,f5c51193-8a27-4ef3-83ad-771395d63caf_23,1,primary,centre,0.3523701298701299,
bbbc041,site_a,a63fa2c7-3ec8-4bb7-bde6-a39e09d2f806_49,1,primary,centre,0.2695130276481966,
bbbc041,site_a,a72cd558-b7ac-4bf2-a344-2ce6c73a354e_74,1,primary,centre,0.5692389710782354,
bbbc041,site_a,59f5699f-885f-4004-b783-a60060144e43_15,1,primary,centre,0.5148046875,
bbbc041,site_a,e0ff3476-226f-4125-b182-8e524d5503dd_78,1,primary,centre,0.5154448278764414,
bbbc041,site_a,9af1ee02-87fd-42bc-963e-fa9ac3eb45bb_28,1,primary,centre,0.5490909090909091,
bbbc041,site_a,9af1ee02-87fd-42bc-963e-fa9ac3eb45bb_29,1,primary,centre,0.5240384615384616,
bbbc041,site_a,9af1ee02-87fd-42bc-963e-fa9ac3eb45bb_35,1,primary,centre,0.5146640730210983,
bbbc041,site_a,9af1ee02-87fd-42bc-963e-fa9ac3eb45bb_52,1,primary,centre,0.5073961717093076,
bbbc041,site_a,9af1ee02-87fd-42bc-963e-fa9ac3eb45bb_61,1,primary,centre,0.4695533871270407,
bbbc041,site_a,7dfbfeaf-e3b1-4159-8dcd-d7f731280ac8_13,1,primary,centre,0.45592435733280806,
bbbc041,site_a,7dfbfeaf-e3b1-4159-8dcd-d7f731280ac8_29,1,primary,centre,0.4264,
bbbc041,site_a,7dfbfeaf-e3b1-4159-8dcd-d7f731280ac8_37,1,primary,centre,0.4025455796353629,
bbbc041,site_a,7dfbfeaf-e3b1-4159-8dcd-d7f731280ac8_41,1,primary,centre,0.3380347738258423,
bbbc041,site_a,7dfbfeaf-e3b1-4159-8dcd-d7f731280ac8_81,1,primary,centre,0.32181146688658613,
bbbc041,site_a,7dfbfeaf-e3b1-4159-8dcd-d7f731280ac8_82,1,primary,nearest,0.3435123435123435,
bbbc041,site_a,7dfbfeaf-e3b1-4159-8dcd-d7f731280ac8_99,1,primary,centre,0.5566907464740282,
bbbc041,site_a,7dfbfeaf-e3b1-4159-8dcd-d7f731280ac8_102,1,primary,centre,0.5213319458896982,
bbbc041,site_a,9ecf2006-8d49-4ae8-a14b-ed8b3b14ee7c_37,1,primary,centre,0.2422267946959305,
bbbc041,site_a,f7a4334a-4332-4de8-b39b-22da907976f2_6,1,primary,centre,0.5537694529866741,
bbbc041,site_a,f7a4334a-4332-4de8-b39b-22da907976f2_13,1,primary,centre,0.31561519693272916,
bbbc041,site_a,f7a4334a-4332-4de8-b39b-22da907976f2_54,1,primary,centre,0.44128326711948396,
bbbc041,site_a,f7a4334a-4332-4de8-b39b-22da907976f2_77,1,primary,centre,0.5492604090577063,
bbbc041,site_a,f7a4334a-4332-4de8-b39b-22da907976f2_85,1,primary,centre,0.46378194010868307,
bbbc041,site_a,9e1b0217-0926-4fd1-bb9e-a815c05deb59_21,1,primary,centre,0.4435204081632653,
bbbc041,site_a,9e1b0217-0926-4fd1-bb9e-a815c05deb59_44,1,primary,centre,0.5109465806862511,
bbbc041,site_a,e1937e32-85d5-4cd8-bb4a-b9cf8ee7ceeb_25,1,primary,centre,0.5269970414201184,
bbbc041,site_a,631340cc-cedf-4bca-a3d8-a0731a5482b4_29,1,primary,centre,0.5523250942605782,
bbbc041,site_a,631340cc-cedf-4bca-a3d8-a0731a5482b4_48,1,primary,centre,0.4827461098121422,
bbbc041,site_a,631340cc-cedf-4bca-a3d8-a0731a5482b4_49,1,primary,centre,0.6342767295597485,
bbbc041,site_a,6afd8203-d61a-4e9b-a4cf-dcb53a16b57c_30,1,primary,centre,0.49764726385500174,
bbbc041,site_a,6afd8203-d61a-4e9b-a4cf-dcb53a16b57c_56,1,primary,centre,0.4554469135802469,
bbbc041,site_a,d82c657e-5678-41da-9a6e-3ad29430b759_10,1,primary,centre,0.4608562444569862,
bbbc041,site_a,d82c657e-5678-41da-9a6e-3ad29430b759_44,1,primary,centre,0.5483033095936322,
bbbc041,site_a,f0804a5e-e7f5-4cf2-a5df-b65e66502bf1_42,1,primary,centre,0.39035546982639846,
bbbc041,site_a,f0804a5e-e7f5-4cf2-a5df-b65e66502bf1_58,1,primary,centre,0.4310922330097087,
bbbc041,site_a,f0804a5e-e7f5-4cf2-a5df-b65e66502bf1_61,1,primary,centre,0.3752324598478445,
bbbc041,site_a,d3283f5b-3b3a-40ea-800b-79960ca851cb_51,1,primary,centre,0.40114675569748875,
bbbc041,site_a,43bc935a-f655-45e1-a64d-fcb8b78267a6_15,1,primary,centre,0.2803028464655779,
bbbc041,site_a,43bc935a-f655-45e1-a64d-fcb8b78267a6_49,1,primary,centre,0.5517343787122833,
bbbc041,site_a,9f4bc3b4-abb0-4bcb-baa8-ec9f25e2b9c6_3,1,primary,centre,0.42370887257089535,
bbbc041,site_a,9f4bc3b4-abb0-4bcb-baa8-ec9f25e2b9c6_23,1,primary,centre,0.49741882388149034,
bbbc041,site_a,9f4bc3b4-abb0-4bcb-baa8-ec9f25e2b9c6_37,1,primary,centre,0.41920140927774513,
bbbc041,site_a,289ef1b7-02d5-42e9-a401-687688181306_11,1,primary,centre,0.4730355665839537,
bbbc041,site_a,289ef1b7-02d5-42e9-a401-687688181306_26,1,primary,centre,0.4425193337299227,
bbbc041,site_a,289ef1b7-02d5-42e9-a401-687688181306_41,1,primary,centre,0.256386130685458,
bbbc041,site_a,b9d65ef3-1adc-4479-abee-2e422f5a613a_45,1,primary,centre,0.4108695652173913,
bbbc041,site_a,b9d65ef3-1adc-4479-abee-2e422f5a613a_59,1,primary,centre,0.290314596173362,
bbbc041,site_a,44b4a765-104e-4182-8871-e933c83c91ef_46,1,primary,centre,0.35432196669310073,
bbbc041,site_a,44b4a765-104e-4182-8871-e933c83c91ef_48,1,primary,centre,0.34716722509899484,
bbbc041,site_a,de0321fa-6f7d-4dd1-b96b-186701c3b1d9_49,1,primary,centre,0.2133246527777778,
bbbc041,site_a,d9c9479e-f1ea-4d6e-861f-843ff9a90d19_41,1,primary,centre,0.462642573369217,
bbbc041,site_a,d9c9479e-f1ea-4d6e-861f-843ff9a90d19_71,1,primary,centre,0.4821917808219178,
bbbc041,site_a,06401963-8b02-46c5-ab2a-3d70bd01623f_43,1,primary,nearest,0.409748427672956,
bbbc041,site_a,06401963-8b02-46c5-ab2a-3d70bd01623f_66,1,primary,centre,0.5566388536187193,
bbbc041,site_a,6013bff0-dc4b-4bde-9409-0f6139c3495c_30,1,primary,centre,0.4621952947845805,
bbbc041,site_a,6013bff0-dc4b-4bde-9409-0f6139c3495c_34,1,primary,centre,0.47186666666666666,
bbbc041,site_a,6013bff0-dc4b-4bde-9409-0f6139c3495c_47,1,primary,centre,0.4385493827160494,
bbbc041,site_a,6013bff0-dc4b-4bde-9409-0f6139c3495c_51,1,primary,nearest,0.5010319917440661,
bbbc041,site_a,5e974892-0ebe-4037-8427-ea8616d6d3b8_104,1,primary,centre,0.7167733577198597,
bbbc041,site_a,5e974892-0ebe-4037-8427-ea8616d6d3b8_105,1,primary,centre,0.5715710985087167,
bbbc041,site_a,03cbfcf2-8da6-462c-b30d-16d63357371f_2,1,primary,centre,0.3929840918361401,
bbbc041,site_a,03cbfcf2-8da6-462c-b30d-16d63357371f_24,1,primary,centre,0.4690992767915845,
bbbc041,site_a,03cbfcf2-8da6-462c-b30d-16d63357371f_46,1,primary,centre,0.5091263256619292,
bbbc041,site_a,03cbfcf2-8da6-462c-b30d-16d63357371f_62,1,primary,centre,0.29634731149882665,
bbbc041,site_a,0d3c2521-da55-4df5-bf06-56b3bd4fb2fc_28,1,primary,centre,0.48808234019501623,
bbbc041,site_a,0d3c2521-da55-4df5-bf06-56b3bd4fb2fc_39,1,primary,centre,0.513052558301427,
bbbc041,site_a,0d3c2521-da55-4df5-bf06-56b3bd4fb2fc_74,1,primary,centre,0.5774681152574398,
bbbc041,site_a,2a91387a-d30f-418d-ac3a-f7cfa6836261_21,1,primary,centre,0.44778451921309065,
bbbc041,site_a,2a91387a-d30f-418d-ac3a-f7cfa6836261_35,1,primary,centre,0.6056210691823899,
bbbc041,site_a,2a91387a-d30f-418d-ac3a-f7cfa6836261_49,1,primary,centre,0.6097636176772867,
bbbc041,site_a,2a91387a-d30f-418d-ac3a-f7cfa6836261_66,1,primary,centre,0.7665064393252313,
bbbc041,site_a,0a7bfa8a-ee52-4f7a-b9c5-2919ecfa93ef_17,1,primary,centre,0.49017301038062283,
bbbc041,site_a,34a70114-d3e3-4351-b8db-f6caab17e743_49,1,primary,centre,0.47803540758356455,
bbbc041,site_a,34a70114-d3e3-4351-b8db-f6caab17e743_50,1,primary,centre,0.4860700197238659,
bbbc041,site_a,6ba5d0b8-cdc7-4266-9d78-db76faa312e9_11,1,primary,centre,0.5413669064748201,
bbbc041,site_a,6ba5d0b8-cdc7-4266-9d78-db76faa312e9_26,1,primary,centre,0.3927951388888889,
bbbc041,site_a,6ba5d0b8-cdc7-4266-9d78-db76faa312e9_56,1,primary,centre,0.35953079178885633,
bbbc041,site_a,6ba5d0b8-cdc7-4266-9d78-db76faa312e9_58,1,primary,centre,0.5128743608473338,
bbbc041,site_a,6ba5d0b8-cdc7-4266-9d78-db76faa312e9_67,1,primary,nearest,0.41902970679012347,
bbbc041,site_a,6ba5d0b8-cdc7-4266-9d78-db76faa312e9_79,1,primary,centre,0.5285779606767261,
bbbc041,site_a,6dfafdf1-f588-4e80-8cf8-0126e1bf7af9_94,1,primary,centre,0.697651203758074,
bbbc041,site_a,76021d69-8919-4688-95ef-7418eff620cc_29,1,primary,centre,0.5879152975538517,
bbbc041,site_a,76021d69-8919-4688-95ef-7418eff620cc_60,1,primary,centre,0.3791138076852363,
bbbc041,site_a,76021d69-8919-4688-95ef-7418eff620cc_66,1,primary,centre,0.435975257255174,
bbbc041,site_a,a74b6d6a-7e04-40ac-9292-d62f13f7ded3_18,1,primary,centre,0.47474606280868514,
bbbc041,site_a,a74b6d6a-7e04-40ac-9292-d62f13f7ded3_81,1,primary,centre,0.38233503774044314,
bbbc041,site_a,dec61ae1-5037-4c3a-8952-15371becca7d_32,1,primary,centre,0.42205638474295193,
bbbc041,site_a,dec61ae1-5037-4c3a-8952-15371becca7d_63,1,primary,centre,0.4436058447047458,
bbbc041,site_a,dec61ae1-5037-4c3a-8952-15371becca7d_106,1,primary,centre,0.6008310249307479,
bbbc041,site_a,dec61ae1-5037-4c3a-8952-15371becca7d_107,1,primary,centre,0.5143849206349206,
bbbc041,site_a,ff3b9d4d-373c-48ef-a75a-d23e2c2ade87_67,1,primary,nearest,0.22526866905483603,
bbbc041,site_a,ff3b9d4d-373c-48ef-a75a-d23e2c2ade87_73,1,primary,centre,0.3635437511369838,
bbbc041,site_a,5e042380-6ef2-496f-8231-0ca550fbfa71_58,1,primary,centre,0.45997193108184775,
bbbc041,site_a,5e042380-6ef2-496f-8231-0ca550fbfa71_86,1,primary,centre,0.5164658634538153,
bbbc041,site_a,5e042380-6ef2-496f-8231-0ca550fbfa71_105,1,primary,centre,0.6110756802721088,
bbbc041,site_a,5e042380-6ef2-496f-8231-0ca550fbfa71_106,1,primary,centre,0.6917424922038532,
bbbc041,site_a,50715879-2300-4dba-8f4a-3314ff8cfcce_17,1,primary,centre,0.4928780896522832,
bbbc041,site_a,50715879-2300-4dba-8f4a-3314ff8cfcce_25,1,primary,centre,0.4641748268449964,
bbbc041,site_a,50715879-2300-4dba-8f4a-3314ff8cfcce_36,1,primary,centre,0.4819078357539896,
bbbc041,site_a,50715879-2300-4dba-8f4a-3314ff8cfcce_45,1,primary,centre,0.3504508399209486,
bbbc041,site_a,45ac9409-5537-44ed-90cd-5c8a1ae0e1e0_47,1,primary,centre,0.17618845243154635,
bbbc041,site_a,24418314-f7a4-49fc-a03e-ec597ca6796e_31,1,primary,centre,0.5924245577523413,
bbbc041,site_a,24418314-f7a4-49fc-a03e-ec597ca6796e_34,1,primary,centre,0.54437893081761,
bbbc041,site_a,24418314-f7a4-49fc-a03e-ec597ca6796e_40,1,primary,centre,0.6249635802109434,
bbbc041,site_a,24418314-f7a4-49fc-a03e-ec597ca6796e_60,1,primary,centre,0.5516446462978255,
bbbc041,site_a,24418314-f7a4-49fc-a03e-ec597ca6796e_68,1,primary,centre,0.5303792749976703,
bbbc041,site_a,24418314-f7a4-49fc-a03e-ec597ca6796e_78,1,primary,nearest,0.56859375,
bbbc041,site_a,24418314-f7a4-49fc-a03e-ec597ca6796e_79,1,primary,centre,0.543575252825699,
bbbc041,site_a,b523daee-317b-461d-bdc1-07b4add4d488_12,1,primary,centre,0.4875754422476587,
bbbc041,site_a,b523daee-317b-461d-bdc1-07b4add4d488_16,1,primary,centre,0.40972056364939097,
bbbc041,site_a,b523daee-317b-461d-bdc1-07b4add4d488_50,1,primary,centre,0.4815432098765432,
bbbc041,site_a,b523daee-317b-461d-bdc1-07b4add4d488_54,1,primary,centre,0.4228439059158945,
bbbc041,site_a,da49db57-0c2f-4213-b322-c88c19fb9296_63,1,primary,centre,0.3993993993993994,
bbbc041,site_a,01b38a56-13eb-447b-89ee-fc21cb40dcc1_12,1,primary,centre,0.46716645842010274,
bbbc041,site_a,01b38a56-13eb-447b-89ee-fc21cb40dcc1_38,1,primary,nearest,0.13130908508251882,
bbbc041,site_a,01b38a56-13eb-447b-89ee-fc21cb40dcc1_85,1,primary,centre,0.5177177894569199,
bbbc041,site_a,397f37bc-a3a4-4257-9430-c8fc5716f8b1_61,1,primary,centre,0.35273614499825723,
bbbc041,site_a,c54fcef1-0c51-4426-9a93-15ec5f2bf58a_0,1,primary,centre,0.4257742969028124,
bbbc041,site_a,c54fcef1-0c51-4426-9a93-15ec5f2bf58a_18,1,primary,centre,0.5818897318349628,
bbbc041,site_a,c54fcef1-0c51-4426-9a93-15ec5f2bf58a_32,1,primary,centre,0.44688478941872606,
bbbc041,site_a,daea4860-a296-4f6d-acef-996ab0882676_98,1,primary,centre,0.5795807453416149,
bbbc041,site_a,d7581cb0-7a12-471d-a3d8-68dcea362213_12,1,primary,centre,0.421474358974359,
bbbc041,site_a,d7581cb0-7a12-471d-a3d8-68dcea362213_29,1,primary,centre,0.37701347797501644,
bbbc041,site_a,d7581cb0-7a12-471d-a3d8-68dcea362213_35,1,primary,centre,0.46462031558185407,
bbbc041,site_a,d7581cb0-7a12-471d-a3d8-68dcea362213_38,1,primary,centre,0.4372112382934443,
bbbc041,site_a,25c6cfb1-01d0-4864-87f9-02b7593683c7_28,1,primary,centre,0.2684042066758116,
bbbc041,site_a,25c6cfb1-01d0-4864-87f9-02b7593683c7_39,1,primary,centre,0.6686921296296297,
bbbc041,site_a,25c6cfb1-01d0-4864-87f9-02b7593683c7_41,1,primary,centre,0.5798668262756247,
bbbc041,site_a,25c6cfb1-01d0-4864-87f9-02b7593683c7_61,1,primary,centre,0.40645558634976625,
bbbc041,site_a,25c6cfb1-01d0-4864-87f9-02b7593683c7_73,1,primary,centre,0.3729382163824434,
bbbc041,site_a,25c6cfb1-01d0-4864-87f9-02b7593683c7_79,1,primary,centre,0.4160609127714391,
bbbc041,site_a,25c6cfb1-01d0-4864-87f9-02b7593683c7_92,1,primary,centre,0.4129512262331221,
bbbc041,site_a,c8af0297-ce1f-40ea-bf44-9256dcdae4e9_46,1,primary,centre,0.3509424603174603,
bbbc041,site_a,c8af0297-ce1f-40ea-bf44-9256dcdae4e9_55,1,primary,centre,0.33952567908327747,
bbbc041,site_a,14005767-9296-4b48-8a9d-bbe9b2040005_36,1,primary,centre,0.32971719287745027,
bbbc041,site_a,fcdf6632-c03f-49a8-9fb3-42e87c99b9d0_28,1,primary,centre,0.5801187577427486,
bbbc041,site_a,fcdf6632-c03f-49a8-9fb3-42e87c99b9d0_40,1,primary,centre,0.3904709748083242,
bbbc041,site_a,fcdf6632-c03f-49a8-9fb3-42e87c99b9d0_49,1,primary,centre,0.3641584220217846,
bbbc041,site_a,5f66d20c-fbfe-44ec-a01b-8a09da24807e_21,1,primary,centre,0.48008546319438844,
bbbc041,site_a,5f66d20c-fbfe-44ec-a01b-8a09da24807e_50,1,primary,centre,0.5142316699693749,
bbbc041,site_a,b87fb62d-2c36-4f68-aba9-37fcd7d46eef_74,1,primary,centre,0.5627620911378249,
bbbc041,site_a,b87fb62d-2c36-4f68-aba9-37fcd7d46eef_75,1,primary,centre,0.3001183262218079,
bbbc041,site_a,087f2c9c-188d-43cc-a94c-0eb8f10ac092_46,1,primary,centre,0.4273326396115158,
bbbc041,site_a,087f2c9c-188d-43cc-a94c-0eb8f10ac092_47,1,primary,centre,0.40147819660014783,
bbbc041,site_a,b88fe674-fb9a-41d4-b100-cb1c86440d44_42,1,primary,centre,0.44232253086419754,
bbbc041,site_a,b88fe674-fb9a-41d4-b100-cb1c86440d44_70,1,primary,centre,0.5094246031746031,
bbbc041,site_a,b88fe674-fb9a-41d4-b100-cb1c86440d44_80,1,primary,centre,0.4369684743483248,
bbbc041,site_a,b88fe674-fb9a-41d4-b100-cb1c86440d44_81,1,primary,centre,0.2200125795471363,
bbbc041,site_a,334bf865-e3fb-4200-bd53-d9ff5808ed9f_16,1,primary,centre,0.4245011086474501,
bbbc041,site_a,9106a6bb-1352-411f-ac26-0d6fe48c16a8_47,1,primary,centre,0.37374779916216383,
bbbc041,site_a,9acf303a-fcba-4e52-be3e-8d061aa5e72a_36,1,primary,centre,0.47397798742138364,
bbbc041,site_a,9acf303a-fcba-4e52-be3e-8d061aa5e72a_59,1,primary,centre,0.5655006858710563,
bbbc041,site_a,9acf303a-fcba-4e52-be3e-8d061aa5e72a_80,1,primary,centre,0.6249213836477987,
bbbc041,site_a,1fe1e118-adb8-4b10-a41e-1e5814e8f067_41,1,primary,nearest,0.2084008887287576,
bbbc041,site_a,4272cbd7-5b0a-4bf7-b690-dee1c128f07b_76,1,primary,centre,0.4055246913580247,
bbbc041,site_a,be6fe358-dee1-4dcf-9b0d-5d8612aba577_25,1,primary,centre,0.5414540816326531,
bbbc041,site_a,be6fe358-dee1-4dcf-9b0d-5d8612aba577_59,1,primary,centre,0.5705015221919564,
bbbc041,site_a,5f491efd-a21c-4a80-aaba-70b8876238ac_68,1,primary,centre,0.3810845184414383,
bbbc041,site_a,5f491efd-a21c-4a80-aaba-70b8876238ac_73,1,primary,centre,0.5384223630602082,
bbbc041,site_a,5f491efd-a21c-4a80-aaba-70b8876238ac_79,1,primary,centre,0.5970318612081579,
bbbc041,site_a,49c4dbd3-6269-4d4c-9648-a2146c57bab1_24,1,primary,centre,0.4450542355371901,
bbbc041,site_a,49c4dbd3-6269-4d4c-9648-a2146c57bab1_41,1,primary,centre,0.4426530001496334,
bbbc041,site_a,49c4dbd3-6269-4d4c-9648-a2146c57bab1_45,1,primary,centre,0.5216333153055706,
bbbc041,site_a,49c4dbd3-6269-4d4c-9648-a2146c57bab1_46,1,primary,centre,0.5491397746496856,
bbbc041,site_a,49c4dbd3-6269-4d4c-9648-a2146c57bab1_54,1,primary,centre,0.43353174603174605,
bbbc041,site_a,49c4dbd3-6269-4d4c-9648-a2146c57bab1_71,1,primary,centre,0.44292581770195116,
bbbc041,site_a,266180ed-77a3-4284-8292-50a49fc47fce_33,1,primary,centre,0.4874353288987435,
bbbc041,site_a,266180ed-77a3-4284-8292-50a49fc47fce_36,1,primary,centre,0.4614340410720501,
bbbc041,site_a,8e72e20e-e714-4db6-a1da-c05a409257d4_4,1,primary,centre,0.43763605579295334,
bbbc041,site_a,8e72e20e-e714-4db6-a1da-c05a409257d4_16,1,primary,centre,0.4712577160493827,
bbbc041,site_a,8e72e20e-e714-4db6-a1da-c05a409257d4_36,1,primary,centre,0.4176456599286564,
bbbc041,site_a,75660b56-51c2-45a9-9c15-e18d12a3af8c_11,1,primary,centre,0.3974953617810761,
bbbc041,site_a,45902b63-be9a-49ae-9ede-3a8015671bc4_35,1,primary,centre,0.45785076553479864,
bbbc041,site_a,59542a24-b409-4c95-8608-d9691a741526_37,1,primary,centre,0.4793791574279379,
bbbc041,site_a,59542a24-b409-4c95-8608-d9691a741526_47,1,primary,centre,0.3050270841590699,
bbbc041,site_a,59542a24-b409-4c95-8608-d9691a741526_52,1,primary,centre,0.40074074074074073,
bbbc041,site_a,59542a24-b409-4c95-8608-d9691a741526_62,1,primary,centre,0.4855738993710692,
bbbc041,site_a,2b128a1a-95ed-408b-b9f8-8795cc814d80_40,1,primary,centre,0.5530692266089778,
bbbc041,site_a,2b128a1a-95ed-408b-b9f8-8795cc814d80_54,1,primary,centre,0.5252014797199102,
bbbc041,site_a,48e2f0bd-2164-40c3-af43-1f2708359978_71,1,primary,nearest,0.5440070505287896,
bbbc041,site_a,48e2f0bd-2164-40c3-af43-1f2708359978_72,1,primary,centre,0.36438102787686616,
bbbc041,site_a,04de3a31-fc09-40be-9c2c-9830c57f809d_35,1,primary,centre,0.39429065743944636,
bbbc041,site_a,41ebf9a1-24dc-454e-8bf8-508218f5ee57_24,1,primary,centre,0.5789774078478003,
bbbc041,site_a,41ebf9a1-24dc-454e-8bf8-508218f5ee57_50,1,primary,centre,0.3999835634451019,
bbbc041,site_a,41ebf9a1-24dc-454e-8bf8-508218f5ee57_54,1,primary,centre,0.5548307881206354,
bbbc041,site_a,41ebf9a1-24dc-454e-8bf8-508218f5ee57_60,1,primary,centre,0.41358543417366944,
bbbc041,site_a,41ebf9a1-24dc-454e-8bf8-508218f5ee57_66,1,primary,centre,0.3687035948934352,
bbbc041,site_a,bcaefb02-682a-41b9-acc7-e6cc010f5b30_37,1,primary,centre,0.33405656142450996,
bbbc041,site_a,bcaefb02-682a-41b9-acc7-e6cc010f5b30_78,1,primary,centre,0.3062995660631453,
bbbc041,site_a,bcaefb02-682a-41b9-acc7-e6cc010f5b30_86,1,primary,centre,0.3773846687478321,
bbbc041,site_a,bcaefb02-682a-41b9-acc7-e6cc010f5b30_91,1,primary,nearest,0.2585493827160494,
bbbc041,site_a,29d40b60-cde1-45b5-b403-692437a77ac1_51,1,primary,centre,0.15457875457875458,
bbbc041,site_a,5dec94a3-e3ca-4a58-9702-88e5a83ef612_9,1,primary,centre,0.3950325561856753,
bbbc041,site_a,5dec94a3-e3ca-4a58-9702-88e5a83ef612_19,1,primary,centre,0.5770666666666666,
bbbc041,site_a,5dec94a3-e3ca-4a58-9702-88e5a83ef612_21,1,primary,centre,0.42325602629656683,
bbbc041,site_a,ff1b23d0-3cef-459b-b81f-39bfcdb6526f_4,1,primary,centre,0.5470545516681619,
bbbc041,site_a,ff1b23d0-3cef-459b-b81f-39bfcdb6526f_14,1,primary,centre,0.4918222222222222,
bbbc041,site_a,ff1b23d0-3cef-459b-b81f-39bfcdb6526f_22,1,primary,centre,0.4866151100535396,
bbbc041,site_a,ff1b23d0-3cef-459b-b81f-39bfcdb6526f_50,1,primary,centre,0.2016432728517631,
bbbc041,site_a,0f735cca-051c-4048-a1fa-cb36f389e12f_53,1,primary,centre,0.3190658049353702,
bbbc041,site_a,040112be-3c8d-49aa-93f1-522f94a592ff_53,1,primary,centre,0.7302660034602076,
bbbc041,site_a,74261741-4d6e-4dba-8ad4-4fbdf919c30f_22,1,primary,nearest,0.2385834508095177,
bbbc041,site_a,74261741-4d6e-4dba-8ad4-4fbdf919c30f_29,1,primary,centre,0.5871998734227285,
bbbc041,site_a,74261741-4d6e-4dba-8ad4-4fbdf919c30f_60,1,primary,centre,0.2581161408321902,
bbbc041,site_a,74261741-4d6e-4dba-8ad4-4fbdf919c30f_65,1,primary,centre,0.5767184035476718,
bbbc041,site_a,32700bc7-7a86-49d3-aded-ccaaed4ddc5c_34,1,primary,centre,0.4174593737613952,
bbbc041,site_a,31653d0f-c4e6-4e12-8005-518c2de34687_31,1,primary,centre,0.45081796032022275,
bbbc041,site_a,31653d0f-c4e6-4e12-8005-518c2de34687_48,1,primary,centre,0.4886720111537121,
bbbc041,site_a,77e76e62-2c71-4b52-9b21-0d1bcde9f9bf_10,1,primary,centre,0.3695556116651938,
bbbc041,site_a,77e76e62-2c71-4b52-9b21-0d1bcde9f9bf_19,1,primary,centre,0.5071353704748851,
bbbc041,site_a,eb5f4f2f-2275-4a80-84a5-78a1eaf4ce4d_40,1,primary,centre,0.4344976756198347,
bbbc041,site_a,aa3ad405-828e-4986-8251-20fd981f34d3_8,1,primary,centre,0.43962848297213625,
bbbc041,site_a,aa3ad405-828e-4986-8251-20fd981f34d3_58,1,primary,centre,0.45055026769779893,
bbbc041,site_a,6347dd6a-cfdf-4cb5-bc50-cff5403cfecb_43,1,primary,centre,0.39849768875192604,
bbbc041,site_a,bbaa004f-05dc-4cb8-8768-e148085bb0f9_49,1,primary,centre,0.4632991318074191,
bbbc041,site_a,bbaa004f-05dc-4cb8-8768-e148085bb0f9_58,1,primary,nearest,0.2825698988697204,
bbbc041,site_a,bbaa004f-05dc-4cb8-8768-e148085bb0f9_66,1,primary,centre,0.25419753086419755,
bbbc041,site_a,b5246b58-6f40-4c9e-8024-f49b0ed6bdbd_62,1,primary,centre,0.5554598222383458,
bbbc041,site_a,b5246b58-6f40-4c9e-8024-f49b0ed6bdbd_74,1,primary,centre,0.16642626018478812,
bbbc041,site_a,b5246b58-6f40-4c9e-8024-f49b0ed6bdbd_87,1,primary,centre,0.3866383744855967,
bbbc041,site_a,b5246b58-6f40-4c9e-8024-f49b0ed6bdbd_88,1,primary,centre,0.5792806484295846,
bbbc041,site_a,de2b8835-552c-4f01-98b7-67bc4910062e_3,1,primary,centre,0.4903549382716049,
bbbc041,site_a,de2b8835-552c-4f01-98b7-67bc4910062e_81,1,primary,nearest,0.5386332322953982,
bbbc041,site_a,de2b8835-552c-4f01-98b7-67bc4910062e_82,1,primary,centre,0.3576073702750305,
bbbc041,site_a,f274b784-b995-4a7e-a2c2-6cc31c24c4b4_19,1,primary,centre,0.6335315101070155,
bbbc041,site_a,f274b784-b995-4a7e-a2c2-6cc31c24c4b4_89,1,primary,centre,0.4120083536373129,
bbbc041,site_a,2ac343e4-c889-47c1-8fe2-461b626def76_54,1,primary,centre,0.3921578783797783,
bbbc041,site_a,fde0fd54-49cc-42e1-90c6-6b612cd062d8_59,1,primary,centre,0.3837299625732646,
bbbc041,site_a,fde0fd54-49cc-42e1-90c6-6b612cd062d8_60,1,primary,centre,0.4598970329223682,
bbbc041,site_a,664c570b-4822-413c-9724-11b1d91fac44_7,1,primary,centre,0.5166569894033968,
bbbc041,site_a,664c570b-4822-413c-9724-11b1d91fac44_63,1,primary,centre,0.455679439531804,
bbbc041,site_a,4a49841f-216c-4815-8140-b8762c4f6603_75,1,primary,centre,0.6300552204028217,
bbbc041,site_a,4a49841f-216c-4815-8140-b8762c4f6603_89,1,primary,centre,0.5575022701778751,
bbbc041,site_a,4a49841f-216c-4815-8140-b8762c4f6603_94,1,primary,centre,0.5897482144145444,
bbbc041,site_a,f0713bee-2a71-4ced-b953-4041ea99496a_9,1,primary,centre,0.4992645706931421,
bbbc041,site_a,f0713bee-2a71-4ced-b953-4041ea99496a_27,1,primary,centre,0.3897740784780024,
bbbc041,site_a,f0713bee-2a71-4ced-b953-4041ea99496a_44,1,primary,centre,0.4658385093167702,
bbbc041,site_a,2bd15b6e-fe2d-49f3-b394-940d024d1f91_81,1,primary,centre,0.5922164084675626,
bbbc041,site_a,089c9744-f906-41d8-908d-1e37919a8658_30,1,primary,centre,0.46486801242236025,
bbbc041,site_a,3e36698f-8c09-4c8b-8948-737310bf97e5_10,1,primary,centre,0.46952256635417905,
bbbc041,site_a,3e36698f-8c09-4c8b-8948-737310bf97e5_60,1,primary,centre,0.33861932938856015,
bbbc041,site_a,c742ee2c-6814-46cd-af56-ae87bb9972f4_10,1,primary,centre,0.5342011834319527,
bbbc041,site_a,c742ee2c-6814-46cd-af56-ae87bb9972f4_44,1,primary,centre,0.4077510100254377,
bbbc041,site_a,b338766f-19b9-4874-bcc5-ae22b3c533e6_28,1,primary,centre,0.5041119084092558,
bbbc041,site_a,b338766f-19b9-4874-bcc5-ae22b3c533e6_39,1,primary,centre,0.45944272445820433,
bbbc041,site_a,b338766f-19b9-4874-bcc5-ae22b3c533e6_42,1,primary,centre,0.45243213119974524,
bbbc041,site_a,a5c3b3f8-7ceb-4573-a400-a76b9479af46_28,1,primary,centre,0.48016016160450187,
bbbc041,site_a,90246988-0d6d-4bf8-8a76-94107de4121e_38,1,primary,nearest,0.42835365853658536,
bbbc041,site_a,90246988-0d6d-4bf8-8a76-94107de4121e_61,1,primary,centre,0.45907738095238093,
bbbc041,site_a,90246988-0d6d-4bf8-8a76-94107de4121e_72,1,primary,centre,0.5625300432622977,
bbbc041,site_a,4876c9d0-b386-48fb-84e8-91bf87529161_10,1,primary,centre,0.41010214681440443,
bbbc041,site_a,4876c9d0-b386-48fb-84e8-91bf87529161_41,1,primary,centre,0.500709843158464,
bbbc041,site_a,8cca114a-ed05-4b87-95b7-fae02487f08c_101,1,primary,centre,0.5772345455459987,
bbbc041,site_a,4ce5a070-9ede-4bb1-9ca2-1bae5746776b_45,1,primary,centre,0.48297140144772754,
bbbc041,site_a,7521ec48-57b5-48a8-a5d6-8280ad5da19c_30,1,primary,centre,0.3302233987603306,
bbbc041,site_a,7521ec48-57b5-48a8-a5d6-8280ad5da19c_44,1,primary,centre,0.4651498857373303,
bbbc041,site_a,7521ec48-57b5-48a8-a5d6-8280ad5da19c_45,1,primary,centre,0.3344028211353914,
bbbc041,site_a,7521ec48-57b5-48a8-a5d6-8280ad5da19c_47,1,primary,centre,0.385586788901706,
bbbc041,site_a,8ab5c462-045e-4b59-b53a-9b2bc3ed2487_9,1,primary,centre,0.39660988362287064,
bbbc041,site_a,8ab5c462-045e-4b59-b53a-9b2bc3ed2487_41,1,primary,centre,0.36813045711350795,
bbbc041,site_a,8ab5c462-045e-4b59-b53a-9b2bc3ed2487_60,1,primary,centre,0.4366241636157051,
bbbc041,site_a,b62d47f9-2ff5-4902-abdc-b3610acfc7ba_8,1,primary,centre,0.5270632593213238,
bbbc041,site_a,b62d47f9-2ff5-4902-abdc-b3610acfc7ba_32,1,primary,centre,0.3951460248783126,
bbbc041,site_a,b62d47f9-2ff5-4902-abdc-b3610acfc7ba_45,1,primary,centre,0.5456749311294766,
bbbc041,site_a,bf002a25-6535-4621-be19-56d468be5413_19,1,primary,centre,0.40667175961293606,
bbbc041,site_a,bf002a25-6535-4621-be19-56d468be5413_69,1,primary,centre,0.5446218030110648,
bbbc041,site_a,deaa1931-5f97-45bf-8c00-be6ddeb37b9a_7,1,primary,centre,0.4996462264150943,
bbbc041,site_a,deaa1931-5f97-45bf-8c00-be6ddeb37b9a_62,1,primary,centre,0.5574457593688363,
bbbc041,site_a,deaa1931-5f97-45bf-8c00-be6ddeb37b9a_69,1,primary,centre,0.46388114325548974,
bbbc041,site_a,deaa1931-5f97-45bf-8c00-be6ddeb37b9a_73,1,primary,centre,0.4449266975308642,
bbbc041,site_a,2dbf6f69-e020-4948-9e49-4b33edb7cebd_32,1,primary,centre,0.44027777777777777,
bbbc041,site_a,b666fcc2-d0b2-441e-bc5a-c660345eeb5d_57,1,primary,centre,0.41003044383912834,
bbbc041,site_a,4fac16e1-8e62-499b-a66b-c4c890372914_44,1,primary,centre,0.49018432016159574,
bbbc041,site_a,86495bbf-687b-429c-b9d3-6c2681ade7e2_49,1,primary,centre,0.3028605381546558,
bbbc041,site_a,86495bbf-687b-429c-b9d3-6c2681ade7e2_50,1,primary,nearest,0.21049886621315192,
bbbc041,site_a,445d0db9-e830-4ceb-a845-b23d819e6097_15,1,primary,centre,0.4224604682849869,
bbbc041,site_a,445d0db9-e830-4ceb-a845-b23d819e6097_20,1,primary,centre,0.5115626309174697,
bbbc041,site_a,445d0db9-e830-4ceb-a845-b23d819e6097_34,1,primary,centre,0.35671668241965976,
bbbc041,site_a,bcb447c9-5d37-414f-a513-d7076b04a532_143,1,primary,centre,0.7068389396302072,
bbbc041,site_a,191071ab-6515-428c-9f05-8e4309542b75_13,1,primary,centre,0.5039506570990889,
bbbc041,site_a,191071ab-6515-428c-9f05-8e4309542b75_24,1,primary,centre,0.46491448241242067,
bbbc041,site_a,191071ab-6515-428c-9f05-8e4309542b75_47,1,primary,centre,0.5019491820396798,
bbbc041,site_a,b9c6db13-ca3a-4937-8ecf-e537047ed858_42,1,primary,centre,0.3493628808864266,
bbbc041,site_a,390ad256-e1ed-476a-9f14-2dc34e0da632_44,1,primary,centre,0.41752923780077966,
bbbc041,site_a,5c99cd97-39f6-4809-9528-9d380cc16b16_26,1,primary,centre,0.42209072978303747,
bbbc041,site_a,5c99cd97-39f6-4809-9528-9d380cc16b16_79,1,primary,centre,0.583461117196057,
bbbc041,site_a,093a831a-bf71-4333-bc06-942ae70cb164_103,1,primary,centre,0.4043977443303988,
bbbc041,site_a,093a831a-bf71-4333-bc06-942ae70cb164_104,1,primary,centre,0.7449323621227888,
bbbc041,site_a,61575482-91e1-4db9-83c7-687b7ddbbfc4_13,1,primary,nearest,0.0037109375,
bbbc041,site_a,61575482-91e1-4db9-83c7-687b7ddbbfc4_71,1,primary,centre,0.4634932920536636,
bbbc041,site_a,61575482-91e1-4db9-83c7-687b7ddbbfc4_115,1,primary,centre,0.4979812043160459,
bbbc041,site_a,6ad3efc9-4392-4cee-98a5-186564a96373_60,1,primary,centre,0.3473389355742297,
bbbc041,site_a,64b0e49a-0e48-447d-8872-c1dd255e7a21_0,1,primary,centre,0.47104247104247104,
bbbc041,site_a,64b0e49a-0e48-447d-8872-c1dd255e7a21_39,1,primary,centre,0.48097285247989807,
bbbc041,site_a,64b0e49a-0e48-447d-8872-c1dd255e7a21_97,1,primary,centre,0.5620511988315956,
bbbc041,site_a,005e60b6-77b8-458c-b57c-bfe0c7e7df78_12,1,primary,centre,0.34194972317821337,
bbbc041,site_a,005e60b6-77b8-458c-b57c-bfe0c7e7df78_40,1,primary,centre,0.49058441558441557,
bbbc041,site_a,a15e0fa8-2620-4f66-896e-175115c9dc3d_101,1,primary,centre,0.32857849021961727,
bbbc041,site_a,01b99da8-b66b-464b-a7ee-1cadab8db18b_39,1,primary,centre,0.4203798392987582,
bbbc041,site_a,a63ce82f-f3d1-4818-9035-d3d230e5f686_67,1,primary,centre,0.4235180055401662,
bbbc041,site_a,a63ce82f-f3d1-4818-9035-d3d230e5f686_68,1,primary,centre,0.598425,
bbbc041,site_a,6ab870ba-b24b-49a9-9570-8eafe63aa74e_28,1,primary,centre,0.38901878577763443,
bbbc041,site_a,6ab870ba-b24b-49a9-9570-8eafe63aa74e_38,1,primary,centre,0.5365479575041149,
bbbc041,site_a,6ab870ba-b24b-49a9-9570-8eafe63aa74e_51,1,primary,centre,0.43164270918335323,
bbbc041,site_a,6ab870ba-b24b-49a9-9570-8eafe63aa74e_56,1,primary,centre,0.4041975308641975,
bbbc041,site_a,caeb2d62-1166-43f0-8eac-5b8fc48f02eb_11,1,primary,centre,0.46944063404968756,
bbbc041,site_a,caeb2d62-1166-43f0-8eac-5b8fc48f02eb_31,1,primary,centre,0.5502448757482314,
bbbc041,site_a,caeb2d62-1166-43f0-8eac-5b8fc48f02eb_51,1,primary,centre,0.3977457501847746,
bbbc041,site_a,caeb2d62-1166-43f0-8eac-5b8fc48f02eb_75,1,primary,centre,0.4247775607638889,
bbbc041,site_a,caeb2d62-1166-43f0-8eac-5b8fc48f02eb_76,1,primary,centre,0.4449694431869624,
bbbc041,site_a,31435107-c77d-42f8-a619-75cba6a5161b_57,1,primary,centre,0.425749768793764,
bbbc041,site_a,31435107-c77d-42f8-a619-75cba6a5161b_70,1,primary,centre,0.39101062871554676,
bbbc041,site_a,31435107-c77d-42f8-a619-75cba6a5161b_78,1,primary,centre,0.5309344367272548,
bbbc041,site_a,a20d0b4b-6e2e-4507-bc22-f321dedc4ed9_20,1,primary,centre,0.4591648189209165,
bbbc041,site_a,a20d0b4b-6e2e-4507-bc22-f321dedc4ed9_29,1,primary,centre,0.3440549563430919,
bbbc041,site_a,a20d0b4b-6e2e-4507-bc22-f321dedc4ed9_38,1,primary,nearest,0.49277777777777776,
bbbc041,site_a,a20d0b4b-6e2e-4507-bc22-f321dedc4ed9_40,1,primary,centre,0.5483396600663452,
bbbc041,site_a,a20d0b4b-6e2e-4507-bc22-f321dedc4ed9_47,1,primary,centre,0.4626480221718317,
bbbc041,site_a,a20d0b4b-6e2e-4507-bc22-f321dedc4ed9_62,1,primary,nearest,0.24618668005774905,
bbbc041,site_a,a20d0b4b-6e2e-4507-bc22-f321dedc4ed9_72,1,primary,centre,0.5253631284916201,
bbbc041,site_a,2bd26501-2fbc-4c1a-bef0-4ad57e02b4d0_7,1,primary,centre,0.6167953667953668,
bbbc041,site_a,2bd26501-2fbc-4c1a-bef0-4ad57e02b4d0_56,1,primary,centre,0.4741971888786293,
bbbc041,site_a,2bd26501-2fbc-4c1a-bef0-4ad57e02b4d0_62,1,primary,centre,0.508099173553719,
bbbc041,site_a,2bd26501-2fbc-4c1a-bef0-4ad57e02b4d0_72,1,primary,centre,0.6201530612244898,
bbbc041,site_a,85546330-4efd-43e2-87aa-d53a30220bfc_16,1,primary,centre,0.43508650519031145,
bbbc041,site_a,85546330-4efd-43e2-87aa-d53a30220bfc_22,1,primary,centre,0.5740579710144927,
bbbc041,site_a,85546330-4efd-43e2-87aa-d53a30220bfc_48,1,primary,centre,0.3770338326446281,
bbbc041,site_a,85546330-4efd-43e2-87aa-d53a30220bfc_52,1,primary,centre,0.5027117768595041,
bbbc041,site_a,67a4fb91-6f38-4ca2-8f20-6b2f5f1b29a7_33,1,primary,centre,0.4082475965592849,
bbbc041,site_a,67a4fb91-6f38-4ca2-8f20-6b2f5f1b29a7_54,1,primary,centre,0.5762882279011311,
bbbc041,site_a,67a4fb91-6f38-4ca2-8f20-6b2f5f1b29a7_56,1,primary,centre,0.5346179794231742,
bbbc041,site_a,c890ee00-daa5-4b20-9cd5-930748ecc4e0_21,1,primary,centre,0.5187848862172606,
bbbc041,site_a,c890ee00-daa5-4b20-9cd5-930748ecc4e0_33,1,primary,centre,0.49451193967323,
bbbc041,site_a,c890ee00-daa5-4b20-9cd5-930748ecc4e0_68,1,primary,centre,0.46511456023651143,
bbbc041,site_a,58594235-0d32-4a4e-91cd-4c800eaaaa73_51,1,primary,centre,0.43680124223602484,
bbbc041,site_a,5f2b32bd-fdca-4d6f-b13a-ee9f83626c8d_18,1,primary,nearest,0.30098270440251573,
bbbc041,site_a,5f2b32bd-fdca-4d6f-b13a-ee9f83626c8d_26,1,primary,centre,0.5458759977424816,
bbbc041,site_a,7624ac36-1cf9-42fb-844d-376078309553_64,1,primary,centre,0.2903629536921151,
bbbc041,site_a,a51d6c18-f9e8-4714-9dbb-38e1577445f2_75,1,primary,nearest,0.30303132141416855,
bbbc041,site_a,f11d05e4-538a-4024-8711-b08a4ce3c540_8,1,primary,centre,0.4737543666115095,
bbbc041,site_a,f11d05e4-538a-4024-8711-b08a4ce3c540_12,1,primary,centre,0.39731792166984625,
bbbc041,site_a,f11d05e4-538a-4024-8711-b08a4ce3c540_33,1,primary,centre,0.3770477518299059,
bbbc041,site_a,f11d05e4-538a-4024-8711-b08a4ce3c540_50,1,primary,centre,0.577781947832614,
bbbc041,site_a,f11d05e4-538a-4024-8711-b08a4ce3c540_52,1,primary,centre,0.4175088131609871,
bbbc041,site_a,22cbf509-c9bf-46ec-bfce-f079c6b76c8c_52,1,primary,centre,0.13961536474922953,
bbbc041,site_a,3eba916c-998b-40a7-993c-7ed916c2a04c_80,1,primary,centre,0.5245817809920374,
bbbc041,site_a,2ae3e6e6-7482-4ab8-ad73-b530b5c2ee3b_11,1,primary,centre,0.4192534064339273,
bbbc041,site_a,2ae3e6e6-7482-4ab8-ad73-b530b5c2ee3b_30,1,primary,centre,0.5627436483398306,
bbbc041,site_a,2ae3e6e6-7482-4ab8-ad73-b530b5c2ee3b_95,1,primary,centre,0.5502235982112144,
bbbc041,site_a,99a21c5c-f5a7-4c07-9cb6-5dda2d388f48_24,1,primary,centre,0.4424435028248588,
bbbc041,site_a,99a21c5c-f5a7-4c07-9cb6-5dda2d388f48_37,1,primary,centre,0.4079564290788539,
bbbc041,site_a,fe436c09-b680-4f4c-8faf-aa10a55a335b_23,1,primary,centre,0.5534158243290345,
bbbc041,site_a,fe436c09-b680-4f4c-8faf-aa10a55a335b_51,1,primary,centre,0.6468704053770217,
bbbc041,site_a,fe436c09-b680-4f4c-8faf-aa10a55a335b_68,1,primary,centre,0.20620527087005458,
bbbc041,site_a,9fe8bdc8-847d-434e-93e5-ae14ff3b45e1_14,1,primary,centre,0.4622256048710143,
bbbc041,site_a,9fe8bdc8-847d-434e-93e5-ae14ff3b45e1_43,1,primary,centre,0.5197923875432526,
bbbc041,site_a,9fe8bdc8-847d-434e-93e5-ae14ff3b45e1_46,1,primary,centre,0.43233034977464607,
bbbc041,site_a,9fe8bdc8-847d-434e-93e5-ae14ff3b45e1_55,1,primary,centre,0.38938271604938274,
bbbc041,site_a,9fe8bdc8-847d-434e-93e5-ae14ff3b45e1_57,1,primary,centre,0.47794117647058826,
bbbc041,site_a,4e43fc22-dc08-4cde-b3ce-ce8a4f377c47_15,1,primary,centre,0.4846818538884525,
bbbc041,site_a,4e43fc22-dc08-4cde-b3ce-ce8a4f377c47_19,1,primary,centre,0.5717218265605363,
bbbc041,site_a,4e43fc22-dc08-4cde-b3ce-ce8a4f377c47_50,1,primary,centre,0.5747216971224532,
bbbc041,site_a,4e43fc22-dc08-4cde-b3ce-ce8a4f377c47_69,1,primary,nearest,0.5301333333333333,
bbbc041,site_a,8939e14b-fcdf-48b1-acb9-6514a2fc2fc0_45,1,primary,centre,0.5694176790950984,
bbbc041,site_a,8939e14b-fcdf-48b1-acb9-6514a2fc2fc0_55,1,primary,centre,0.39447004608294933,
bbbc041,site_a,8939e14b-fcdf-48b1-acb9-6514a2fc2fc0_75,1,primary,centre,0.5136431957451728,
bbbc041,site_a,8939e14b-fcdf-48b1-acb9-6514a2fc2fc0_76,1,primary,centre,0.4557035175879397,
bbbc041,site_a,06a3effb-996c-4767-afd2-6aa3b697cb4e_58,1,primary,centre,0.4042418620340698,
bbbc041,site_a,06a3effb-996c-4767-afd2-6aa3b697cb4e_77,1,primary,centre,0.3562893081761006,
bbbc041,site_a,06a3effb-996c-4767-afd2-6aa3b697cb4e_97,1,primary,centre,0.3153373244919327,
bbbc041,site_a,06a3effb-996c-4767-afd2-6aa3b697cb4e_99,1,primary,centre,0.42710577613624706,
bbbc041,site_a,06a3effb-996c-4767-afd2-6aa3b697cb4e_103,1,primary,centre,0.33869105208951034,
bbbc041,site_a,cbb58718-6319-48db-b84b-78ac9b12ff89_46,1,primary,centre,0.4384604923160615,
bbbc041,site_a,cbb58718-6319-48db-b84b-78ac9b12ff89_59,1,primary,centre,0.5302222222222223,
bbbc041,site_a,cbb58718-6319-48db-b84b-78ac9b12ff89_68,1,primary,centre,0.4661224489795918,
bbbc041,site_a,cbb58718-6319-48db-b84b-78ac9b12ff89_87,1,primary,centre,0.339407263349258,
bbbc041,site_a,bbedfcbe-9528-4ba9-9d86-4ebba7589ac5_49,1,primary,centre,0.4904770542354435,
bbbc041,site_a,bbedfcbe-9528-4ba9-9d86-4ebba7589ac5_60,1,primary,centre,0.468203125,
bbbc041,site_a,5ccca8ee-abea-458a-a891-bedd31c3ddc3_88,1,primary,centre,0.483890503875969,
bbbc041,site_a,c53fd511-31bd-4901-baac-3b44891f6744_34,1,primary,centre,0.4548695815349972,
bbbc041,site_a,c53fd511-31bd-4901-baac-3b44891f6744_40,1,primary,centre,0.26983274718784395,
bbbc041,site_a,c53fd511-31bd-4901-baac-3b44891f6744_50,1,primary,centre,0.4631574141709277,
bbbc041,site_a,81edcae1-65bf-4752-b0e4-494376b71e49_30,1,primary,centre,0.4730859375,
bbbc041,site_a,81edcae1-65bf-4752-b0e4-494376b71e49_33,1,primary,centre,0.5084651370015594,
bbbc041,site_a,81edcae1-65bf-4752-b0e4-494376b71e49_65,1,primary,nearest,0.37424711511398817,
bbbc041,site_a,81edcae1-65bf-4752-b0e4-494376b71e49_66,1,primary,centre,0.5180246913580246,
bbbc041,site_a,81edcae1-65bf-4752-b0e4-494376b71e49_76,1,primary,centre,0.4792261904761905,
bbbc041,site_a,dd090806-e4ac-4a78-b2ee-55a30626369c_11,1,primary,centre,0.4593963846366837,
bbbc041,site_a,dd090806-e4ac-4a78-b2ee-55a30626369c_32,1,primary,centre,0.31252603082049146,
bbbc041,site_a,dd090806-e4ac-4a78-b2ee-55a30626369c_46,1,primary,centre,0.3607814669864916,
bbbc041,site_a,dd090806-e4ac-4a78-b2ee-55a30626369c_55,1,primary,centre,0.34648684648684647,
bbbc041,site_a,dd090806-e4ac-4a78-b2ee-55a30626369c_56,1,primary,centre,0.4805130385487528,
bbbc041,site_a,9147a21d-0de2-4c04-88da-b788311696ac_33,1,primary,centre,0.43686224489795916,
bbbc041,site_a,7fdc8be8-7579-4a5c-b369-8a07ee0a8b7d_31,1,primary,centre,0.46386353434086486,
bbbc041,site_a,7fdc8be8-7579-4a5c-b369-8a07ee0a8b7d_36,1,primary,centre,0.47473923431035486,
bbbc041,site_a,7fdc8be8-7579-4a5c-b369-8a07ee0a8b7d_64,1,primary,centre,0.6128286431496895,
bbbc041,site_a,61dfc937-a428-44b4-94fb-d682bdb8dff0_9,1,primary,centre,0.477112097304405,
bbbc041,site_a,61dfc937-a428-44b4-94fb-d682bdb8dff0_37,1,primary,centre,0.6531675851168354,
bbbc041,site_a,9ec1dcec-87c2-4aca-8e6b-0db3cd05509c_45,1,primary,centre,0.5200288415318058,
bbbc041,site_a,9ec1dcec-87c2-4aca-8e6b-0db3cd05509c_57,1,primary,centre,0.5916069130354845,
bbbc041,site_a,9ec1dcec-87c2-4aca-8e6b-0db3cd05509c_62,1,primary,centre,0.5022340396370714,
bbbc041,site_a,9ec1dcec-87c2-4aca-8e6b-0db3cd05509c_70,1,primary,nearest,0.32006330654979304,
bbbc041,site_a,468c261d-f5d8-423f-883e-48af2bbbc5d1_21,1,primary,centre,0.3796383647798742,
bbbc041,site_a,468c261d-f5d8-423f-883e-48af2bbbc5d1_70,1,primary,centre,0.5858940801032665,
bbbc041,site_a,468c261d-f5d8-423f-883e-48af2bbbc5d1_85,1,primary,centre,0.22694667439943836,
bbbc041,site_a,6c20abb2-c4bb-4de0-8774-03f4d30ce93d_25,1,primary,centre,0.5266851237630548,
bbbc041,site_a,fa4f8d1a-cb3a-4722-a566-6c7072f30606_19,1,primary,centre,0.6315251572327044,
bbbc041,site_a,fa4f8d1a-cb3a-4722-a566-6c7072f30606_33,1,primary,centre,0.658252427184466,
bbbc041,site_a,fa4f8d1a-cb3a-4722-a566-6c7072f30606_43,1,primary,centre,0.3237088172985609,
bbbc041,site_a,c35ee701-fde2-46b5-b178-1fe3f1ea7da2_95,1,primary,centre,0.38395316804407714,
bbbc041,site_a,c35ee701-fde2-46b5-b178-1fe3f1ea7da2_96,1,primary,centre,0.3544839833344717,
bbbc041,site_a,d12c5f45-6b20-46d6-a66f-c5a4683c25b3_7,1,primary,centre,0.44612919132149903,
bbbc041,site_a,d12c5f45-6b20-46d6-a66f-c5a4683c25b3_51,1,primary,centre,0.37454100367197063,
bbbc041,site_a,f48bf825-13c4-42fc-8dd8-10cc4ae6b202_31,1,primary,centre,0.5144230769230769,
bbbc041,site_a,f48bf825-13c4-42fc-8dd8-10cc4ae6b202_38,1,primary,centre,0.5971544715447155,
bbbc041,site_a,c4c7ed75-dbdf-4bb6-b6ba-718903cf7264_49,1,primary,centre,0.1449914439910491,
bbbc041,site_a,3006096f-ceeb-42be-b69e-785179d7438b_32,1,primary,centre,0.4423136645962733,
bbbc041,site_a,3006096f-ceeb-42be-b69e-785179d7438b_46,1,primary,centre,0.5198914336704342,
bbbc041,site_a,3006096f-ceeb-42be-b69e-785179d7438b_66,1,primary,centre,0.4928144290123457,
bbbc041,site_a,3006096f-ceeb-42be-b69e-785179d7438b_70,1,primary,centre,0.4922804992424789,
bbbc041,site_a,034c8d57-04d5-4786-93a4-6ae8fde2c258_4,1,primary,centre,0.46345181439619276,
bbbc041,site_a,034c8d57-04d5-4786-93a4-6ae8fde2c258_62,1,primary,centre,0.32887517146776407,
bbbc041,site_a,4c7d2382-a962-4237-a053-955eea3decd8_1,1,primary,centre,0.5154286273167392,
bbbc041,site_a,4c7d2382-a962-4237-a053-955eea3decd8_37,1,primary,centre,0.465527950310559,
bbbc041,site_a,4c7d2382-a962-4237-a053-955eea3decd8_60,1,primary,nearest,0.35307720394336484,
bbbc041,site_a,4c7d2382-a962-4237-a053-955eea3decd8_74,1,primary,centre,0.5454881656804734,
bbbc041,site_a,16244280-6c74-47d3-b544-9fd6831a6bf9_17,1,primary,centre,0.5266326530612245,
bbbc041,site_a,16244280-6c74-47d3-b544-9fd6831a6bf9_73,1,primary,centre,0.5290223109015055,
bbbc041,site_a,16244280-6c74-47d3-b544-9fd6831a6bf9_75,1,primary,centre,0.44385996734990024,
bbbc041,site_a,90a82250-1f68-48c9-9af9-15f18bf8c974_7,1,primary,centre,0.4576436635260165,
bbbc041,site_a,1574565f-f45b-4160-947e-25ce1a81aaca_55,1,primary,centre,0.18967532467532466,
bbbc041,site_a,1574565f-f45b-4160-947e-25ce1a81aaca_56,1,primary,centre,0.308590228952587,
bbbc041,site_a,3dad6483-ac30-4d2b-b045-9f24fe6ff75e_1,1,primary,centre,0.41823043723024955,
bbbc041,site_a,3dad6483-ac30-4d2b-b045-9f24fe6ff75e_34,1,primary,centre,0.40412414965986393,
bbbc041,site_a,3dad6483-ac30-4d2b-b045-9f24fe6ff75e_35,1,primary,centre,0.4988236319275009,
bbbc041,site_a,3dad6483-ac30-4d2b-b045-9f24fe6ff75e_58,1,primary,centre,0.40680773391022174,
bbbc041,site_a,3dad6483-ac30-4d2b-b045-9f24fe6ff75e_70,1,primary,centre,0.5184304399524375,
bbbc041,site_a,34df8890-272d-423a-ae78-ff8d068d3306_16,1,primary,centre,0.41011278768480414,
bbbc041,site_a,34df8890-272d-423a-ae78-ff8d068d3306_24,1,primary,nearest,0.2153108268887567,
bbbc041,site_a,34df8890-272d-423a-ae78-ff8d068d3306_39,1,primary,centre,0.3371743255125179,
bbbc041,site_a,34df8890-272d-423a-ae78-ff8d068d3306_47,1,primary,centre,0.5836998533919765,
bbbc041,site_a,34df8890-272d-423a-ae78-ff8d068d3306_76,1,primary,nearest,0.3996379838485102,
bbbc041,site_a,34df8890-272d-423a-ae78-ff8d068d3306_86,1,primary,centre,0.46436149691358025,
bbbc041,site_a,38c69905-8a4f-451a-8d0a-b855dc88dd16_21,1,primary,centre,0.4222956841138659,
bbbc041,site_a,38c69905-8a4f-451a-8d0a-b855dc88dd16_42,1,primary,centre,0.3616779585378717,
bbbc041,site_a,4184a235-d209-4151-86e9-6c77e7938dab_1,1,primary,centre,0.4241333333333333,
bbbc041,site_a,4184a235-d209-4151-86e9-6c77e7938dab_63,1,primary,centre,0.4516765285996055,
bbbc041,site_a,3317d733-ec0d-45e6-b631-40457392f343_96,1,primary,centre,0.47581254724111866,
bbbc041,site_a,2165fe38-b474-467d-be11-d1d728085efd_113,1,primary,centre,0.45603047520661155,
bbbc041,site_a,2165fe38-b474-467d-be11-d1d728085efd_114,1,primary,centre,0.7800162249864792,
bbbc041,site_a,51e86aa9-caa0-4297-94e8-34a57d7f7e36_4,1,primary,centre,0.4075963718820862,
bbbc041,site_a,51e86aa9-caa0-4297-94e8-34a57d7f7e36_46,1,primary,centre,0.4665197428833793,
bbbc041,site_a,51e86aa9-caa0-4297-94e8-34a57d7f7e36_55,1,primary,centre,0.5229296875,
bbbc041,site_a,fe691faa-3bc7-475e-b558-aa8fe7b795bc_75,1,primary,centre,0.5575386094585661,
bbbc041,site_a,07a80340-f65e-4f58-9317-94bb6ebd5a28_12,1,primary,centre,0.40703826169107227,
bbbc041,site_a,07a80340-f65e-4f58-9317-94bb6ebd5a28_32,1,primary,centre,0.3935165306998712,
bbbc041,site_a,07a80340-f65e-4f58-9317-94bb6ebd5a28_60,1,primary,centre,0.5675571583628024,
bbbc041,site_a,3ff98212-7c2a-46cd-afb7-34a2479bed07_25,1,primary,centre,0.4647906563759306,
bbbc041,site_a,3ff98212-7c2a-46cd-afb7-34a2479bed07_59,1,primary,centre,0.524942218798151,
bbbc041,site_a,c7ec51d5-9f45-4209-8357-39e9a984a733_23,1,primary,centre,0.44034529320987653,
bbbc041,site_a,c7ec51d5-9f45-4209-8357-39e9a984a733_52,1,primary,centre,0.2853227551388388,
bbbc041,site_a,a11ed7d0-12f6-468f-abad-5cba7d968123_48,1,primary,centre,0.36069196768785244,
bbbc041,site_a,2d2e81f3-e329-4765-9ba1-2c95f12dc9f3_11,1,primary,centre,0.44096260387811637,
bbbc041,site_a,2d2e81f3-e329-4765-9ba1-2c95f12dc9f3_39,1,primary,centre,0.3279641599124517,
bbbc041,site_a,2d2e81f3-e329-4765-9ba1-2c95f12dc9f3_52,1,primary,centre,0.3716,
bbbc041,site_a,2d2e81f3-e329-4765-9ba1-2c95f12dc9f3_60,1,primary,centre,0.5996165084002922,
bbbc041,site_a,f20a4fcf-ea8e-4c14-883d-d26a9e08ce25_41,1,primary,centre,0.33760170118343197,
bbbc041,site_a,07d15855-eb9b-46a9-b894-7cfe4d097826_15,1,primary,centre,0.44680688919372047,
bbbc041,site_a,07d15855-eb9b-46a9-b894-7cfe4d097826_31,1,primary,centre,0.48016608884947193,
bbbc041,site_a,07d15855-eb9b-46a9-b894-7cfe4d097826_39,1,primary,centre,0.3802755933915302,
bbbc041,site_a,07d15855-eb9b-46a9-b894-7cfe4d097826_73,1,primary,centre,0.34231919875130074,
bbbc041,site_a,4849866a-73a2-4fcf-a407-2d0a25a09a89_19,1,primary,centre,0.5630752794214333,
bbbc041,site_a,4849866a-73a2-4fcf-a407-2d0a25a09a89_30,1,primary,centre,0.2857091014661054,
bbbc041,site_a,4849866a-73a2-4fcf-a407-2d0a25a09a89_81,1,primary,centre,0.4880978459291712,
bbbc041,site_a,6bc7b53c-5a98-48ef-a9de-59a476707ea4_28,1,primary,centre,0.4567174515235457,
bbbc041,site_a,6bc7b53c-5a98-48ef-a9de-59a476707ea4_53,1,primary,centre,0.5278754394776495,
bbbc041,site_a,6bc7b53c-5a98-48ef-a9de-59a476707ea4_62,1,primary,centre,0.34628808864265925,
bbbc041,site_a,464055b6-3351-4636-a919-8be9840fb850_47,1,primary,centre,0.5956829312534011,
bbbc041,site_a,464055b6-3351-4636-a919-8be9840fb850_50,1,primary,centre,0.45412337662337665,
bbbc041,site_a,c691c8ef-d3c7-47b6-a941-f6a1089f21a9_37,1,primary,centre,0.4925314465408805,
bbbc041,site_a,c691c8ef-d3c7-47b6-a941-f6a1089f21a9_58,1,primary,centre,0.6256056201550387,
bbbc041,site_a,c691c8ef-d3c7-47b6-a941-f6a1089f21a9_106,1,primary,centre,0.4302809573361082,
bbbc041,site_a,105af41b-13cc-4ad1-8a1f-8bc4d47cdd94_61,1,primary,centre,0.3292795812186792,
bbbc041,site_a,105af41b-13cc-4ad1-8a1f-8bc4d47cdd94_62,1,primary,centre,0.4380425347222222,
bbbc041,site_a,105af41b-13cc-4ad1-8a1f-8bc4d47cdd94_63,1,primary,centre,0.33610151474887057,
bbbc041,site_a,bb137718-20ba-457d-8ffe-4f9420ecaab6_43,1,primary,centre,0.5955215419501134,
bbbc041,site_a,bb137718-20ba-457d-8ffe-4f9420ecaab6_44,1,primary,centre,0.5571940253010211,
bbbc041,site_a,2bed2796-75a9-4d93-bb2d-e3ccbe1a5cbe_59,1,primary,centre,0.4008603306896088,
bbbc041,site_a,2bed2796-75a9-4d93-bb2d-e3ccbe1a5cbe_60,1,primary,centre,0.3964127686472819,
bbbc041,site_a,adff6e1d-ba9d-4c7b-a8fe-1ec458eaeeb8_26,1,primary,centre,0.4662735849056604,
bbbc041,site_a,adff6e1d-ba9d-4c7b-a8fe-1ec458eaeeb8_49,1,primary,centre,0.3455508565081806,
bbbc041,site_a,adff6e1d-ba9d-4c7b-a8fe-1ec458eaeeb8_55,1,primary,centre,0.44930875576036866,
bbbc041,site_a,adff6e1d-ba9d-4c7b-a8fe-1ec458eaeeb8_57,1,primary,centre,0.5742145178764897,
bbbc041,site_a,24115f58-a7d6-4022-a95a-86b515a78d3e_104,1,primary,centre,0.5430603613994618,
bbbc041,site_a,24115f58-a7d6-4022-a95a-86b515a78d3e_105,1,primary,centre,0.5613061008658867,
bbbc041,site_a,24115f58-a7d6-4022-a95a-86b515a78d3e_106,1,primary,centre,0.8337017388741527,
bbbc041,site_a,fe00fa09-d3c8-485b-9d0f-3cce556c9edd_32,1,primary,centre,0.3351720133546233,
bbbc041,site_a,c94827ce-d619-4705-a68a-df63a2c95ffa_55,1,primary,centre,0.37152263374485595,
bbbc041,site_a,c5084fb8-2b62-464c-8a77-1a07ea653266_65,1,primary,centre,0.3525123090518874,
bbbc041,site_a,3612aa3b-2906-44a6-9c80-6144511a35ce_31,1,primary,centre,0.3038062283737024,
bbbc041,site_a,fd1c4c7a-24bc-43f2-b84f-fee182207aee_35,1,primary,centre,0.39592760180995473,
bbbc041,site_a,76a8a5f5-1328-4539-a131-baf877f40cf3_46,1,primary,centre,0.3303,
bbbc041,site_a,dc6ac71b-2616-431e-bfd5-4c38139e4ddd_17,1,primary,centre,0.5750952216066482,
bbbc041,site_a,9174f910-3859-4839-8e30-2c3b25269322_41,1,primary,centre,0.35104818576656066,
bbbc041,site_a,9174f910-3859-4839-8e30-2c3b25269322_45,1,primary,centre,0.4881789615442167,
bbbc041,site_a,4d0a1598-e4dd-45c4-8a90-dd7c780fe1da_6,1,primary,centre,0.5512158054711246,
bbbc041,site_a,6144887d-a1c1-46db-91a1-f7ff5bf8c8a5_4,1,primary,centre,0.48750821827744906,
bbbc041,site_a,6144887d-a1c1-46db-91a1-f7ff5bf8c8a5_6,1,primary,centre,0.5289181899910099,
bbbc041,site_a,6144887d-a1c1-46db-91a1-f7ff5bf8c8a5_66,1,primary,nearest,0.5299562705480545,
bbbc041,site_a,036e008f-07a1-4e92-899d-1822dc390ccb_34,1,primary,centre,0.5855814662399025,
bbbc041,site_a,1c90231b-2830-42d9-884e-7301edb16933_49,1,primary,centre,0.4709483259806436,
bbbc041,site_a,1c90231b-2830-42d9-884e-7301edb16933_84,1,primary,centre,0.40568627450980393,
bbbc041,site_a,1c90231b-2830-42d9-884e-7301edb16933_93,1,primary,centre,0.5583233293317327,
bbbc041,site_a,eb0173a3-7e5e-4f53-8124-03d9d6317844_46,1,primary,centre,0.2535430839002268,
bbbc041,site_a,05ac7b2a-6a77-4464-926b-8570f7c01693_18,1,primary,centre,0.4807228915662651,
bbbc041,site_a,05ac7b2a-6a77-4464-926b-8570f7c01693_58,1,primary,centre,0.36142857142857143,
bbbc041,site_a,05ac7b2a-6a77-4464-926b-8570f7c01693_65,1,primary,centre,0.40799061078781357,
bbbc041,site_a,05ac7b2a-6a77-4464-926b-8570f7c01693_76,1,primary,centre,0.7112092986227211,
bbbc041,site_a,dcb21739-3c36-459d-b3cc-1be5871d6fe7_57,1,primary,centre,0.5866790552105238,
bbbc041,site_a,dcb21739-3c36-459d-b3cc-1be5871d6fe7_78,1,primary,nearest,0.24153079327532315,
bbbc041,site_a,a2fc0093-8645-43c7-bdee-ec8ca9484815_12,1,primary,centre,0.42992147552958365,
bbbc041,site_a,a2fc0093-8645-43c7-bdee-ec8ca9484815_56,1,primary,centre,0.5101287852419074,
bbbc041,site_a,a2fc0093-8645-43c7-bdee-ec8ca9484815_64,1,primary,centre,0.5227150489440281,
bbbc041,site_a,a2fc0093-8645-43c7-bdee-ec8ca9484815_75,1,primary,centre,0.581728299948639,
bbbc041,site_a,161978c3-3a05-47a5-9fee-be7d25693eae_29,1,primary,centre,0.36798561151079134,
bbbc041,site_a,161978c3-3a05-47a5-9fee-be7d25693eae_45,1,primary,centre,0.37601273148148145,
bbbc041,site_a,161978c3-3a05-47a5-9fee-be7d25693eae_84,1,primary,centre,0.4532610437476631,
bbbc041,site_a,a4409217-be11-4478-90a5-b406057d154d_78,1,primary,centre,0.3935523529813537,
bbbc041,site_a,03b9d6ad-39ca-4097-a98b-77f02b3c00a7_68,1,primary,centre,0.42476260043827613,
bbbc041,site_a,03b9d6ad-39ca-4097-a98b-77f02b3c00a7_76,1,primary,centre,0.4288271604938272,
bbbc041,site_a,fc15659f-6264-4dd5-ab17-43d89fb297b9_41,1,primary,centre,0.48161139455782315,
bbbc041,site_a,a054a8e2-55f2-4508-97df-207f76b89be2_59,1,primary,centre,0.4972592342722213,
bbbc041,site_a,a054a8e2-55f2-4508-97df-207f76b89be2_60,1,primary,centre,0.4197327044025157,
bbbc041,site_a,e640ae51-cbf1-4a84-b7cf-d38b17f59c2f_40,1,primary,centre,0.6213458356315499,
bbbc041,site_a,e640ae51-cbf1-4a84-b7cf-d38b17f59c2f_61,1,primary,centre,0.4259749483471074,
bbbc041,site_a,e640ae51-cbf1-4a84-b7cf-d38b17f59c2f_66,1,primary,centre,0.45013794944820223,
bbbc041,site_a,38d1b930-dd97-4248-9160-e9389a1a8dd7_36,1,primary,centre,0.2571739823573175,
bbbc041,site_a,99e979d4-ee97-4d7f-9da6-00bead40db4d_57,1,primary,centre,0.4060614765871876,
bbbc041,site_b,41be1bd3-0d31-4881-bf1f-3ccdfa21ff12_63,1,primary,centre,0.4440372085048011,
bbbc041,site_b,64985a1e-16bb-4016-a01c-c21a5b86e572_53,1,primary,centre,0.49108515955401766,
bbbc041,site_b,64985a1e-16bb-4016-a01c-c21a5b86e572_54,1,primary,centre,0.64935,
bbbc041,site_b,64985a1e-16bb-4016-a01c-c21a5b86e572_55,1,primary,centre,0.31195240670632773,
bbbc041,site_b,c70894fa-50e8-4eed-a5a8-159a20153a49_71,1,primary,centre,0.5415647600262985,
bbbc041,site_b,c70894fa-50e8-4eed-a5a8-159a20153a49_72,1,primary,centre,0.8189792060491493,
bbbc041,site_b,c70894fa-50e8-4eed-a5a8-159a20153a49_73,1,primary,centre,0.6190829087540528,
bbbc041,site_b,abb72ce2-4193-4dd3-a34c-61c2ee22ccff_46,1,primary,nearest,0.06933156002167382,
bbbc041,site_b,8db76867-671a-4488-a7b6-991e4dd2e05f_39,1,primary,centre,0.43028998973054916,
bbbc041,site_b,8db76867-671a-4488-a7b6-991e4dd2e05f_48,1,primary,nearest,0.22333976302011574,
bbbc041,site_b,d9ecacb0-14c7-4862-930b-18bb51d5f392_51,1,primary,centre,0.6333610221114672,
bbbc041,site_b,96287315-87a1-4045-9e16-119e045bf12a_48,1,primary,centre,0.502267995240928,
bbbc041,site_b,37df4ffb-f268-4557-94d6-bf68d005feae_25,1,primary,centre,0.4996410848600231,
bbbc041,site_b,37df4ffb-f268-4557-94d6-bf68d005feae_26,1,primary,centre,0.3548612860782173,
bbbc041,site_b,37df4ffb-f268-4557-94d6-bf68d005feae_27,1,primary,centre,0.6230246913580247,
bbbc041,site_b,8298aca0-5099-4d45-88ca-ec8ac7922e77_26,1,primary,centre,0.6386384907147431,
bbbc041,site_b,8298aca0-5099-4d45-88ca-ec8ac7922e77_28,1,primary,centre,0.890380859375,
bbbc041,site_b,8298aca0-5099-4d45-88ca-ec8ac7922e77_29,1,primary,centre,0.8987851851851851,
bbbc041,site_b,a612e0d5-6a95-43cc-96a6-6fbcb8d45ff4_54,1,primary,centre,0.4301268861454047,
bbbc041,site_b,a612e0d5-6a95-43cc-96a6-6fbcb8d45ff4_55,1,primary,centre,0.5289,
bbbc041,site_b,a6e72060-5bde-490c-bdd7-7d9cb0fce7fc_43,1,primary,centre,0.9116660885651521,
bbbc041,site_b,a6e72060-5bde-490c-bdd7-7d9cb0fce7fc_44,1,primary,centre,0.9035307942951766,
bbbc041,site_b,c11081a1-4fd9-4003-8bd9-0727eae62d0a_40,1,primary,nearest,0.16241078509119747,
bbbc041,site_b,c11081a1-4fd9-4003-8bd9-0727eae62d0a_41,1,primary,centre,0.17882011192276476,
bbbc041,site_b,c11081a1-4fd9-4003-8bd9-0727eae62d0a_42,1,primary,centre,0.337220602526725,
bbbc041,site_b,738b7be5-59b5-4d8c-8769-cbf2385b9fc7_50,1,primary,centre,0.5512127686313938,
bbbc041,site_b,738b7be5-59b5-4d8c-8769-cbf2385b9fc7_51,1,primary,centre,0.6953743724663749,
bbbc041,site_b,51c6bc6b-4f37-4ce3-b624-840b27c1584a_30,1,primary,centre,0.16424602002738328,
bbbc041,site_b,51c6bc6b-4f37-4ce3-b624-840b27c1584a_31,1,primary,centre,0.2988209843158464,
bbbc041,site_b,da2197c7-7911-4be6-8bb9-164f47fd270a_44,1,primary,centre,0.3863739248528746,
bbbc041,site_b,da2197c7-7911-4be6-8bb9-164f47fd270a_45,1,primary,centre,0.4849882491186839,
bbbc041,site_b,da2197c7-7911-4be6-8bb9-164f47fd270a_46,1,primary,nearest,0.2999731146659497,
bbbc041,site_b,da2197c7-7911-4be6-8bb9-164f47fd270a_47,1,primary,centre,0.37966840199185153,
bbbc041,site_b,da2197c7-7911-4be6-8bb9-164f47fd270a_48,1,primary,centre,0.6734430082256169,
bbbc041,site_b,da2197c7-7911-4be6-8bb9-164f47fd270a_49,1,primary,centre,0.33249504648681605,
bbbc041,site_b,23e581e7-0fb7-42ff-ba55-a86beefc0619_52,1,primary,centre,0.1593028074173832,
bbbc041,site_b,c3631a04-b757-407b-8e7e-1ed3a6c463d4_29,1,primary,centre,0.43132149901380673,
bbbc041,site_b,c3631a04-b757-407b-8e7e-1ed3a6c463d4_30,1,primary,centre,0.4475550812880547,
bbbc041,site_b,c3631a04-b757-407b-8e7e-1ed3a6c463d4_31,1,primary,centre,0.4275003302946228,
bbbc041,site_b,8874ea02-d263-4830-99d1-e1b14230a56b_44,1,primary,centre,0.4450872196511214,
bbbc041,site_b,8874ea02-d263-4830-99d1-e1b14230a56b_45,1,primary,centre,0.5998654363706267,
bbbc041,site_b,8874ea02-d263-4830-99d1-e1b14230a56b_46,1,primary,centre,0.378920767058124,
bbbc041,site_b,8874ea02-d263-4830-99d1-e1b14230a56b_47,1,primary,centre,0.6456521739130435,
bbbc041,site_b,8874ea02-d263-4830-99d1-e1b14230a56b_48,1,primary,centre,0.5124007936507936,
bbbc041,site_b,31c62771-4e90-4038-9abc-d196beda9898_22,1,primary,centre,0.11012345679012346,
bbbc041,site_b,31c62771-4e90-4038-9abc-d196beda9898_23,1,primary,centre,0.1277080678364866,
bbbc041,site_b,c8d1b7ec-be9f-4c88-a39b-2c6bf46b2998_46,1,primary,centre,0.5136782195495181,
bbbc041,site_b,96afe167-6a2f-4770-aa74-e083fbd5e926_24,1,primary,centre,0.6320309718761125,
bbbc041,site_b,7d16d1e8-4abf-46fc-81bc-d71bd08ed6f2_18,1,primary,centre,0.4975461035098156,
bbbc041,site_b,7d16d1e8-4abf-46fc-81bc-d71bd08ed6f2_19,1,primary,centre,0.43702335761430866,
bbbc041,site_b,7d16d1e8-4abf-46fc-81bc-d71bd08ed6f2_20,1,primary,nearest,0.06507760532150776,
bbbc041,site_b,7d16d1e8-4abf-46fc-81bc-d71bd08ed6f2_21,1,primary,centre,0.41396975518447365,
bbbc041,site_b,91fd0c2e-8e9c-452d-97ab-304b05a049b3_34,1,primary,centre,0.3626543209876543,
bbbc041,site_b,91fd0c2e-8e9c-452d-97ab-304b05a049b3_35,1,primary,centre,0.41555555555555557,
bbbc041,site_b,511b6e13-acd7-4dd3-b1d0-c4aa10a514c7_98,1,primary,centre,0.8855049126000607,
bbbc041,site_b,baab0701-3fd4-4940-8b90-b9c42d95888f_53,1,primary,centre,0.659972299168975,
bbbc041,site_b,baab0701-3fd4-4940-8b90-b9c42d95888f_55,1,primary,centre,0.8621399176954733,
bbbc041,site_b,baab0701-3fd4-4940-8b90-b9c42d95888f_63,1,primary,nearest,0.20379674712524604,
bbbc041,site_b,3e03b313-66eb-471f-a97a-7b2bf20dcff5_52,1,primary,centre,0.6178177267038344,
bbbc041,site_b,3e03b313-66eb-471f-a97a-7b2bf20dcff5_53,1,primary,centre,0.8710641571969697,
bbbc041,site_b,3e03b313-66eb-471f-a97a-7b2bf20dcff5_54,1,primary,centre,0.5012231198088519,
bbbc041,site_b,cc453255-b583-425e-bc3e-284ccf120944_37,1,primary,centre,0.31342516069788795,
bbbc041,site_b,25865b39-56fb-409a-8800-3d368dd264ed_61,1,primary,centre,0.6606565046197029,
bbbc041,site_b,25865b39-56fb-409a-8800-3d368dd264ed_62,1,primary,centre,0.6044283532830895,
bbbc041,site_b,25865b39-56fb-409a-8800-3d368dd264ed_64,1,primary,centre,0.29064199334469604,
bbbc041,site_b,78ae52cf-8dad-4070-a40e-9af02faec1f0_47,1,primary,centre,0.3376717789972328,
bbbc041,site_b,78ae52cf-8dad-4070-a40e-9af02faec1f0_48,1,primary,centre,0.5401662049861495,
bbbc041,site_b,78ae52cf-8dad-4070-a40e-9af02faec1f0_49,1,primary,centre,0.5136949516648764,
bbbc041,site_b,78ae52cf-8dad-4070-a40e-9af02faec1f0_50,1,primary,centre,0.2899115331547764,
bbbc041,site_b,f08e873b-9617-42b3-9c7a-55d0e39c2663_29,1,primary,centre,0.3770199203187251,
bbbc041,site_b,f08e873b-9617-42b3-9c7a-55d0e39c2663_30,1,primary,centre,0.5234910606264283,
bbbc041,site_b,f08e873b-9617-42b3-9c7a-55d0e39c2663_31,1,primary,centre,0.4523103143542482,
bbbc041,site_b,f08e873b-9617-42b3-9c7a-55d0e39c2663_32,1,primary,centre,0.4102059556605011,
bbbc041,site_b,8111cff9-4c04-448e-990b-9d5010f7be56_48,1,primary,centre,0.673421972764078,
bbbc041,site_b,8111cff9-4c04-448e-990b-9d5010f7be56_49,1,primary,centre,0.5437239738251041,
bbbc041,site_b,8111cff9-4c04-448e-990b-9d5010f7be56_50,1,primary,centre,0.6784980569787876,
bbbc041,site_b,e6a7743e-4040-40fa-b097-ca6874c469b7_44,1,primary,centre,0.41623503202450574,
bbbc041,site_b,e6a7743e-4040-40fa-b097-ca6874c469b7_45,1,primary,centre,0.3272539407920031,
bbbc041,site_b,e6a7743e-4040-40fa-b097-ca6874c469b7_46,1,primary,centre,0.46083275995079337,
bbbc041,site_b,e6a7743e-4040-40fa-b097-ca6874c469b7_47,1,primary,centre,0.4637586805555556,
bbbc041,site_b,e6a7743e-4040-40fa-b097-ca6874c469b7_48,1,primary,centre,0.1914676638055579,
bbbc041,site_b,e02301ac-68f7-4daf-b2ba-254b917f1cca_52,1,primary,centre,0.6992799493590758,
bbbc041,site_b,e02301ac-68f7-4daf-b2ba-254b917f1cca_53,1,primary,centre,0.7497341312042666,
bbbc041,site_b,e02301ac-68f7-4daf-b2ba-254b917f1cca_54,1,primary,centre,0.7360505898607717,
bbbc041,site_b,1e647046-333b-4102-a0c6-4c29405c37b3_50,1,primary,centre,0.5157922419460881,
bbbc041,site_b,1e647046-333b-4102-a0c6-4c29405c37b3_51,1,primary,centre,0.5600386455649613,
bbbc041,site_b,ef55f2ac-5a04-4986-99ab-0d2b5052ab3e_55,1,primary,centre,0.48911078238001315,
bbbc041,site_b,a3548f89-1cb5-4e67-b460-482df95b10ee_43,1,primary,centre,0.2353331292725232,
bbbc041,site_b,a3548f89-1cb5-4e67-b460-482df95b10ee_44,1,primary,centre,0.48904230317273795,
bbbc041,site_b,a3548f89-1cb5-4e67-b460-482df95b10ee_45,1,primary,centre,0.3444077824553419,
bbbc041,site_b,a3548f89-1cb5-4e67-b460-482df95b10ee_46,1,primary,centre,0.305108997559128,
bbbc041,site_b,c6807595-100a-4aa1-a5f6-882a20ca3d32_34,1,primary,centre,0.2737849502720961,
bbbc041,site_b,bdfbad30-fa2f-4285-bf02-6064ab6d869c_50,1,primary,nearest,0.22748364069006544,
bbbc041,site_b,df4fd610-fa16-45ca-b3a3-a25a14e5c4e9_63,1,primary,centre,0.7361930998294635,
bbbc041,site_b,df4fd610-fa16-45ca-b3a3-a25a14e5c4e9_64,1,primary,centre,0.4936794704861111,
bbbc041,site_b,d9255d7f-1282-442d-b152-73d7388526f9_34,1,primary,centre,0.8634511359538406,
bbbc041,site_b,d9255d7f-1282-442d-b152-73d7388526f9_35,1,primary,centre,0.9097519434011704,
bbbc041,site_b,aa57ec7c-8f35-4990-a790-62efc9df8fe8_34,1,primary,centre,0.41650422352176736,
bbbc041,site_b,aa57ec7c-8f35-4990-a790-62efc9df8fe8_35,1,primary,centre,0.4532941589755054,
bbbc041,site_b,aa57ec7c-8f35-4990-a790-62efc9df8fe8_36,1,primary,centre,0.504512987012987,
bbbc041,site_b,8e1e0fd3-52fb-4ebb-82de-67bbd66fcf4d_34,1,primary,centre,0.4073998945190474,
bbbc041,site_b,8e1e0fd3-52fb-4ebb-82de-67bbd66fcf4d_35,1,primary,centre,0.44329413462232165,
bbbc041,site_b,8e1e0fd3-52fb-4ebb-82de-67bbd66fcf4d_36,1,primary,centre,0.48269290846610435,
bbbc041,site_b,0897f682-5301-49fc-a8d5-9df7762040bb_34,1,primary,centre,0.5844556677890012,
bbbc041,site_b,0897f682-5301-49fc-a8d5-9df7762040bb_35,1,primary,centre,0.5186523541290254,
bbbc041,site_b,0897f682-5301-49fc-a8d5-9df7762040bb_36,1,primary,centre,0.6557480666270077,
bbbc041,site_b,0897f682-5301-49fc-a8d5-9df7762040bb_37,1,primary,centre,0.605,
bbbc041,site_b,446734b7-6bc9-4a66-a3a0-49f6aa90db33_58,1,primary,centre,0.5308751259119074,
bbbc041,site_b,446734b7-6bc9-4a66-a3a0-49f6aa90db33_63,1,primary,centre,0.7710818593171535,
bbbc041,site_b,446734b7-6bc9-4a66-a3a0-49f6aa90db33_64,1,primary,centre,0.8687265722615577,
bbbc041,site_b,446734b7-6bc9-4a66-a3a0-49f6aa90db33_65,1,primary,centre,0.8908393347050755,
bbbc041,site_b,446734b7-6bc9-4a66-a3a0-49f6aa90db33_66,1,primary,centre,0.5119927020291919,
bbbc041,site_b,446734b7-6bc9-4a66-a3a0-49f6aa90db33_67,1,primary,centre,0.4969633507853403,
bbbc041,site_b,351d6536-3a5c-46eb-a6e4-d71dd999908a_51,1,primary,centre,0.6510145399305556,
bbbc041,site_b,15625643-d964-4b14-9839-c126384ae35b_38,1,primary,centre,0.23305463650183314,
bbbc041,site_b,604478c7-1259-441a-8ad0-7059e191c9e4_76,1,primary,centre,0.423258060620698,
bbbc041,site_b,604478c7-1259-441a-8ad0-7059e191c9e4_77,1,primary,centre,0.2663466967814794,
bbbc041,site_b,604478c7-1259-441a-8ad0-7059e191c9e4_78,1,primary,centre,0.4033084577114428,
bbbc041,site_b,604478c7-1259-441a-8ad0-7059e191c9e4_79,1,primary,centre,0.4752039088950446,
bbbc041,site_b,604478c7-1259-441a-8ad0-7059e191c9e4_80,1,primary,centre,0.22863967421097972,
bbbc041,site_b,604478c7-1259-441a-8ad0-7059e191c9e4_81,1,primary,centre,0.35083153055705785,
bbbc041,site_b,b9025f55-789d-4acb-9c0a-34e877c95c5c_86,1,primary,centre,0.8414744596063277,
bbbc041,site_b,b9025f55-789d-4acb-9c0a-34e877c95c5c_87,1,primary,centre,0.9269205729166666,
bbbc041,site_b,edea6ca9-3d52-4b4f-bec3-93799b1c26e3_45,1,primary,centre,0.32227476478991185,
bbbc041,site_b,edea6ca9-3d52-4b4f-bec3-93799b1c26e3_46,1,primary,nearest,0.04987118145012882,
bbbc041,site_b,edea6ca9-3d52-4b4f-bec3-93799b1c26e3_48,1,primary,centre,0.519955697954986,
bbbc041,site_b,b910c1db-9c66-4207-892f-18a03ecc75bc_56,1,primary,centre,0.5634541286640979,
bbbc041,site_b,b910c1db-9c66-4207-892f-18a03ecc75bc_57,1,primary,centre,0.3901950259438182,
bbbc041,site_b,b910c1db-9c66-4207-892f-18a03ecc75bc_58,1,primary,centre,0.5381285635285369,
bbbc041,site_b,8e22f8cc-b6ef-48cb-a06d-a44cb1fb5f2f_30,1,primary,centre,0.922747703086787,
bbbc041,site_b,5a2447bf-a92b-4a47-a384-4b2ff020ecdc_38,1,primary,centre,0.29671204521932965,
bbbc041,site_b,03be08c8-2cf3-4de6-8ac6-5f7817a6a643_54,1,primary,centre,0.5681768545706035,
bbbc041,site_b,9cf0b006-cb5c-47e7-b076-1dcacf1fbfb1_47,1,primary,centre,0.39381027876866165,
bbbc041,site_b,9cf0b006-cb5c-47e7-b076-1dcacf1fbfb1_48,1,primary,centre,0.5748066627007733,
bbbc041,site_b,9cf0b006-cb5c-47e7-b076-1dcacf1fbfb1_49,1,primary,centre,0.537178507766743,
bbbc041,site_b,51f6463c-1622-4c0d-8482-b864e0ed2e74_33,1,primary,centre,0.6465326633165829,
bbbc041,site_b,51f6463c-1622-4c0d-8482-b864e0ed2e74_34,1,primary,centre,0.3391931379017815,
bbbc041,site_b,a1265844-329c-4a49-a37f-e0541b83a50c_58,1,primary,nearest,0.20385308168219907,
bbbc041,site_b,06bbcd42-3ba8-4476-8804-8455f56dd928_55,1,primary,centre,0.6469582735569732,
bbbc041,site_b,06bbcd42-3ba8-4476-8804-8455f56dd928_56,1,primary,centre,0.6226923076923077,
bbbc041,site_b,06bbcd42-3ba8-4476-8804-8455f56dd928_57,1,primary,centre,0.8995643028846154,
bbbc041,site_b,06bbcd42-3ba8-4476-8804-8455f56dd928_58,1,primary,centre,0.8661023187338976,
bbbc041,site_b,06bbcd42-3ba8-4476-8804-8455f56dd928_59,1,primary,centre,0.7321937321937322,
bbbc041,site_b,06bbcd42-3ba8-4476-8804-8455f56dd928_60,1,primary,centre,0.8998050682261208,
bbbc041,site_b,c736848a-437c-4121-b99f-58f186eb3a1d_26,1,primary,centre,0.5197620464009518,
bbbc041,site_b,c736848a-437c-4121-b99f-58f186eb3a1d_27,1,primary,centre,0.4451270304039983,
bbbc041,site_b,c736848a-437c-4121-b99f-58f186eb3a1d_28,1,primary,centre,0.2797404002163332,
bbbc041,site_b,0346611b-ea43-45bd-9f16-c6e8086273d2_43,1,primary,centre,0.3920084635416667,
bbbc041,site_b,0346611b-ea43-45bd-9f16-c6e8086273d2_44,1,primary,centre,0.43650572922460784,
bbbc041,site_b,0346611b-ea43-45bd-9f16-c6e8086273d2_45,1,primary,centre,0.25546803572684434,
bbbc041,site_b,0346611b-ea43-45bd-9f16-c6e8086273d2_46,1,primary,centre,0.4944536640754651,
bbbc041,site_b,0346611b-ea43-45bd-9f16-c6e8086273d2_47,1,primary,centre,0.3297254774305556,
bbbc041,site_b,0346611b-ea43-45bd-9f16-c6e8086273d2_48,1,primary,centre,0.5807473674401268,
bbbc041,site_b,d1394e1a-dedd-4458-a024-044dae2cd69d_37,1,primary,centre,0.40639316951270305,
bbbc041,site_b,d1394e1a-dedd-4458-a024-044dae2cd69d_38,1,primary,centre,0.403930854842529,
bbbc041,site_b,d1394e1a-dedd-4458-a024-044dae2cd69d_39,1,primary,centre,0.4109262355746827,
bbbc041,site_b,d1394e1a-dedd-4458-a024-044dae2cd69d_40,1,primary,centre,0.42442803098540804,
bbbc041,site_b,d1394e1a-dedd-4458-a024-044dae2cd69d_41,1,primary,centre,0.39198740793537656,
bbbc041,site_b,d1394e1a-dedd-4458-a024-044dae2cd69d_42,1,primary,centre,0.4554945676776822,
bbbc041,site_b,294bc238-efdb-4f88-b83b-f41fe5750106_49,1,primary,centre,0.9251572327044025,
bbbc041,site_b,294bc238-efdb-4f88-b83b-f41fe5750106_69,1,primary,centre,0.6140614249077375,
bbbc041,site_b,294bc238-efdb-4f88-b83b-f41fe5750106_70,1,primary,centre,0.797457074549011,
bbbc041,site_b,294bc238-efdb-4f88-b83b-f41fe5750106_71,1,primary,centre,0.9122498647917794,
bbbc041,site_b,294bc238-efdb-4f88-b83b-f41fe5750106_72,1,primary,centre,0.8830295138888888,
bbbc041,site_b,34950f4e-fe44-49ec-9d49-14bd4a8ce7c0_40,1,primary,centre,0.6545043192102016,
bbbc041,site_b,224c80b8-6c55-48cf-b719-96a47d223dc3_56,1,primary,centre,0.6879464065809566,
bbbc041,site_b,224c80b8-6c55-48cf-b719-96a47d223dc3_57,1,primary,nearest,0.005202913631633715,
bbbc041,site_b,51a42643-256f-463a-bf22-7fd295caead0_68,1,primary,centre,0.1246819821530283,
bbbc041,site_b,51a42643-256f-463a-bf22-7fd295caead0_69,1,primary,centre,0.7281545376429374,
bbbc041,site_b,f8ebe0c8-a90d-4a64-9f6a-f9985e38c340_61,1,primary,centre,0.2715701515740381,
bbbc041,site_b,4b3de416-ac61-43eb-80d0-36b81c4baf82_32,1,primary,nearest,0.09541824295922656,
bbbc041,site_b,4b3de416-ac61-43eb-80d0-36b81c4baf82_33,1,primary,centre,0.44566872704470123,
bbbc041,site_b,087602a2-288b-4a4d-b01a-524f0d799d89_46,1,primary,centre,0.7817373103087388,
bbbc041,site_b,087602a2-288b-4a4d-b01a-524f0d799d89_47,1,primary,centre,0.5725664150573473,
bbbc041,site_b,087602a2-288b-4a4d-b01a-524f0d799d89_48,1,primary,centre,0.4895585514142215,
bbbc041,site_b,087602a2-288b-4a4d-b01a-524f0d799d89_49,1,primary,centre,0.6031967795406109,
bbbc041,site_b,cea1cd9b-9b03-407b-ad8d-348155567dab_54,1,primary,centre,0.31543698825204697,
bbbc041,site_b,cea1cd9b-9b03-407b-ad8d-348155567dab_55,1,primary,centre,0.9241679012345679,
bbbc041,site_b,cea1cd9b-9b03-407b-ad8d-348155567dab_57,1,primary,centre,0.17585431951880495,
bbbc041,site_b,37b4142a-2c7d-400d-8f01-4e438845a484_52,1,primary,centre,0.4590301806997309,
bbbc041,site_b,37b4142a-2c7d-400d-8f01-4e438845a484_53,1,primary,centre,0.5718882937688731,
bbbc041,site_b,37b4142a-2c7d-400d-8f01-4e438845a484_54,1,primary,centre,0.4082944589828194,
bbbc041,site_b,37b4142a-2c7d-400d-8f01-4e438845a484_55,1,primary,centre,0.542487510604204,
bbbc041,site_b,15a5849d-8bc7-4e01-938b-c1f55067787d_42,1,primary,centre,0.39340963963158365,
bbbc041,site_b,15a5849d-8bc7-4e01-938b-c1f55067787d_43,1,primary,centre,0.3763681515773983,
bbbc041,site_b,a5c8bf78-61e2-492d-bae5-0ffeea81212b_66,1,primary,centre,0.645933014354067,
bbbc041,site_b,f0ee03d6-c57b-43a0-8812-359330bdb93a_67,1,primary,centre,0.5571527777777778,
bbbc041,site_b,bc820fb6-5ba8-4438-affe-e250d2ad5eb0_54,1,primary,centre,0.4523809523809524,
bbbc041,site_b,bc820fb6-5ba8-4438-affe-e250d2ad5eb0_55,1,primary,centre,0.5822306238185255,
bbbc041,site_b,bc820fb6-5ba8-4438-affe-e250d2ad5eb0_56,1,primary,centre,0.46932844496110165,
bbbc041,site_b,8448ac8c-fa7a-475a-9ca2-dc0174f78a39_77,1,primary,centre,0.9262476925942861,
bbbc041,site_b,8448ac8c-fa7a-475a-9ca2-dc0174f78a39_78,1,primary,centre,0.8244218978556535,
bbbc041,site_b,8448ac8c-fa7a-475a-9ca2-dc0174f78a39_79,1,primary,centre,0.8588642659279778,
bbbc041,site_b,8448ac8c-fa7a-475a-9ca2-dc0174f78a39_80,1,primary,centre,0.569556816809564,
bbbc041,site_b,8448ac8c-fa7a-475a-9ca2-dc0174f78a39_84,1,primary,centre,0.3189958841632986,
bbbc041,site_b,55078c19-bfaf-4988-a779-767e1c6d22f6_36,1,primary,nearest,0.180091044221479,
bbbc041,site_b,55078c19-bfaf-4988-a779-767e1c6d22f6_37,1,primary,centre,0.44551390296071147,
bbbc041,site_b,37a5a96b-f76e-4607-82fd-f47f7f2903c6_59,1,primary,centre,0.7203518222371854,
bbbc041,site_b,37a5a96b-f76e-4607-82fd-f47f7f2903c6_60,1,primary,centre,0.916797018770703,
bbbc041,site_b,37a5a96b-f76e-4607-82fd-f47f7f2903c6_63,1,primary,centre,0.37664743679939966,
bbbc041,site_b,9fd32265-07f2-442b-80b5-35069891d452_43,1,primary,centre,0.5168174367069395,
bbbc041,site_b,9fd32265-07f2-442b-80b5-35069891d452_44,1,primary,nearest,0.5499171880750828,
bbbc041,site_b,9fd32265-07f2-442b-80b5-35069891d452_45,1,primary,centre,0.5656286721504112,
bbbc041,site_b,9fd32265-07f2-442b-80b5-35069891d452_46,1,primary,nearest,0.2629340277777778,
bbbc041,site_b,0e0bc36f-6fb2-4763-b0a1-b4c67b2d2d2a_20,1,primary,centre,0.6174067666282199,
bbbc041,site_b,0e0bc36f-6fb2-4763-b0a1-b4c67b2d2d2a_21,1,primary,centre,0.7084549638395792,
bbbc041,site_b,0864c569-2ad7-48ed-b12a-e40aa5b93756_49,1,primary,centre,0.4452820207630761,
bbbc041,site_b,f070a212-e4e2-4743-804c-80789a36f495_30,1,primary,centre,0.40094711917916337,
bbbc041,site_b,f070a212-e4e2-4743-804c-80789a36f495_31,1,primary,centre,0.45277069160997735,
bbbc041,site_b,f070a212-e4e2-4743-804c-80789a36f495_32,1,primary,centre,0.4123445637155915,
bbbc041,site_b,2c03b3c9-7786-4e1b-ac2b-c98e9f8358f2_33,1,primary,centre,0.3896541169268442,
bbbc041,site_b,deab75c9-00bc-488c-8b20-ff4515d85212_66,1,primary,centre,0.5548040235865418,
bbbc041,site_b,deab75c9-00bc-488c-8b20-ff4515d85212_67,1,primary,centre,0.7692830978545264,
bbbc041,site_b,34f334e6-a163-4af7-a1ed-51a7ef15934a_32,1,primary,centre,0.3858401880141011,
bbbc041,site_b,34f334e6-a163-4af7-a1ed-51a7ef15934a_33,1,primary,centre,0.5229966346388334,
bbbc041,site_b,34f334e6-a163-4af7-a1ed-51a7ef15934a_34,1,primary,centre,0.4628339343860509,
bbbc041,site_b,34f334e6-a163-4af7-a1ed-51a7ef15934a_35,1,primary,centre,0.3195532217871129,
bbbc041,site_b,34f334e6-a163-4af7-a1ed-51a7ef15934a_36,1,primary,centre,0.36417504913862875,
bbbc041,site_b,34f334e6-a163-4af7-a1ed-51a7ef15934a_37,1,primary,centre,0.5329538583432372,
bbbc041,site_b,4dcd5df9-c56c-471b-8d44-fa4b1ca9a600_42,1,primary,centre,0.4255975092335399,
bbbc041,site_b,4dcd5df9-c56c-471b-8d44-fa4b1ca9a600_43,1,primary,centre,0.4907293846042854,
bbbc041,site_b,bfbf234a-cbc4-4d00-ab7f-9043d1304b41_40,1,primary,centre,0.41088473476627224,
bbbc041,site_b,bfbf234a-cbc4-4d00-ab7f-9043d1304b41_41,1,primary,centre,0.4517872237652457,
bbbc041,site_b,a4bd99a0-226a-4044-914b-8073d5890734_58,1,primary,centre,0.49507936507936506,
bbbc041,site_b,a4bd99a0-226a-4044-914b-8073d5890734_59,1,primary,centre,0.6292913541744016,
bbbc041,site_b,74bf1267-d98b-4532-a81d-9d8df63e0f75_38,1,primary,centre,0.4403268537138115,
bbbc041,site_b,74bf1267-d98b-4532-a81d-9d8df63e0f75_39,1,primary,centre,0.3922315725994353,
bbbc041,site_b,6d9a2241-2cce-42b3-a11d-a3a6b432dd89_37,1,primary,centre,0.5969681014435523,
bbbc041,site_b,6d9a2241-2cce-42b3-a11d-a3a6b432dd89_38,1,primary,centre,0.6430378465897592,
bbbc041,site_b,5bfde411-aa51-45d0-8b67-a57c5f1e628b_41,1,primary,centre,0.5116909342119248,
bbbc041,site_b,5bfde411-aa51-45d0-8b67-a57c5f1e628b_42,1,primary,centre,0.558091286307054,
bbbc041,site_b,5bfde411-aa51-45d0-8b67-a57c5f1e628b_43,1,primary,centre,0.6378333706375579,
bbbc041,site_b,5bfde411-aa51-45d0-8b67-a57c5f1e628b_44,1,primary,centre,0.6122077922077922,
bbbc041,site_b,6040cf0d-9dd6-4798-9406-1afbbcd24d4c_47,1,primary,centre,0.479858291537298,
bbbc041,site_b,6040cf0d-9dd6-4798-9406-1afbbcd24d4c_48,1,primary,centre,0.44910551296093465,
bbbc041,site_b,408745a6-79fb-4804-9c24-e2d6673f8f2e_41,1,primary,centre,0.38096503347858435,
bbbc041,site_b,408745a6-79fb-4804-9c24-e2d6673f8f2e_42,1,primary,centre,0.4185595567867036,
bbbc041,site_b,408745a6-79fb-4804-9c24-e2d6673f8f2e_43,1,primary,centre,0.3828894472361809,
bbbc041,site_b,408745a6-79fb-4804-9c24-e2d6673f8f2e_44,1,primary,centre,0.29256296296296297,
bbbc041,site_b,408745a6-79fb-4804-9c24-e2d6673f8f2e_45,1,primary,centre,0.5822710718002081,
bbbc041,site_b,010961af-b38c-49de-aca0-e3732d73d414_54,1,primary,centre,0.38424215555883945,
bbbc041,site_b,010961af-b38c-49de-aca0-e3732d73d414_55,1,primary,centre,0.6624370105033088,
bbbc041,site_b,010961af-b38c-49de-aca0-e3732d73d414_56,1,primary,centre,0.3368509919797383,
bbbc041,site_b,47112c6b-aaf6-488d-8f3b-f9ed0cce9a95_26,1,primary,centre,0.4543618135567859,
bbbc041,site_b,47112c6b-aaf6-488d-8f3b-f9ed0cce9a95_27,1,primary,centre,0.3738314484786947,
bbbc041,site_b,47112c6b-aaf6-488d-8f3b-f9ed0cce9a95_28,1,primary,centre,0.48200113378684806,
bbbc041,site_b,b1d312cf-1f52-4955-bf42-58d3664c254a_48,1,primary,centre,0.1755933627389204,
bbbc041,site_b,5c399ab9-492c-4bfc-a452-83aba574a3bc_45,1,primary,centre,0.2010989010989011,
bbbc041,site_b,96957ec3-de17-41cf-855b-1388814e5918_52,1,primary,centre,0.36539462723865057,
bbbc041,site_b,291fe50c-2134-4708-bfa4-09b36ffea123_27,1,primary,centre,0.4906213913423426,
bbbc041,site_b,291fe50c-2134-4708-bfa4-09b36ffea123_28,1,primary,centre,0.41962397179788485,
bbbc041,site_b,291fe50c-2134-4708-bfa4-09b36ffea123_29,1,primary,centre,0.4942516069788797,
bbbc041,site_b,291fe50c-2134-4708-bfa4-09b36ffea123_30,1,primary,centre,0.4411223120377017,
bbbc041,site_b,9cf3f75a-354c-46f9-8b53-0a9711ac8bee_31,1,primary,centre,0.39573786956248824,
bbbc041,site_b,9cf3f75a-354c-46f9-8b53-0a9711ac8bee_32,1,primary,centre,0.5100453514739229,
bbbc041,site_b,efb85f8e-c780-4a19-b6ce-555a154b0d10_75,1,primary,centre,0.7184271856890905,
bbbc041,site_b,bd4da4f8-8996-47e0-a4e5-a3da5717441e_10,1,primary,centre,0.3838519397022565,
bbbc041,site_b,bd4da4f8-8996-47e0-a4e5-a3da5717441e_11,1,primary,centre,0.48821453202969695,
bbbc041,site_b,bd4da4f8-8996-47e0-a4e5-a3da5717441e_12,1,primary,centre,0.4045209267362882,
bbbc041,site_b,3ce76f1d-636a-48b9-b0e3-fc7eb791a169_29,1,primary,centre,0.1524380165289256,
bbbc041,site_b,dea9006d-c360-4118-b77b-8bc959fa5f8a_28,1,primary,centre,0.682409972299169,
bbbc041,site_b,dea9006d-c360-4118-b77b-8bc959fa5f8a_29,1,primary,nearest,0.4567731883689817,
bbbc041,site_b,6e20a860-1f9a-4a74-b167-4c6a79bd8778_41,1,primary,centre,0.45060949978982767,
bbbc041,site_b,6e20a860-1f9a-4a74-b167-4c6a79bd8778_42,1,primary,centre,0.5917326827663716,
bbbc041,site_b,6e20a860-1f9a-4a74-b167-4c6a79bd8778_43,1,primary,centre,0.36950617283950615,
bbbc041,site_b,6e20a860-1f9a-4a74-b167-4c6a79bd8778_44,1,primary,centre,0.5695581662117796,
bbbc041,site_b,6e20a860-1f9a-4a74-b167-4c6a79bd8778_45,1,primary,centre,0.40859375,
bbbc041,site_b,0a3b53c7-e7ab-4135-80aa-fd2079d727d6_37,1,primary,centre,0.17067718606180143,
bbbc041,site_b,0a3b53c7-e7ab-4135-80aa-fd2079d727d6_38,1,primary,centre,0.17125031830914184,
bbbc041,site_b,0a3b53c7-e7ab-4135-80aa-fd2079d727d6_39,1,primary,centre,0.3331214240305149,
bbbc041,site_b,4da8f6c5-5f85-4280-92d0-1ba008e8c404_50,1,primary,centre,0.372530146252774,
bbbc041,site_b,4da8f6c5-5f85-4280-92d0-1ba008e8c404_51,1,primary,centre,0.5164689736300363,
bbbc041,site_b,4da8f6c5-5f85-4280-92d0-1ba008e8c404_52,1,primary,centre,0.4880736357659435,
bbbc041,site_b,4da8f6c5-5f85-4280-92d0-1ba008e8c404_53,1,primary,centre,0.6636144578313253,
bbbc041,site_b,b47c1011-0cc6-400d-9300-1c72f873a6e5_43,1,primary,centre,0.4583081753411424,
bbbc041,site_b,b47c1011-0cc6-400d-9300-1c72f873a6e5_44,1,primary,centre,0.4283497698882314,
bbbc041,site_b,b47c1011-0cc6-400d-9300-1c72f873a6e5_45,1,primary,centre,0.35296482412060304,
bbbc041,site_b,b47c1011-0cc6-400d-9300-1c72f873a6e5_46,1,primary,centre,0.3266675524847196,
bbbc041,site_b,b47c1011-0cc6-400d-9300-1c72f873a6e5_47,1,primary,centre,0.32082428994842355,
bbbc041,site_b,b47c1011-0cc6-400d-9300-1c72f873a6e5_48,1,primary,centre,0.4729176149294492,
bbbc041,site_b,b47c1011-0cc6-400d-9300-1c72f873a6e5_49,1,primary,centre,0.4117973372781065,
bbbc041,site_b,b47c1011-0cc6-400d-9300-1c72f873a6e5_50,1,primary,centre,0.4237926521753008,
bbbc041,site_b,623982a0-1f73-4246-92cb-28f7c219efaf_49,1,primary,centre,0.35318518518518516,
bbbc041,site_b,623982a0-1f73-4246-92cb-28f7c219efaf_50,1,primary,centre,0.5530836653386454,
bbbc041,site_b,21116b9d-e6be-483f-8394-e74622b2e182_20,1,primary,centre,0.40440016604400164,
bbbc041,site_b,21116b9d-e6be-483f-8394-e74622b2e182_21,1,primary,centre,0.366964779466448,
bbbc041,site_b,21116b9d-e6be-483f-8394-e74622b2e182_22,1,primary,centre,0.5118896211508074,
bbbc041,site_b,e93e617e-ed36-43d9-bd1a-4ffd2fba64e9_56,1,primary,centre,0.39814612527698884,
bbbc041,site_b,e93e617e-ed36-43d9-bd1a-4ffd2fba64e9_57,1,primary,centre,0.576461038961039,
bbbc041,site_b,e93e617e-ed36-43d9-bd1a-4ffd2fba64e9_58,1,primary,centre,0.6314566115702479,
bbbc041,site_b,3147f1e4-6fc4-4eff-a9dd-ddeee5e2de13_41,1,primary,centre,0.5602393089344037,
bbbc041,site_b,3147f1e4-6fc4-4eff-a9dd-ddeee5e2de13_42,1,primary,centre,0.4160930719736645,
bbbc041,site_b,3147f1e4-6fc4-4eff-a9dd-ddeee5e2de13_43,1,primary,centre,0.2912669033768981,
bbbc041,site_b,e26b88c6-5884-4b5c-94d7-ad780379c8ad_69,1,primary,centre,0.6538370159182704,
bbbc041,site_b,1b814efc-7bf9-40ae-8e13-49dc2c04732f_36,1,primary,centre,0.4166753436068305,
bbbc041,site_b,1b814efc-7bf9-40ae-8e13-49dc2c04732f_37,1,primary,centre,0.47959301653370334,
bbbc041,site_b,693da701-2020-404c-866d-b64c12da951d_33,1,primary,centre,0.15328408970134977,
bbbc041,site_b,693da701-2020-404c-866d-b64c12da951d_34,1,primary,centre,0.3680662626842124,
bbbc041,site_b,b6fe541f-3be2-41a8-8124-757fc1ad875e_30,1,primary,centre,0.3889038191645018,
bbbc041,site_b,b6fe541f-3be2-41a8-8124-757fc1ad875e_31,1,primary,centre,0.4813639322916667,
bbbc041,site_b,887cc81a-bae3-4360-a115-23ae05ac3a4f_27,1,primary,centre,0.5920048560527229,
bbbc041,site_b,887cc81a-bae3-4360-a115-23ae05ac3a4f_28,1,primary,centre,0.4063276397515528,
bbbc041,site_b,887cc81a-bae3-4360-a115-23ae05ac3a4f_29,1,primary,centre,0.42253439704012025,
bbbc041,site_a,24418314-f7a4-49fc-a03e-ec597ca6796e_33,0,primary,centre,0.6341043083900226,
bbbc041,site_a,334bf865-e3fb-4200-bd53-d9ff5808ed9f_94,0,primary,centre,0.6478909465020576,
bbbc041,site_a,a7c91b63-b97c-4f4b-8d34-7ad2b08d7a17_17,0,primary,centre,0.39173775044634,
bbbc041,site_a,7dcc84ce-e8b4-46c8-9506-7c8ebda5da2f_11,0,primary,centre,0.3720156106519743,
bbbc041,site_a,c6575e75-c8ce-4766-841f-1137b9e0956c_29,0,primary,centre,0.4987655646200086,
bbbc041,site_a,e16c0dab-780d-4035-872e-1bb91e49f9d2_77,0,primary,centre,0.5029555263651717,
bbbc041,site_a,985627c9-7b85-40de-a106-eb9cc47b47cb_23,0,primary,centre,0.36317722681359044,
bbbc041,site_a,c649e1cb-4029-4433-b231-d67d68f7391a_24,0,primary,centre,0.5239440809042237,
bbbc041,site_a,36569710-a574-40be-ad42-897a6e74a128_23,0,primary,centre,0.3932034845496384,
bbbc041,site_a,c3215597-a032-46be-9058-d6de1e5191d7_12,0,primary,centre,0.2943560380725758,
bbbc041,site_a,8bd71314-e38a-4670-bb25-5cd6c9acb595_34,0,primary,centre,0.39235698242832606,
bbbc041,site_a,98976666-9125-47fe-9601-43c41e58dfb4_13,0,primary,centre,0.4019635685017648,
bbbc041,site_a,48e2f0bd-2164-40c3-af43-1f2708359978_49,0,primary,centre,0.46938775510204084,
bbbc041,site_a,42e87148-a015-4148-923a-fb83016f64e7_36,0,primary,centre,0.34475436179981633,
bbbc041,site_a,a23f5539-bfe6-4885-9a0e-dba972475ea9_114,0,primary,centre,0.68658447265625,
bbbc041,site_a,84041bf9-dace-4066-9fe0-52170d08f826_67,0,primary,centre,0.7032679738562092,
bbbc041,site_a,f6f8a69a-3fd2-4684-ac77-3e83ea0fb36d_44,0,primary,centre,0.6150405367626502,
bbbc041,site_a,6695a204-e39c-4418-b904-3f080fdbe7e8_78,0,primary,centre,0.5520833333333334,
bbbc041,site_a,4b3a49bc-8536-4760-9553-440a6f64db37_31,0,primary,centre,0.5887361747420057,
bbbc041,site_a,9eb66577-7857-43dc-a879-8f2c9d7f780f_87,0,primary,centre,0.7268133174791914,
bbbc041,site_a,a2a20600-f851-4db7-90f9-6f7be027c8b5_117,0,primary,nearest,0.4783539094650206,
bbbc041,site_a,781d4bea-c6a9-4b36-ae10-ba9e328c87fe_6,0,primary,centre,0.4065354000837872,
bbbc041,site_a,58594235-0d32-4a4e-91cd-4c800eaaaa73_25,0,primary,centre,0.4312789351851852,
bbbc041,site_a,c94a5851-b846-4fde-8c89-05bec3a8ac53_44,0,primary,centre,0.7699926181102362,
bbbc041,site_a,b1100ae1-0ac8-4fc2-b0ff-8819f7fbe724_19,0,primary,centre,0.76,
bbbc041,site_a,bcb447c9-5d37-414f-a513-d7076b04a532_37,0,primary,centre,0.5716711617221056,
bbbc041,site_a,468c261d-f5d8-423f-883e-48af2bbbc5d1_98,0,primary,centre,0.5767511177347243,
bbbc041,site_a,169d541c-daed-468e-8b41-0f1abccdf319_81,0,primary,centre,0.7928824049513705,
bbbc041,site_a,58d75854-be99-484e-89f0-4ab208fe07e0_24,0,primary,centre,0.4224853515625,
bbbc041,site_a,1f8edb2a-40bc-4beb-aa6b-884d2473df0f_12,0,primary,centre,0.5825321966261564,
bbbc041,site_a,eb77e4a9-acb0-4d83-8055-2c5fcaa54b45_161,0,primary,centre,0.6373611111111112,
bbbc041,site_a,694222bb-cddf-469a-9526-f873c6fba58e_7,0,primary,centre,0.45902662993572085,
bbbc041,site_a,a0eedcb9-b85c-4612-b945-7e8227f53c35_80,0,primary,centre,0.5927894283251939,
bbbc041,site_a,72088c26-d2dd-4906-b791-b8947fc7fbe4_4,0,primary,centre,0.5114503816793893,
bbbc041,site_a,e640ae51-cbf1-4a84-b7cf-d38b17f59c2f_10,0,primary,centre,0.41902875486647084,
bbbc041,site_a,2d857091-efcd-41c0-ba3f-226de90445c4_80,0,primary,centre,0.5391735537190082,
bbbc041,site_a,ca677c3c-083f-4d54-9dec-39f79f6a17d8_68,0,primary,centre,0.6328605435429479,
bbbc041,site_a,3cdcb09b-6a8c-43ca-b1d0-c1a289202f65_49,0,primary,centre,0.7722210207612457,
bbbc041,site_a,8bd71314-e38a-4670-bb25-5cd6c9acb595_32,0,primary,centre,0.5739865574459148,
bbbc041,site_a,10891eed-b0f2-4dd0-90cb-da185f6761b2_57,0,primary,centre,0.3050178359096314,
bbbc041,site_a,8be185e7-2a1a-441c-a5c7-b50a9eb926cb_11,0,primary,centre,0.5994724420380397,
bbbc041,site_a,7ef90770-6aeb-45eb-9744-49c5247dde30_77,0,primary,centre,0.7110874200426439,
bbbc041,site_a,afd39466-aafa-4d81-9520-483727418723_4,0,primary,centre,0.48458714527125457,
bbbc041,site_a,dacf7e3f-1d8c-42a0-8539-3abe3971c956_6,0,primary,centre,0.37632467953167664,
bbbc041,site_a,05804cf0-f854-4099-97c2-df287f7c8a8c_8,0,primary,centre,0.4758148323098725,
bbbc041,site_a,89f10192-d3dd-4996-a571-4c851dbdc983_165,0,primary,centre,0.7389987244897959,
bbbc041,site_a,939ad732-d7c5-4339-b087-4335b49d6a3c_20,0,primary,centre,0.4410648286884427,
bbbc041,site_a,e02edd82-c424-4dee-98a7-575640655d9b_19,0,primary,centre,0.37411431270666035,
bbbc041,site_a,fa1f9f89-cecb-4972-842c-d14c632f89a9_53,0,primary,centre,0.6996960486322188,
bbbc041,site_a,72088c26-d2dd-4906-b791-b8947fc7fbe4_129,0,primary,centre,0.5505952380952381,
bbbc041,site_a,137d540f-d71e-47e8-bd9b-6cd0a6433c33_8,0,primary,centre,0.3823760818253344,
bbbc041,site_a,8190ec37-9a5e-419f-89ed-fbfb079370db_11,0,primary,centre,0.4036111111111111,
bbbc041,site_a,31435107-c77d-42f8-a619-75cba6a5161b_35,0,primary,centre,0.5282326204766622,
bbbc041,site_a,6fa2b30f-9b89-46ac-9b79-c0bc105d4271_19,0,primary,centre,0.5828924162257496,
bbbc041,site_a,989d86a1-6d76-4089-85cf-2f2ca0a8456c_24,0,primary,centre,0.27856198784033837,
bbbc041,site_a,79d7a014-21ff-40f1-9ac4-a69839390654_128,0,primary,centre,0.5671453766691862,
bbbc041,site_a,46a03374-64c7-49ac-81c9-c3d62542bbf3_153,0,primary,centre,0.6823028961016258,
bbbc041,site_a,78a5d1c3-44dd-44bc-ad5b-5e25bdcc4fae_35,0,primary,centre,0.44853116790064484,
bbbc041,site_a,4b3a49bc-8536-4760-9553-440a6f64db37_4,0,primary,centre,0.577769428939459,
bbbc041,site_a,861c3e06-aada-47a0-99ae-94fbc2772cc0_0,0,primary,centre,0.44278007346189163,
bbbc041,site_a,6303f964-98ef-47c6-bb2d-283aa393f918_177,0,primary,centre,0.7841935483870968,
bbbc041,site_a,30948737-0d0d-4b68-b9ab-50577e0fe026_26,0,primary,centre,0.5700608152531229,
bbbc041,site_a,24418314-f7a4-49fc-a03e-ec597ca6796e_18,0,primary,centre,0.5542328042328042,
bbbc041,site_a,21a50e4c-b750-46b5-801f-5429ede7dea9_41,0,primary,centre,0.5353086419753087,
bbbc041,site_a,6ba5d0b8-cdc7-4266-9d78-db76faa312e9_49,0,primary,centre,0.27851742274819197,
bbbc041,site_a,b21f6c6e-4b45-407a-b4c7-034a115f3ee4_35,0,primary,centre,0.5505794910556815,
bbbc041,site_a,d1144956-5a0c-4bd2-b67d-8498c82d6a12_51,0,primary,centre,0.38894628099173556,
bbbc041,site_a,b4d22412-a495-43a9-bec0-73a2322f8dad_65,0,primary,centre,0.6843692630474691,
bbbc041,site_a,38c69905-8a4f-451a-8d0a-b855dc88dd16_50,0,primary,centre,0.3854045037531276,
bbbc041,site_a,b4f3b2a4-f4b9-48de-ac5d-0e681b77be27_97,0,primary,centre,0.6235672351132233,
bbbc041,site_a,7d041c38-11f2-4186-8a24-29d7d0f5c3cf_39,0,primary,centre,0.5383450255102041,
bbbc041,site_a,9acf303a-fcba-4e52-be3e-8d061aa5e72a_23,0,primary,centre,0.4214198618073432,
bbbc041,site_a,b10ea12f-cd36-4f2c-994a-67d1665269ab_177,0,primary,centre,0.6094513070956622,
bbbc041,site_a,22a464ef-c3da-4d56-b37e-e22e95d945e7_76,0,primary,centre,0.23292836196062003,
bbbc041,site_a,3dcd4f1b-ce43-4a34-b1ed-076bb42963b1_5,0,primary,centre,0.36869066320606514,
bbbc041,site_a,a6fe423a-5204-4378-bcfa-d6d298a3e9aa_24,0,primary,centre,0.31939643347050756,
bbbc041,site_a,9c48fdf4-621d-4f40-bcd7-6a28cd530de7_17,0,primary,centre,0.38995396538663246,
bbbc041,site_a,3d1b889e-bb4a-4ee6-b899-974ee7d956a7_18,0,primary,centre,0.5031161089283295,
bbbc041,site_a,c147584d-4c61-412a-bdaf-b02b22c18708_31,0,primary,centre,0.5425263388937664,
bbbc041,site_a,b600b38d-225b-46a5-b6f8-b607430f6a10_18,0,primary,centre,0.44287200832466184,
bbbc041,site_a,a11ed7d0-12f6-468f-abad-5cba7d968123_7,0,primary,centre,0.44964599609375,
bbbc041,site_a,030f3421-ed3f-4bf1-8f27-4d02590bffbc_36,0,primary,centre,0.49127197265625,
bbbc041,site_a,6231d81d-9e84-4a5a-8cb8-47c6a37a0176_118,0,primary,centre,0.5953618552578969,
bbbc041,site_a,04c07425-57c7-415c-a0bc-36857bbd4049_18,0,primary,centre,0.4539906103286385,
bbbc041,site_a,19370afd-f897-47d8-bfae-c0d257bbf795_37,0,primary,centre,0.32023988005997,
bbbc041,site_a,5a386082-397f-4524-a6f9-c2b8efe5014d_5,0,primary,centre,0.38882921589688507,
bbbc041,site_a,ca677c3c-083f-4d54-9dec-39f79f6a17d8_24,0,primary,centre,0.5714915595867976,
bbbc041,site_a,4736f545-1f1f-4d77-9241-d69cbf4dae35_70,0,primary,centre,0.3983809993425378,
bbbc041,site_a,ad36bd67-594b-4f63-93e3-886af0bc618e_31,0,primary,centre,0.5632921810699588,
bbbc041,site_a,ca734448-0d52-42fa-b41c-17b2939e58ae_52,0,primary,centre,0.6254901960784314,
bbbc041,site_a,040112be-3c8d-49aa-93f1-522f94a592ff_82,0,primary,centre,0.5186121166586982,
bbbc041,site_a,f1f9df6d-c4cb-4b42-9ca2-8fb47b1b0e91_18,0,primary,centre,0.6012237011592958,
bbbc041,site_a,036404d1-b9fc-497b-bbe1-f4d9c5ac3ce0_5,0,primary,centre,0.4737773487773488,
bbbc041,site_a,b88fe674-fb9a-41d4-b100-cb1c86440d44_59,0,primary,centre,0.3105946082136558,
bbbc041,site_a,2f9f400d-2d67-4118-aaa1-9094bc4b0e47_11,0,primary,centre,0.4585313577485789,
bbbc041,site_a,8cca114a-ed05-4b87-95b7-fae02487f08c_49,0,primary,centre,0.5352082438814942,
bbbc041,site_a,58065a0c-d4c5-40fd-bcdc-037f61788482_32,0,primary,centre,0.509578970817554,
bbbc041,site_a,83ec8923-6232-40d7-ba1f-a1b8bf7cb66c_53,0,primary,centre,0.7273410286182638,
bbbc041,site_a,0d098413-6911-4535-b70a-3c3effd8cf49_0,0,primary,centre,0.4620466820987654,
bbbc041,site_a,781d4bea-c6a9-4b36-ae10-ba9e328c87fe_25,0,primary,centre,0.5187215382020577,
bbbc041,site_a,33068c1a-48f7-470b-8e49-e2f0888042e9_9,0,primary,centre,0.458,
bbbc041,site_a,a065c50b-341d-4803-b4b0-0fe8f04fdbb5_40,0,primary,centre,0.6984722222222223,
bbbc041,site_a,e9e78ff8-831b-46e9-9785-3eee9acbfcd8_111,0,primary,centre,0.672713529856387,
bbbc041,site_a,76a8a5f5-1328-4539-a131-baf877f40cf3_40,0,primary,centre,0.4095483870967742,
bbbc041,site_a,1574565f-f45b-4160-947e-25ce1a81aaca_22,0,primary,centre,0.38731418493323255,
bbbc041,site_a,55836297-fc8e-4e00-9767-0d12b86e4604_78,0,primary,centre,0.6048362411998776,
bbbc041,site_a,84041bf9-dace-4066-9fe0-52170d08f826_72,0,primary,centre,0.636258064516129,
bbbc041,site_a,a6d85204-24b8-4b23-a8b1-c3e8b93f9f22_27,0,primary,centre,0.4304635761589404,
bbbc041,site_a,b4dc3088-3fe2-4688-be24-70664a64e022_38,0,primary,centre,0.5577231931979216,
bbbc041,site_a,631340cc-cedf-4bca-a3d8-a0731a5482b4_59,0,primary,centre,0.47097908931014265,
bbbc041,site_a,6fa2b30f-9b89-46ac-9b79-c0bc105d4271_25,0,primary,centre,0.6407267380802353,
bbbc041,site_a,67582df6-bf13-4c83-a531-1214692b70de_31,0,primary,centre,0.5944074710176042,
bbbc041,site_a,ca734448-0d52-42fa-b41c-17b2939e58ae_64,0,primary,centre,0.661437908496732,
bbbc041,site_a,627d6331-7bb9-4d1a-b20d-e6541af4d0f9_12,0,primary,centre,0.4468968790791504,
bbbc041,site_a,7fdc8be8-7579-4a5c-b369-8a07ee0a8b7d_46,0,primary,centre,0.5265277777777778,
bbbc041,site_a,939ad732-d7c5-4339-b087-4335b49d6a3c_13,0,primary,centre,0.650018261504748,
bbbc041,site_a,59dc7da9-35d1-421e-a61b-1e9637bfbfa1_37,0,primary,centre,0.37250630099534365,
bbbc041,site_a,f3d84be2-8af0-4d62-9f72-23d3dc08cbbe_40,0,primary,centre,0.5919497091386752,
bbbc041,site_a,67f5ca94-d84e-490e-bf0d-4ffba7bdbe30_1,0,primary,centre,0.39725326904814084,
bbbc041,site_a,a89cace5-c818-4f23-a432-052b3433b81e_16,0,primary,centre,0.5436883007771477,
bbbc041,site_a,71925778-a26e-483e-a07c-f3aaf740122a_14,0,primary,centre,0.6211744912674251,
bbbc041,site_a,aa3ad405-828e-4986-8251-20fd981f34d3_61,0,primary,centre,0.3498810939357907,
bbbc041,site_a,c17523c5-90a0-4a6b-9b33-2b4a6cf58d36_41,0,primary,centre,0.704609375,
bbbc041,site_a,24418314-f7a4-49fc-a03e-ec597ca6796e_64,0,primary,centre,0.47365014792899407,
bbbc041,site_a,b3058064-d817-47dd-a8c4-cdb1f62374f8_18,0,primary,centre,0.4059035378857425,
bbbc041,site_a,9b410534-3b70-4a88-9f93-205cf4e55a05_15,0,primary,centre,0.5245098039215687,
bbbc041,site_a,aa3ad405-828e-4986-8251-20fd981f34d3_29,0,primary,centre,0.42851612903225805,
bbbc041,site_a,c35ee701-fde2-46b5-b178-1fe3f1ea7da2_61,0,primary,centre,0.537962962962963,
bbbc041,site_a,e16c0dab-780d-4035-872e-1bb91e49f9d2_11,0,primary,centre,0.40277099609375,
bbbc041,site_a,c84edeb4-311c-4e82-88f9-ae0505b3ad13_12,0,primary,centre,0.5356004756242568,
bbbc041,site_a,441d7843-b20b-4c10-84e3-e6d32621e880_6,0,primary,centre,0.3985185185185185,
bbbc041,site_a,1893e0c5-88e9-4644-bd59-3e47bc53a88c_6,0,primary,centre,0.3345953360768176,
bbbc041,site_a,a065c50b-341d-4803-b4b0-0fe8f04fdbb5_45,0,primary,centre,0.6823607427055703,
bbbc041,site_a,b1100ae1-0ac8-4fc2-b0ff-8819f7fbe724_40,0,primary,centre,0.7964370982552801,
bbbc041,site_a,a6526894-e290-482d-ac43-f1df34864817_39,0,primary,centre,0.696094674556213,
bbbc041,site_a,533c47c9-02a6-419b-961b-81797f022f6c_45,0,primary,centre,0.6197877370353604,
bbbc041,site_a,3d1b889e-bb4a-4ee6-b899-974ee7d956a7_1,0,primary,centre,0.4661381349099704,
bbbc041,site_a,9e82c996-2cfa-418d-9482-8ee23e9d0a5d_32,0,primary,centre,0.3836386722292763,
bbbc041,site_a,f1872d08-f8a6-4b21-aa29-f56bbf607883_11,0,primary,centre,0.4265816326530612,
bbbc041,site_a,7e837856-3519-4dc0-b357-4cdcfd30b4eb_19,0,primary,centre,0.385797301290259,
bbbc041,site_a,989d86a1-6d76-4089-85cf-2f2ca0a8456c_16,0,primary,centre,0.7074127171529769,
bbbc041,site_a,390ad256-e1ed-476a-9f14-2dc34e0da632_23,0,primary,centre,0.4088900308324769,
bbbc041,site_a,b234b6ea-b54d-470c-8461-ba7f4a024796_46,0,primary,centre,0.5890869693686596,
bbbc041,site_a,1c406ce1-023b-47fc-a2cd-5ea2e255de65_33,0,primary,centre,0.4659262797547966,
bbbc041,site_a,3006096f-ceeb-42be-b69e-785179d7438b_21,0,primary,centre,0.41260364842454395,
bbbc041,site_a,bdb5d571-27bc-4a42-ae45-aa5a9af40a81_54,0,primary,centre,0.5381618655692729,
bbbc041,site_a,49288109-80e9-4ec8-96d1-26a0166b8883_58,0,primary,centre,0.6628185907046477,
bbbc041,site_a,b10ea12f-cd36-4f2c-994a-67d1665269ab_49,0,primary,centre,0.415886929971437,
bbbc041,site_a,4fac16e1-8e62-499b-a66b-c4c890372914_0,0,primary,centre,0.3756173896034036,
bbbc041,site_a,8e72e20e-e714-4db6-a1da-c05a409257d4_62,0,primary,centre,0.6329944002357796,
bbbc041,site_a,e9e78ff8-831b-46e9-9785-3eee9acbfcd8_51,0,primary,centre,0.36609467455621303,
bbbc041,site_a,2a91387a-d30f-418d-ac3a-f7cfa6836261_52,0,primary,centre,0.5027354599781163,
bbbc041,site_a,b9ccf7ca-953f-4832-9575-5e70b2a8c224_35,0,primary,centre,0.6826797385620915,
bbbc041,site_a,6ad3efc9-4392-4cee-98a5-186564a96373_54,0,primary,centre,0.3986641769606435,
bbbc041,site_a,f68ae8e9-e760-4106-88e0-4bdef2785f06_32,0,primary,centre,0.7056570814297232,
bbbc041,site_a,bdb5d571-27bc-4a42-ae45-aa5a9af40a81_49,0,primary,centre,0.384394341290893,
bbbc041,site_a,d1924af6-7512-4ccc-9c6b-adbbaa8db41f_57,0,primary,centre,0.6911670918367347,
bbbc041,site_a,e81bf478-27ff-458c-ac30-9e1f8480bc5c_14,0,primary,centre,0.40891590678824724,
bbbc041,site_a,a5c3b3f8-7ceb-4573-a400-a76b9479af46_21,0,primary,centre,0.37166138524219106,
bbbc041,site_a,f4c00b8c-d675-4255-8277-ca65bd757f51_49,0,primary,centre,0.6335662456328944,
bbbc041,site_a,90a82250-1f68-48c9-9af9-15f18bf8c974_36,0,primary,centre,0.25442734794600086,
bbbc041,site_a,d1144956-5a0c-4bd2-b67d-8498c82d6a12_28,0,primary,centre,0.3521676038454562,
bbbc041,site_a,f20a4fcf-ea8e-4c14-883d-d26a9e08ce25_16,0,primary,centre,0.31566157508430864,
bbbc041,site_a,b901c906-91be-48c4-88ec-2c527544a258_1,0,primary,centre,0.43453763440860216,
bbbc041,site_a,b5246b58-6f40-4c9e-8024-f49b0ed6bdbd_67,0,primary,centre,0.5736862643080125,
bbbc041,site_a,1976cd04-d24f-457c-b423-7e4cdb05de9e_24,0,primary,centre,0.6554437869822485,
bbbc041,site_a,63d36d2c-43a9-49ac-9504-028b4968c860_47,0,primary,centre,0.3933333333333333,
bbbc041,site_a,ad36bd67-594b-4f63-93e3-886af0bc618e_10,0,primary,centre,0.5731122448979592,
bbbc041,site_a,99e979d4-ee97-4d7f-9da6-00bead40db4d_55,0,primary,centre,0.31165213178294576,
bbbc041,site_a,78a5d1c3-44dd-44bc-ad5b-5e25bdcc4fae_67,0,primary,centre,0.5784499054820416,
bbbc041,site_a,61575482-91e1-4db9-83c7-687b7ddbbfc4_91,0,primary,centre,0.3856071964017991,
bbbc041,site_a,214f1d15-a081-476e-992d-6c3a77f03d59_44,0,primary,centre,0.36818117077339413,
bbbc041,site_a,8757be1e-b832-407a-8e95-62abae485b24_16,0,primary,centre,0.5539792387543253,
bbbc041,site_a,390ad256-e1ed-476a-9f14-2dc34e0da632_41,0,primary,centre,0.44955555555555554,
bbbc041,site_a,c4494d4f-732f-431a-8a9d-62403f0b74fe_57,0,primary,centre,0.6068705488060326,
bbbc041,site_a,d7581cb0-7a12-471d-a3d8-68dcea362213_73,0,primary,centre,0.64453125,
bbbc041,site_a,2ac343e4-c889-47c1-8fe2-461b626def76_51,0,primary,centre,0.4441252648928656,
bbbc041,site_a,fe851c88-692d-4199-87e0-d19d9c4eb591_162,0,primary,centre,0.7020252800919277,
bbbc041,site_a,3b13e20f-ec0d-44ec-b2f4-eaebfa09150e_19,0,primary,centre,0.5641025641025641,
bbbc041,site_a,eb77e4a9-acb0-4d83-8055-2c5fcaa54b45_117,0,primary,centre,0.7028848576467625,
bbbc041,site_a,8e4bdd0d-1c72-4836-ae3e-05e2e50e4983_85,0,primary,centre,0.4465869389948938,
bbbc041,site_a,e640ae51-cbf1-4a84-b7cf-d38b17f59c2f_71,0,primary,centre,0.6966279712548369,
bbbc041,site_a,749df49e-5212-49ea-9e88-7d66f258f1df_34,0,primary,centre,0.5314128943758574,
bbbc041,site_a,4736f545-1f1f-4d77-9241-d69cbf4dae35_73,0,primary,centre,0.5504107542942495,
bbbc041,site_a,aa2dfa24-2dc3-4279-a232-f84780ace190_1,0,primary,centre,0.4741535174227482,
bbbc041,site_a,d64cd75a-df26-44d5-ac25-69061a4e4d57_38,0,primary,centre,0.439374185136897,
bbbc041,site_a,7dfbfeaf-e3b1-4159-8dcd-d7f731280ac8_10,0,primary,centre,0.46397815584961144,
bbbc041,site_a,9f959520-e15e-45c2-bc29-ef3c19154d1c_13,0,primary,centre,0.5941378707534526,
bbbc041,site_a,a30da226-b452-408a-a556-bfae4d521464_25,0,primary,centre,0.5905769715293525,
bbbc041,site_a,4fc9a597-aaa8-43b0-ad1c-2eabbe442e84_16,0,primary,centre,0.681270846288654,
bbbc041,site_a,19979a60-df80-4111-bf69-81a7e9c4dd0b_11,0,primary,centre,0.4166259765625,
bbbc041,site_a,caeb2d62-1166-43f0-8eac-5b8fc48f02eb_30,0,primary,centre,0.3588550983899821,
bbbc041,site_a,ae779806-6d01-4dc6-89df-294c368db6bc_1,0,primary,centre,0.6079711468224982,
bbbc041,site_a,679ae89f-4a02-4301-862e-1d844cc66cbf_29,0,primary,centre,0.5333247334021328,
bbbc041,site_a,01b38a56-13eb-447b-89ee-fc21cb40dcc1_37,0,primary,centre,0.45839793281653746,
bbbc041,site_a,b9c6db13-ca3a-4937-8ecf-e537047ed858_3,0,primary,centre,0.39655952919873244,
bbbc041,site_a,a11ed7d0-12f6-468f-abad-5cba7d968123_29,0,primary,centre,0.5020501351225422,
bbbc041,site_a,672e4ecf-a56b-462e-b83b-76f4efaa6634_66,0,primary,centre,0.6850976685570258,
bbbc041,site_a,14b68d86-ac7f-419d-b4a5-6b0b1d9aaa18_28,0,primary,centre,0.6661093861953666,
bbbc041,site_a,161978c3-3a05-47a5-9fee-be7d25693eae_13,0,primary,centre,0.5552287581699347,
bbbc041,site_a,5836500a-221e-40ca-a8be-caaa37f7d300_42,0,primary,centre,0.4174242424242424,
bbbc041,site_a,f5869ba8-6253-426b-93f3-82af59a86144_69,0,primary,centre,0.7837837837837838,
bbbc041,site_a,3b5a8060-dec6-4a83-b7f2-b604e4e69dfc_74,0,primary,centre,0.6310902739474168,
bbbc041,site_a,61cd8c7d-394d-42d3-9ed4-e09559110bed_16,0,primary,centre,0.5658833661417323,
bbbc041,site_a,a30da226-b452-408a-a556-bfae4d521464_13,0,primary,centre,0.496551724137931,
bbbc041,site_a,84d7545e-c3a8-4b1f-9a39-36aab78c8699_6,0,primary,centre,0.4671441689623508,
bbbc041,site_a,ebfd9f67-138e-49f0-9cef-a0352069eedb_44,0,primary,centre,0.6092951059167275,
bbbc041,site_a,4cccfcf0-cac9-46f0-870c-0eabfdc781ba_20,0,primary,centre,0.5354442344045368,
bbbc041,site_a,8757be1e-b832-407a-8e95-62abae485b24_6,0,primary,centre,0.43657092466616276,
bbbc041,site_a,1d9d4dac-66f9-4c87-b714-d723d5b15fa9_18,0,primary,centre,0.5800888888888889,
bbbc041,site_a,89f10192-d3dd-4996-a571-4c851dbdc983_14,0,primary,centre,0.5696649029982364,
bbbc041,site_a,16a51468-9f93-45df-9ae2-5a74c25c5a4b_5,0,primary,centre,0.5199781435694283,
bbbc041,site_a,a7688988-2bcc-4458-83d3-5e482da5f87b_18,0,primary,centre,0.4532083103511675,
bbbc041,site_a,c66cb6b2-1480-446a-a9d2-b8032a3de0d7_0,0,primary,centre,0.48825190793822487,
bbbc041,site_a,3b55c42f-ad59-422f-ba99-4f4f4ca9cb2e_130,0,primary,centre,0.5921430623384085,
bbbc041,site_a,9258fe22-6406-4d00-b6f0-3f9492925405_18,0,primary,centre,0.493204469948656,
bbbc041,site_a,3d1429ed-4619-41f7-8ff3-d698ad28034c_42,0,primary,centre,0.46552045475724535,
bbbc041,site_a,5f783f43-0090-4f8a-bd75-9562f4aa2dd5_127,0,primary,centre,0.7623393021120294,
bbbc041,site_a,7d65d296-0f7b-41cc-9073-a547e24326c8_23,0,primary,centre,0.43233705123736493,
bbbc041,site_a,ccb4b13d-ab20-4222-892f-5adf70249aaa_48,0,primary,centre,0.4632373497344143,
bbbc041,site_a,9edba799-e169-46cd-b100-c9f8fc7a8c7d_52,0,primary,centre,0.3800911854103343,
bbbc041,site_a,6231d81d-9e84-4a5a-8cb8-47c6a37a0176_154,0,primary,centre,0.5564964097005826,
bbbc041,site_a,49c4dbd3-6269-4d4c-9648-a2146c57bab1_40,0,primary,centre,0.4666666666666667,
bbbc041,site_a,fe00fa09-d3c8-485b-9d0f-3cce556c9edd_21,0,primary,centre,0.4009447331128956,
bbbc041,site_a,deeaa5b3-3895-4aec-a2ce-ed6404862cdf_50,0,primary,centre,0.5622816032887975,
bbbc041,site_a,a6391703-0820-4913-a7cd-e843ff0d84ba_38,0,primary,centre,0.39479591836734695,
bbbc041,site_a,4935818a-7e7a-4f44-a3b6-b361d1abfe16_46,0,primary,centre,0.3299363605091159,
bbbc041,site_a,84d7545e-c3a8-4b1f-9a39-36aab78c8699_45,0,primary,centre,0.48013375295043276,
bbbc041,site_a,137d540f-d71e-47e8-bd9b-6cd0a6433c33_7,0,primary,centre,0.4101026256164201,
bbbc041,site_a,640c4a52-3742-4f57-aee3-9e3dc0887622_37,0,primary,centre,0.5168157423971378,
bbbc041,site_a,1b7f47fc-26cd-4273-b848-88a7cbfd9f85_20,0,primary,centre,0.6080555555555556,
bbbc041,site_a,5e2cea49-0823-49d1-83cf-8fd1559cdd93_63,0,primary,centre,0.6385939510939511,
bbbc041,site_a,fcc2b245-f47f-447f-8527-275b0005677c_42,0,primary,centre,0.6437057863232359,
bbbc041,site_a,584d62ed-4329-45dd-94ce-e929d8b2bb74_140,0,primary,centre,0.840877914951989,
bbbc041,site_a,79d7a014-21ff-40f1-9ac4-a69839390654_126,0,primary,centre,0.7703919933277732,
bbbc041,site_a,de81bf7a-7a56-437f-a068-4d9c3e01134c_40,0,primary,centre,0.5780496016159803,
bbbc041,site_a,b12ae3b1-613c-4c0e-9163-3c5cc314abf5_55,0,primary,centre,0.6475812547241119,
bbbc041,site_a,3a8f468f-f9de-46a8-a7c8-f2be239fa207_86,0,primary,centre,0.4693998109640832,
bbbc041,site_a,56fbae44-4677-47f8-9c3a-22dac043c115_44,0,primary,centre,0.58551025390625,
bbbc041,site_a,c22f7031-9cf8-48ce-b03b-1b12d0db4951_181,0,primary,centre,0.742671996124031,
bbbc041,site_a,034c8d57-04d5-4786-93a4-6ae8fde2c258_36,0,primary,centre,0.45212484570622463,
bbbc041,site_a,b9ccf7ca-953f-4832-9575-5e70b2a8c224_67,0,primary,centre,0.774660531926832,
bbbc041,site_a,46a03374-64c7-49ac-81c9-c3d62542bbf3_48,0,primary,centre,0.6247575383530242,
bbbc041,site_a,3d8fb5bf-3315-48fb-8ab1-802eafd550bc_15,0,primary,centre,0.38472424557752344,
bbbc041,site_a,4c13e22e-dfd1-4fa1-b373-be9d0c272c0f_23,0,primary,centre,0.4491208248005084,
bbbc041,site_a,533c47c9-02a6-419b-961b-81797f022f6c_15,0,primary,centre,0.32406035665294924,
bbbc041,site_a,711f6b3f-cd63-46d1-834a-bc8e9aa9b43e_4,0,primary,centre,0.4824229313142239,
bbbc041,site_a,5f783f43-0090-4f8a-bd75-9562f4aa2dd5_83,0,primary,centre,0.6544330585876588,
bbbc041,site_a,cecbf663-0751-4e7f-b298-770c88afc2c1_18,0,primary,centre,0.4919175530316688,
bbbc041,site_a,8271d0d8-9985-43eb-94b3-c702adca139f_27,0,primary,centre,0.5773603160525679,
bbbc041,site_a,b338766f-19b9-4874-bcc5-ae22b3c533e6_13,0,primary,centre,0.390482372510041,
bbbc041,site_a,a0eedcb9-b85c-4612-b945-7e8227f53c35_61,0,primary,centre,0.6161515453639083,
bbbc041,site_a,56551792-4aa1-4301-9f8f-8bfebcd20050_36,0,primary,centre,0.3050178359096314,
bbbc041,site_a,9f38055f-4fe6-47fd-a6dd-c0743db4eccf_147,0,primary,nearest,0.6119512707414408,
bbbc041,site_a,9edba799-e169-46cd-b100-c9f8fc7a8c7d_45,0,primary,centre,0.5690369897959183,
bbbc041,site_a,b9de8b1a-f96a-4eb5-bc05-84ad43a054f3_17,0,primary,centre,0.46139050478513793,
bbbc041,site_a,1a332b2c-9d49-4ff2-810c-5633d2314527_7,0,primary,centre,0.526965027700831,
bbbc041,site_a,f91670db-be74-474c-bd72-68120aed4756_28,0,primary,centre,0.46651785714285715,
bbbc041,site_a,43158031-a335-4533-9c20-48bebba90123_37,0,primary,centre,0.536088027085257,
bbbc041,site_a,46f5bd4f-8bea-48d1-a1da-4dea28e3b814_24,0,primary,centre,0.4676581483033096,
bbbc041,site_a,b2e34f5f-904e-4473-9dc7-c6bc1ce12640_65,0,primary,centre,0.5571938775510205,
bbbc041,site_a,50d7c6c9-3230-48fe-947c-7dcfd0aad710_17,0,primary,centre,0.3754724111866969,
bbbc041,site_a,58f7e1da-3478-48f4-958c-e9b1cb8696aa_37,0,primary,centre,0.43439028503963567,
bbbc041,site_a,7abc0d26-dd66-4ef4-8c4e-4a661e589a7f_48,0,primary,centre,0.4948611111111111,
bbbc041,site_a,035f6c4b-0897-46ab-9c3b-5f3b0feff043_15,0,primary,centre,0.5429956970152312,
bbbc041,site_a,1f8f08ea-b5b3-4f68-94d4-3cc071b7dce8_46,0,primary,centre,0.4633047993833421,
bbbc041,site_a,0a747cb3-c720-4572-a661-ab5670a5c42e_45,0,primary,centre,0.534947016983597,
bbbc041,site_a,434523fd-d4d9-4961-a7c2-d71d6ae68e13_54,0,primary,centre,0.5313186813186813,
bbbc041,site_a,98976666-9125-47fe-9601-43c41e58dfb4_50,0,primary,centre,0.7256353707204369,
bbbc041,site_a,5836500a-221e-40ca-a8be-caaa37f7d300_64,0,primary,centre,0.43499752842313394,
bbbc041,site_a,05717db9-f1ef-4101-a9f7-7a007e83b1c9_26,0,primary,centre,0.36766499009297365,
bbbc041,site_a,adff6e1d-ba9d-4c7b-a8fe-1ec458eaeeb8_8,0,primary,centre,0.42425930051236355,
bbbc041,site_a,25c6cfb1-01d0-4864-87f9-02b7593683c7_60,0,primary,centre,0.7401129943502824,
bbbc041,site_a,01b38a56-13eb-447b-89ee-fc21cb40dcc1_75,0,primary,centre,0.6791723901098901,
bbbc041,site_a,2ae3e6e6-7482-4ab8-ad73-b530b5c2ee3b_35,0,primary,centre,0.5129669443697931,
bbbc041,site_a,b8a4d467-c40c-4ebf-91dd-1c19d0f2a7ae_46,0,primary,centre,0.6788852149267832,
bbbc041,site_a,985627c9-7b85-40de-a106-eb9cc47b47cb_60,0,primary,centre,0.39281045751633986,
bbbc041,site_a,48e2f0bd-2164-40c3-af43-1f2708359978_57,0,primary,centre,0.4646819526627219,
bbbc041,site_a,5397d8e2-bb09-42e7-9861-65ffad0fe94e_33,0,primary,centre,0.23486572598998634,
bbbc041,site_a,18dbe7c4-89d2-42a6-a969-1e951ab313b1_61,0,primary,centre,0.6274594907407407,
bbbc041,site_a,5a631871-2fc7-4a68-9c39-f3b9a0bf4a04_27,0,primary,centre,0.44525506794386277,
bbbc041,site_a,79d7a014-21ff-40f1-9ac4-a69839390654_19,0,primary,centre,0.5164353103779821,
bbbc041,site_a,d7581cb0-7a12-471d-a3d8-68dcea362213_27,0,primary,centre,0.3890597103749256,
bbbc041,site_a,161978c3-3a05-47a5-9fee-be7d25693eae_47,0,primary,centre,0.4921898025346301,
bbbc041,site_a,fe0c5e48-f65e-488c-9c3c-1ea7c7835c0c_27,0,primary,centre,0.6795167743921207,
bbbc041,site_a,f4c2b43f-a2e7-4746-8034-0b34aebba8ee_28,0,primary,centre,0.383005366726297,
bbbc041,site_a,521a26aa-0a31-4c07-b4d0-fac08eb08344_1,0,primary,centre,0.4721945826423438,
bbbc041,site_a,239f17eb-a2e2-47e9-82e3-fa0d9a70fb9f_2,0,primary,centre,0.3774132675279431,
bbbc041,site_a,e474a20b-2769-48f1-a520-4f6ef5a0dbf5_3,0,primary,centre,0.3649031648559282,
bbbc041,site_a,a0eeeb10-d0cb-48d9-8c22-2c3a3c908d00_37,0,primary,centre,0.5919945320176001,
bbbc041,site_a,711f6b3f-cd63-46d1-834a-bc8e9aa9b43e_32,0,primary,centre,0.4980354965451836,
bbbc041,site_a,71204a6d-814e-44b6-9cee-7b979f478021_45,0,primary,centre,0.6630959882377652,
bbbc041,site_a,5f491efd-a21c-4a80-aaba-70b8876238ac_64,0,primary,centre,0.5139096340552651,
bbbc041,site_a,c680004e-6ee2-43d7-877c-edc9b5ebeecc_60,0,primary,centre,0.7438088976550515,
bbbc041,site_a,e4827c85-311a-4df1-89c2-99dad0c3558c_97,0,primary,centre,0.5836074086896313,
bbbc041,site_a,bb137718-20ba-457d-8ffe-4f9420ecaab6_42,0,primary,centre,0.3527777777777778,
bbbc041,site_a,d31dd2c0-ae8e-4499-86bb-7cabb6e438b9_33,0,primary,centre,0.41633850020946794,
bbbc041,site_a,eaf4b781-b3aa-41ce-8c5e-287979b4e15a_130,0,primary,centre,0.5673905835543767,
bbbc041,site_a,e4827c85-311a-4df1-89c2-99dad0c3558c_75,0,primary,centre,0.35030566280566283,
bbbc041,site_a,645cd195-af50-409f-8da9-6e7c7f18ea09_49,0,primary,centre,0.4129397734048897,
bbbc041,site_a,c6530038-6d4e-49e1-8427-d1d3acc9fa21_6,0,primary,centre,0.5236304012345679,
bbbc041,site_a,6fa2b30f-9b89-46ac-9b79-c0bc105d4271_74,0,primary,centre,0.7956302021403091,
bbbc041,site_a,883d9731-a04d-4f84-83c9-d3bef954759d_50,0,primary,centre,0.4554398148148148,
bbbc041,site_a,4063945d-03fc-4ce3-a04c-17435dce8f91_74,0,primary,centre,0.6025022956841138,
bbbc041,site_a,5ccca8ee-abea-458a-a891-bedd31c3ddc3_62,0,primary,centre,0.42287478649323346,
bbbc041,site_a,eb77e4a9-acb0-4d83-8055-2c5fcaa54b45_124,0,primary,centre,0.6497507000887918,
bbbc041,site_a,1fdf99d1-a494-4174-bcd7-efbe457ab899_53,0,primary,centre,0.6060283687943262,
bbbc041,site_a,fc15659f-6264-4dd5-ab17-43d89fb297b9_10,0,primary,centre,0.3795138888888889,
bbbc041,site_a,65e3d6a6-012c-4b40-9a42-83078eb85e31_23,0,primary,centre,0.5333915614082236,
bbbc041,site_a,8eeb378e-90f0-47ea-ac1c-2a201eb8d090_7,0,primary,centre,0.5113288018126083,
bbbc041,site_a,533c47c9-02a6-419b-961b-81797f022f6c_40,0,primary,centre,0.6271085640138409,
bbbc041,site_a,8cca114a-ed05-4b87-95b7-fae02487f08c_76,0,primary,centre,0.7457140905675842,
bbbc041,site_a,f11d05e4-538a-4024-8711-b08a4ce3c540_0,0,primary,centre,0.4584417273673257,
bbbc041,site_a,c2ec116f-f091-422c-926c-70b548a8f6ef_128,0,primary,centre,0.6952773613193404,
bbbc041,site_a,ca16a5ad-b106-4e84-8a43-178710e854ba_46,0,primary,centre,0.8029962967119291,
bbbc041,site_a,07a80340-f65e-4f58-9317-94bb6ebd5a28_70,0,primary,centre,0.41706699275045855,
bbbc041,site_a,c7ec51d5-9f45-4209-8357-39e9a984a733_38,0,primary,centre,0.39478352011610096,
bbbc041,site_a,bfc61c48-685d-470b-86b1-e4c7eb85c4fd_32,0,primary,centre,0.363953791933168,
bbbc041,site_a,8cc6fe77-5f2f-4670-b4ac-1b49550241a8_35,0,primary,centre,0.49378523160953747,
bbbc041,site_a,3b5a8060-dec6-4a83-b7f2-b604e4e69dfc_105,0,primary,centre,0.6199680351613226,
bbbc041,site_a,6274fe0d-0d71-40be-b61b-f0bd5b5df1e2_80,0,primary,centre,0.6747404844290658,
bbbc041,site_a,289ef1b7-02d5-42e9-a401-687688181306_35,0,primary,centre,0.548804012345679,
bbbc041,site_a,4c13e22e-dfd1-4fa1-b373-be9d0c272c0f_133,0,primary,centre,0.6367472915091963,
bbbc041,site_a,46a2d369-4bea-4405-ac78-91bbe130b9a7_12,0,primary,centre,0.5389098928796471,
bbbc041,site_a,f11d05e4-538a-4024-8711-b08a4ce3c540_28,0,primary,centre,0.4769462798046538,
bbbc041,site_a,505355c9-23bf-4f90-8ebc-6a7ef50964d0_62,0,primary,centre,0.5923570736434108,
bbbc041,site_a,a9daf82a-a46d-4296-bd72-2c374ed0a193_30,0,primary,centre,0.6209720221396619,
bbbc041,site_a,a89cace5-c818-4f23-a432-052b3433b81e_73,0,primary,centre,0.6300266472868217,
bbbc041,site_a,1380f9b4-bf54-4492-90c3-743c7aa8898b_8,0,primary,centre,0.50177001953125,
bbbc041,site_a,1d4f06e1-9c9b-487e-84cd-e7e50cc754da_23,0,primary,centre,0.576340830449827,
bbbc041,site_a,99e979d4-ee97-4d7f-9da6-00bead40db4d_35,0,primary,centre,0.34286553141514975,
bbbc041,site_a,6303f964-98ef-47c6-bb2d-283aa393f918_68,0,primary,centre,0.7100979772439949,
bbbc041,site_a,7094c11a-1e62-4f98-894e-d17d138a88e9_31,0,primary,centre,0.63828125,
bbbc041,site_a,724e0c34-32cd-41f1-ae37-586038bc67ab_64,0,primary,centre,0.5009365801445009,
bbbc041,site_a,adff6e1d-ba9d-4c7b-a8fe-1ec458eaeeb8_41,0,primary,centre,0.29077961019490256,
bbbc041,site_a,ad8731b7-0dae-4983-9dc6-dec31767d761_50,0,primary,centre,0.3832429346274622,
bbbc041,site_a,4272cbd7-5b0a-4bf7-b690-dee1c128f07b_22,0,primary,centre,0.4176986584107327,
bbbc041,site_a,3e36698f-8c09-4c8b-8948-737310bf97e5_56,0,primary,centre,0.449203365556749,
bbbc041,site_a,4a717a39-80f8-4b75-a25e-c46d65d7dcd5_37,0,primary,centre,0.44848024316109425,
bbbc041,site_a,59daa25e-85d6-42f2-8f39-cc9f9d5d252e_10,0,primary,centre,0.3795446675900277,
bbbc041,site_a,3e33ee12-ef02-4287-8318-7ad3b284a617_2,0,primary,centre,0.4944339424490653,
bbbc041,site_a,f77d7469-d083-4c2d-a4ea-5a9ff162e3e2_21,0,primary,centre,0.4278942832519391,
bbbc041,site_a,ca734448-0d52-42fa-b41c-17b2939e58ae_83,0,primary,centre,0.6907785305691915,
bbbc041,site_a,63d36d2c-43a9-49ac-9504-028b4968c860_3,0,primary,centre,0.39502085978596047,
bbbc041,site_a,b600b38d-225b-46a5-b6f8-b607430f6a10_15,0,primary,centre,0.483491124260355,
bbbc041,site_a,f8242b97-b8d5-48b5-b808-0b0f75a5de97_18,0,primary,centre,0.6930260682612202,
bbbc041,site_a,ed0bee2f-05e0-4392-8357-19750cec577c_85,0,primary,centre,0.7387683541529695,
bbbc041,site_a,5e17f8e6-fd8d-426c-b444-1515d14f04b7_80,0,primary,centre,0.739453227356101,
bbbc041,site_a,f7a4334a-4332-4de8-b39b-22da907976f2_30,0,primary,centre,0.5980888888888889,
bbbc041,site_a,e98ea067-82b5-4a0d-87bf-b4bbdc10ddab_14,0,primary,centre,0.45785504817762884,
bbbc041,site_a,8cc6fe77-5f2f-4670-b4ac-1b49550241a8_44,0,primary,centre,0.6858093602404466,
bbbc041,site_a,a824b499-3736-4581-bbdc-be1b3b4cf756_31,0,primary,centre,0.4424860853432282,
bbbc041,site_a,5077f87d-a19f-494c-b911-14ccb03bd230_23,0,primary,centre,0.5103012465373962,
bbbc041,site_a,b10ea12f-cd36-4f2c-994a-67d1665269ab_89,0,primary,centre,0.7368319876970396,
bbbc041,site_a,2a91387a-d30f-418d-ac3a-f7cfa6836261_42,0,primary,centre,0.5314564780235564,
bbbc041,site_a,2a91387a-d30f-418d-ac3a-f7cfa6836261_24,0,primary,centre,0.3720511795281887,
bbbc041,site_a,56fbae44-4677-47f8-9c3a-22dac043c115_2,0,primary,centre,0.48951701892878363,
bbbc041,site_a,3ff98212-7c2a-46cd-afb7-34a2479bed07_8,0,primary,centre,0.41759002770083103,
bbbc041,site_a,334bf865-e3fb-4200-bd53-d9ff5808ed9f_90,0,primary,centre,0.49687349687349686,
bbbc041,site_a,a2de1248-7bc0-44dc-b508-70a357eedd68_38,0,primary,centre,0.5397874174087905,
bbbc041,site_a,035f6c4b-0897-46ab-9c3b-5f3b0feff043_44,0,primary,centre,0.6140787197231834,
bbbc041,site_a,0da07970-3146-479c-8a07-f61ed32814a9_0,0,primary,centre,0.4044469639707735,
bbbc041,site_a,686ed568-d5f8-475e-81ad-edab9dd473a0_139,0,primary,centre,0.6528798185941043,
bbbc041,site_a,3d4d7ba7-6c7c-4ddd-b282-31fb5d80edb5_55,0,primary,centre,0.5934114386495339,
bbbc041,site_a,464055b6-3351-4636-a919-8be9840fb850_17,0,primary,centre,0.4379698216735254,
bbbc041,site_a,540a5fee-175b-4b92-bf62-1ea9b59c86c6_102,0,primary,nearest,0.5512849287397599,
bbbc041,site_a,68f34a9c-f73d-4238-8f55-4b05a8a2154c_29,0,primary,centre,0.41643835616438357,
bbbc041,site_a,5c037ffc-f515-48b3-b231-c110fbd2b8ca_87,0,primary,centre,0.6138087264847828,
bbbc041,site_a,04fb49a2-07b8-4cdf-b6f7-df5c3688e5f8_7,0,primary,centre,0.5005945303210464,
bbbc041,site_a,2240b991-48f6-4c59-9b62-5a8b5e541fae_72,0,primary,centre,0.7617539716616574,
bbbc041,site_a,c6575e75-c8ce-4766-841f-1137b9e0956c_23,0,primary,centre,0.4729893410852713,
bbbc041,site_a,67582df6-bf13-4c83-a531-1214692b70de_13,0,primary,centre,0.4830892772791686,
bbbc041,site_a,43072c64-4c08-47cd-ae8a-b74d31f80008_33,0,primary,centre,0.39484212802768165,
bbbc041,site_a,711f6b3f-cd63-46d1-834a-bc8e9aa9b43e_0,0,primary,centre,0.5456427015250545,
bbbc041,site_a,a7f1bbb1-6058-4642-bd66-cfb90dce762e_5,0,primary,centre,0.41955596993182215,
bbbc041,site_a,2518f6e4-29cc-4ae4-a914-b215a4c56099_122,0,primary,centre,0.7390720994280064,
bbbc041,site_a,bb137718-20ba-457d-8ffe-4f9420ecaab6_29,0,primary,centre,0.301934770591487,
bbbc041,site_a,9174f910-3859-4839-8e30-2c3b25269322_14,0,primary,centre,0.49856919875130074,
bbbc041,site_a,bd856928-96ee-4fc4-a377-f2fc4e84448b_8,0,primary,centre,0.45685108293120863,
bbbc041,site_a,f20a4fcf-ea8e-4c14-883d-d26a9e08ce25_7,0,primary,centre,0.37093726379440667,
bbbc041,site_a,fe691faa-3bc7-475e-b558-aa8fe7b795bc_11,0,primary,centre,0.3978126314524367,
bbbc041,site_a,e683144c-0465-43a2-86b1-3cf52599d5e0_4,0,primary,centre,0.4546313799621928,
bbbc041,site_a,e0ff3476-226f-4125-b182-8e524d5503dd_38,0,primary,centre,0.36704081632653063,
bbbc041,site_a,5f783f43-0090-4f8a-bd75-9562f4aa2dd5_112,0,primary,centre,0.7571344685848502,
bbbc041,site_a,04de3a31-fc09-40be-9c2c-9830c57f809d_20,0,primary,centre,0.37948717948717947,
bbbc041,site_a,4fb83278-adc5-4424-9f45-b6d0db2955b6_80,0,primary,centre,0.44803329864724245,
bbbc041,site_a,25ddc1ca-d368-4fff-b1ad-1dbf1e7c97aa_32,0,primary,centre,0.28216972004619084,
bbbc041,site_a,c4d34e35-4db2-41de-ba77-1a94aa9ef788_66,0,primary,centre,0.5246699987184417,
bbbc041,site_a,3a8f468f-f9de-46a8-a7c8-f2be239fa207_74,0,primary,nearest,0.39000537706681004,
bbbc041,site_a,67582df6-bf13-4c83-a531-1214692b70de_60,0,primary,centre,0.6469897959183674,
bbbc041,site_a,947348fe-4c70-468e-8009-3c14daeca69b_54,0,primary,centre,0.6447445684086905,
bbbc041,site_a,46a2d369-4bea-4405-ac78-91bbe130b9a7_8,0,primary,centre,0.4183310376492195,
bbbc041,site_a,b12ae3b1-613c-4c0e-9163-3c5cc314abf5_1,0,primary,centre,0.5145355312987302,
bbbc041,site_a,c22f7031-9cf8-48ce-b03b-1b12d0db4951_57,0,primary,centre,0.562358276643991,
bbbc041,site_a,8a7deb24-d2b4-4acf-86c4-3aadd39157fa_51,0,primary,centre,0.5996266536807078,
bbbc041,site_a,29dc8176-dfe1-40e0-8247-2dc3c530057e_12,0,primary,centre,0.4529384756657484,
bbbc041,site_a,3b5a8060-dec6-4a83-b7f2-b604e4e69dfc_109,0,primary,centre,0.5812266590060328,
bbbc041,site_a,58ced55c-bf0d-4204-b6b2-4f8992d92779_1,0,primary,centre,0.48090656615750843,
bbbc041,site_a,e1937e32-85d5-4cd8-bb4a-b9cf8ee7ceeb_10,0,primary,centre,0.3989235953925859,
bbbc041,site_a,7eae1169-e294-4594-8e03-1366d23ff2d1_0,0,primary,centre,0.39749134948096887,
bbbc041,site_a,6144887d-a1c1-46db-91a1-f7ff5bf8c8a5_84,0,primary,centre,0.4291412742382271,
bbbc041,site_a,03b9d6ad-39ca-4097-a98b-77f02b3c00a7_33,0,primary,centre,0.38790369935408103,
bbbc041,site_a,25c6cfb1-01d0-4864-87f9-02b7593683c7_2,0,primary,centre,0.5113060611747045,
bbbc041,site_a,b88fe674-fb9a-41d4-b100-cb1c86440d44_64,0,primary,centre,0.4437382297551789,
bbbc041,site_a,5a539312-6cfa-43e6-8d5d-db883f343ad9_11,0,primary,centre,0.4432687765706188,
bbbc041,site_a,d47cd049-d78b-4ba3-a7d4-399be4dd1dde_11,0,primary,centre,0.4449534916007219,
bbbc041,site_a,7d9c1422-6332-44e9-b134-3ac94f07b0f0_7,0,primary,centre,0.4205994897959184,
bbbc041,site_a,22cbf509-c9bf-46ec-bfce-f079c6b76c8c_6,0,primary,centre,0.43085629921259844,
bbbc041,site_a,3cdcb09b-6a8c-43ca-b1d0-c1a289202f65_18,0,primary,centre,0.5184547244094488,
bbbc041,site_a,76a8a5f5-1328-4539-a131-baf877f40cf3_8,0,primary,centre,0.40848942316652687,
bbbc041,site_a,e79bd81b-f878-4bee-9be2-d91a722c031e_42,0,primary,centre,0.6852667841692036,
bbbc041,site_a,a6aa3b72-2970-4c78-b655-ea8dfe6e018c_37,0,primary,centre,0.6570263975155279,
bbbc041,site_a,6013bff0-dc4b-4bde-9409-0f6139c3495c_35,0,primary,centre,0.49928122192273133,
bbbc041,site_a,8e69098c-fae0-47a3-8833-c2bfdfb1a416_19,0,primary,centre,0.44931613573407203,
bbbc041,site_a,4849866a-73a2-4fcf-a407-2d0a25a09a89_59,0,primary,centre,0.46644713421146317,
bbbc041,site_a,4d88e2d2-5aad-410c-9bbc-702ee9496995_4,0,primary,centre,0.5545354711179442,
bbbc041,site_a,df3d98b9-3dd7-4107-8d4a-ae1b7f247793_127,0,primary,centre,0.729799877057578,
bbbc041,site_a,d9c9479e-f1ea-4d6e-861f-843ff9a90d19_49,0,primary,centre,0.4793069306930693,
bbbc041,site_a,664c570b-4822-413c-9724-11b1d91fac44_86,0,primary,centre,0.30345532909635475,
bbbc041,site_a,255d5f0c-87fc-4337-bb51-07c440df4f1b_27,0,primary,centre,0.5133271126617712,
bbbc041,site_a,612bdd3c-da43-4321-a76b-c73c614928d1_38,0,primary,centre,0.4310735187321116,
bbbc041,site_a,df3d98b9-3dd7-4107-8d4a-ae1b7f247793_132,0,primary,centre,0.6315840061514802,
bbbc041,site_a,20d4f65e-6c63-433a-935c-d568d577967b_140,0,primary,centre,0.6565885613504661,
bbbc041,site_a,b85fc640-de49-4f7e-afc0-978ff020f2e2_50,0,primary,centre,0.4054129757361437,
bbbc041,site_a,3859deaf-6ae1-49a3-9051-898d0f0d7de6_0,0,primary,centre,0.42363054778088766,
bbbc041,site_a,f232eec3-02c0-43f9-bf32-3e60245397e2_73,0,primary,centre,0.6687171600666411,
bbbc041,site_a,e98baeb2-aa58-4cce-8c61-66685dd2b239_24,0,primary,centre,0.5567980616904296,
bbbc041,site_a,0f735cca-051c-4048-a1fa-cb36f389e12f_40,0,primary,centre,0.37806736777930194,
bbbc041,site_a,b8dd6125-5027-47e2-a283-14e199274c80_18,0,primary,centre,0.39010093167701865,
bbbc041,site_a,5721e41b-90ef-4851-8587-8dc71227ef90_18,0,primary,centre,0.5400130778129872,
bbbc041,site_a,002f20ad-2ace-499c-9335-c9080bc3e6b5_14,0,primary,centre,0.3934465630507931,
bbbc041,site_a,645cd195-af50-409f-8da9-6e7c7f18ea09_8,0,primary,centre,0.406036944234019,
bbbc041,site_a,3d1b889e-bb4a-4ee6-b899-974ee7d956a7_21,0,primary,centre,0.4538419016030956,
bbbc041,site_a,11e517bf-943b-4928-929a-e9f72c097880_18,0,primary,centre,0.5119485294117647,
bbbc041,site_a,d1144956-5a0c-4bd2-b67d-8498c82d6a12_52,0,primary,centre,0.6422485207100592,
bbbc041,site_a,715761a2-745e-4743-9849-956a034ad3c4_25,0,primary,centre,0.4822608445848894,
bbbc041,site_a,5f783f43-0090-4f8a-bd75-9562f4aa2dd5_9,0,primary,centre,0.5579027355623101,
bbbc041,site_a,7e25ced3-5caf-47f8-ad0c-42946bd4468b_75,0,primary,centre,0.6575461833391426,
bbbc041,site_a,e81bf478-27ff-458c-ac30-9e1f8480bc5c_37,0,primary,centre,0.3890444641759443,
bbbc041,site_a,ee57e743-a876-4f69-9fe5-bf5d01b44689_62,0,primary,centre,0.4097222222222222,
bbbc041,site_a,4063945d-03fc-4ce3-a04c-17435dce8f91_61,0,primary,centre,0.8172843992248062,
bbbc041,site_a,7ef90770-6aeb-45eb-9744-49c5247dde30_65,0,primary,centre,0.7668125345807555,
bbbc041,site_a,ad36bd67-594b-4f63-93e3-886af0bc618e_62,0,primary,centre,0.392475136048039,
bbbc041,site_a,f05ffdca-dc3a-47bd-a231-2a0d9bd1d50e_30,0,primary,centre,0.5205188679245283,
bbbc041,site_a,7d041c38-11f2-4186-8a24-29d7d0f5c3cf_10,0,primary,centre,0.4348260695721711,
bbbc041,site_a,b5143aae-6e98-4dc6-b546-980cb472de67_27,0,primary,centre,0.54624468587624,
bbbc041,site_a,516bf1d5-5d00-4985-926c-3993e9bc3ff5_4,0,primary,centre,0.41726907630522087,
bbbc041,site_a,be6fe358-dee1-4dcf-9b0d-5d8612aba577_18,0,primary,centre,0.35495397286821706,
bbbc041,site_a,c7045ab6-230e-4c1e-a8e0-f624d41a00d9_12,0,primary,centre,0.42699672461577226,
bbbc041,site_a,bb137718-20ba-457d-8ffe-4f9420ecaab6_8,0,primary,centre,0.52410888671875,
bbbc041,site_a,99d6a7e5-128e-4455-841d-8fbd1663905e_26,0,primary,centre,0.5154573731987558,
bbbc041,site_a,dcb21739-3c36-459d-b3cc-1be5871d6fe7_84,0,primary,centre,0.40685328185328185,
bbbc041,site_a,ed0bee2f-05e0-4392-8357-19750cec577c_70,0,primary,centre,0.5657092534886872,
bbbc041,site_a,34a70114-d3e3-4351-b8db-f6caab17e743_19,0,primary,centre,0.37479718766901027,
bbbc041,site_a,2559636b-f01a-4414-93da-210c3b12d153_24,0,primary,centre,0.45553733958957543,
bbbc041,site_a,91e93160-eb8d-4de0-b6bc-b98ec33d1663_9,0,primary,centre,0.3734621062992126,
bbbc041,site_a,79806898-0214-44bd-ba2c-b570e911be62_40,0,primary,centre,0.5543555555555556,
bbbc041,site_a,5a631871-2fc7-4a68-9c39-f3b9a0bf4a04_134,0,primary,centre,0.5408093278463649,
bbbc041,site_a,d0347b49-8f98-4632-a384-1a4f57ac6374_41,0,primary,centre,0.3576087969434349,
bbbc041,site_a,bc377041-e098-45c4-9651-2b1ea90d1d7e_5,0,primary,centre,0.4011111111111111,
bbbc041,site_a,a2fc0093-8645-43c7-bdee-ec8ca9484815_47,0,primary,centre,0.6646235202211406,
bbbc041,site_a,2a02cec2-a09b-483a-ad38-14359a763fa4_16,0,primary,centre,0.609402896250744,
bbbc041,site_a,c7c1b873-0548-4a73-9618-f60912e164df_60,0,primary,centre,0.59234619140625,
bbbc041,site_a,5f783f43-0090-4f8a-bd75-9562f4aa2dd5_58,0,primary,nearest,0.10953300239014525,
bbbc041,site_a,834a30bb-26bf-4e60-9ea1-3250b926892e_73,0,primary,centre,0.6904067749548799,
bbbc041,site_a,587e5464-d70b-4279-8562-010279f6efbd_58,0,primary,centre,0.7554722569299829,
bbbc041,site_a,a2754679-68b0-40f4-be01-bafad5ac1261_45,0,primary,centre,0.35881944444444447,
bbbc041,site_a,9eb66577-7857-43dc-a879-8f2c9d7f780f_98,0,primary,centre,0.7606154259607633,
bbbc041,site_a,ca9626bc-21a4-46f4-ba94-e7ee7a4cf735_55,0,primary,centre,0.4482542438271605,
bbbc041,site_a,70a95e58-ba60-4c1f-adcd-49c198dc2ba0_17,0,primary,centre,0.5012345679012346,
bbbc041,site_a,109fbb82-bc3c-41ac-984d-e2da86202873_65,0,primary,centre,0.6721053551657828,
bbbc041,site_a,43072c64-4c08-47cd-ae8a-b74d31f80008_38,0,primary,centre,0.4254857142857143,
bbbc041,site_a,53afd70c-08a7-4b9a-b137-7003b2ecbeab_21,0,primary,centre,0.34470776906628653,
bbbc041,site_a,2d0f600d-f94e-4907-b712-52fb37d9ed52_26,0,primary,centre,0.562253937007874,
bbbc041,site_a,5e17f8e6-fd8d-426c-b444-1515d14f04b7_22,0,primary,centre,0.49181709978178934,
bbbc041,site_a,d12c5f45-6b20-46d6-a66f-c5a4683c25b3_47,0,primary,centre,0.35500276395798785,
bbbc041,site_a,9b3fd401-dab0-440f-8498-eb3cc9ffa970_12,0,primary,centre,0.46499828001375987,
bbbc041,site_a,eb77e4a9-acb0-4d83-8055-2c5fcaa54b45_129,0,primary,centre,0.6235847333820307,
bbbc041,site_a,bd856928-96ee-4fc4-a377-f2fc4e84448b_20,0,primary,centre,0.5028959679215861,
bbbc041,site_a,7f528918-27d4-421f-ab57-0cf9c693e697_14,0,primary,centre,0.4687617065556712,
bbbc041,site_a,e4eea7ea-8989-46a9-9c98-25a178146b28_61,0,primary,centre,0.531520725043316,
bbbc041,site_a,f234a2de-f3c8-4521-a306-8cfdf52dd597_42,0,primary,centre,0.6574373307712464,
bbbc041,site_a,49288109-80e9-4ec8-96d1-26a0166b8883_20,0,primary,centre,0.3990196078431373,
bbbc041,site_a,eb77e4a9-acb0-4d83-8055-2c5fcaa54b45_45,0,primary,centre,0.5936549326379835,
bbbc041,site_a,c691c8ef-d3c7-47b6-a941-f6a1089f21a9_21,0,primary,centre,0.35018935174871907,
bbbc041,site_a,65e8b0cd-05d1-4c8d-8efd-24bf71df3167_16,0,primary,centre,0.49954035668321384,
bbbc041,site_a,b5143aae-6e98-4dc6-b546-980cb472de67_17,0,primary,centre,0.6602836879432624,
bbbc041,site_a,458cb2e9-5a7f-437c-ac5d-a56f98a3efdf_31,0,primary,centre,0.47023988005997003,
bbbc041,site_a,ed0bee2f-05e0-4392-8357-19750cec577c_31,0,primary,centre,0.45289206917113894,
bbbc041,site_a,eaf4b781-b3aa-41ce-8c5e-287979b4e15a_133,0,primary,centre,0.605379188712522,
bbbc041,site_a,c7c1b873-0548-4a73-9618-f60912e164df_173,0,primary,centre,0.7177500629881582,
bbbc041,site_a,a6526894-e290-482d-ac43-f1df34864817_44,0,primary,centre,0.4266778523489933,
bbbc041,site_a,397f37bc-a3a4-4257-9430-c8fc5716f8b1_3,0,primary,centre,0.44392645521087487,
bbbc041,site_a,e98ea067-82b5-4a0d-87bf-b4bbdc10ddab_68,0,primary,centre,0.6338028169014085,
bbbc041,site_a,06401963-8b02-46c5-ab2a-3d70bd01623f_30,0,primary,centre,0.37418609535811803,
bbbc041,site_a,0f26699f-a776-4424-b092-27da9a1d12e2_7,0,primary,centre,0.430171996124031,
bbbc041,site_a,bd7937db-fca2-44d0-8538-460110210927_21,0,primary,centre,0.5671084874136779,
bbbc041,site_a,729a38d6-66db-48e5-a00d-7d90d224290f_20,0,primary,centre,0.5046377201236726,
bbbc041,site_a,3dad6483-ac30-4d2b-b045-9f24fe6ff75e_67,0,primary,centre,0.47343195266272187,
bbbc041,site_a,36569710-a574-40be-ad42-897a6e74a128_41,0,primary,centre,0.6402505446623094,
bbbc041,site_a,d64cd75a-df26-44d5-ac25-69061a4e4d57_48,0,primary,centre,0.39668078400472767,
bbbc041,site_a,84041bf9-dace-4066-9fe0-52170d08f826_73,0,primary,centre,0.5225267800882167,
bbbc041,site_a,f3d84be2-8af0-4d62-9f72-23d3dc08cbbe_8,0,primary,centre,0.6494734880253471,
bbbc041,site_a,0d3c2521-da55-4df5-bf06-56b3bd4fb2fc_67,0,primary,centre,0.6346708628376606,
bbbc041,site_a,cecbf663-0751-4e7f-b298-770c88afc2c1_85,0,primary,centre,0.758095238095238,
bbbc041,site_a,6d05ed67-43e2-43af-9d57-70c7a6eeef5e_9,0,primary,centre,0.44660572562358275,
bbbc041,site_a,c53fd511-31bd-4901-baac-3b44891f6744_44,0,primary,centre,0.5810650887573965,
bbbc041,site_a,ac8df764-c8d8-4312-916d-70bfb37574b4_7,0,primary,centre,0.36530671296296297,
bbbc041,site_a,f28e6d66-af71-40c1-b30c-da71d7230a3f_21,0,primary,centre,0.3527284681130835,
bbbc041,site_a,9ebd623d-5534-4dd9-bff8-cdedf322db35_32,0,primary,centre,0.5586547291092746,
bbbc041,site_a,72088c26-d2dd-4906-b791-b8947fc7fbe4_89,0,primary,centre,0.641900826446281,
bbbc041,site_a,71881a39-a30c-40c7-8c4a-9f64c93e79d9_0,0,primary,centre,0.4723102459634827,
bbbc041,site_a,4767bfcc-fe87-4962-8c40-6ce8d9363cdf_10,0,primary,centre,0.4125,
bbbc041,site_a,c7c1b873-0548-4a73-9618-f60912e164df_82,0,primary,centre,0.6091315539899742,
bbbc041,site_a,db871d17-28fd-4ceb-b421-e4e4afa0a7a0_35,0,primary,centre,0.39594661393969355,
bbbc041,site_a,cd2774a0-dab2-4d68-aae9-7568b9f3d2a6_29,0,primary,centre,0.33810921902524954,
bbbc041,site_a,9e5437c6-b0d3-473b-b7c3-8f5afeb90c7a_2,0,primary,centre,0.40871111111111114,
bbbc041,site_a,f65a1633-9935-4984-a285-a60d30aa1707_17,0,primary,centre,0.4470332018408941,
bbbc041,site_a,80da32ce-8c22-470e-9f35-558c5f7a5df9_53,0,primary,centre,0.4712463017751479,
bbbc041,site_a,7bcd3735-3134-46d1-8ca2-d4379f2d51c0_65,0,primary,centre,0.6197320499479708,
bbbc041,site_a,093a831a-bf71-4333-bc06-942ae70cb164_80,0,primary,centre,0.5070888468809074,
bbbc041,site_a,5a043d69-f435-46d4-8691-395c1602a76a_2,0,primary,centre,0.385230014635497,
bbbc041,site_a,c442e2d6-aaf9-417a-9905-4737a1115f33_23,0,primary,centre,0.746593204775023,
bbbc041,site_a,d8f7e159-b7e3-49e4-86e8-aed8c5fbcd97_87,0,primary,centre,0.5706939012023757,
bbbc041,site_a,46a03374-64c7-49ac-81c9-c3d62542bbf3_82,0,primary,centre,0.6303352365877098,
bbbc041,site_a,78a5d1c3-44dd-44bc-ad5b-5e25bdcc4fae_34,0,primary,centre,0.6873278236914601,
bbbc041,site_a,24115f58-a7d6-4022-a95a-86b515a78d3e_61,0,primary,centre,0.47574039067422813,
bbbc041,site_a,78ac1e98-7062-4e27-8d58-25c392cae889_3,0,primary,centre,0.40223845529497204,
bbbc041,site_a,e11515b4-9527-4c23-a0ba-43719bacca0d_12,0,primary,centre,0.3621943947525343,
bbbc041,site_a,252071ac-e9f2-41d2-abbb-87ef01b8a997_9,0,primary,centre,0.5131274942239026,
bbbc041,site_a,345cb914-7583-49df-96e3-3cf19c2ba8f1_38,0,primary,centre,0.5723566752628447,
bbbc041,site_a,0d3c2521-da55-4df5-bf06-56b3bd4fb2fc_70,0,primary,centre,0.3811523725316829,
bbbc041,site_a,334bf865-e3fb-4200-bd53-d9ff5808ed9f_91,0,primary,centre,0.3989800347222222,
bbbc041,site_a,bd856928-96ee-4fc4-a377-f2fc4e84448b_25,0,primary,centre,0.4526177519234378,
bbbc041,site_a,2b128a1a-95ed-408b-b9f8-8795cc814d80_15,0,primary,centre,0.4707731281666354,
bbbc041,site_a,5a105b89-c592-4d78-b208-7db6c6572752_48,0,primary,centre,0.5262917933130699,
bbbc041,site_a,3cdcb09b-6a8c-43ca-b1d0-c1a289202f65_8,0,primary,centre,0.5779773156899811,
bbbc041,site_a,592c941a-aa54-4971-b499-dc47356f80a3_106,0,primary,centre,0.4519314236111111,
bbbc041,site_a,e9e78ff8-831b-46e9-9785-3eee9acbfcd8_53,0,primary,centre,0.3831133540372671,
bbbc041,site_a,a7b6894d-eeea-4ed5-bc0e-785d6c6da8df_10,0,primary,centre,0.38519372890768505,
bbbc041,site_a,674b0fd3-f247-4b7f-97f7-3e6c57c9ba9e_49,0,primary,centre,0.6861097380128522,
bbbc041,site_a,e474a20b-2769-48f1-a520-4f6ef5a0dbf5_21,0,primary,centre,0.39149976865622316,
bbbc041,site_a,a777e78c-ad1f-4380-9ab2-b4f9f32b2d78_81,0,primary,centre,0.7371812991124428,
bbbc041,site_a,5f783f43-0090-4f8a-bd75-9562f4aa2dd5_110,0,primary,centre,0.6644482610562473,
bbbc041,site_a,e79bd81b-f878-4bee-9be2-d91a722c031e_60,0,primary,nearest,0.4753909465020576,
bbbc041,site_a,9e1b0217-0926-4fd1-bb9e-a815c05deb59_12,0,primary,centre,0.39865809337433605,
bbbc041,site_a,627d6331-7bb9-4d1a-b20d-e6541af4d0f9_31,0,primary,centre,0.4701481903676261,
bbbc041,site_a,f39e2289-fedd-4d12-9e64-ffdafb89247e_32,0,primary,centre,0.3846646311435044,
bbbc041,site_a,367663b2-5d09-4020-ab0a-c2200e7a1c8c_7,0,primary,centre,0.5809363221583019,
bbbc041,site_a,87d6343b-70dd-4cdd-939f-d3ac0ca2e700_16,0,primary,centre,0.5128273937312151,
bbbc041,site_a,c8af0297-ce1f-40ea-bf44-9256dcdae4e9_31,0,primary,centre,0.418781957633309,
bbbc041,site_a,b634137b-bc8b-4e88-b0e3-b536ad6e7e18_12,0,primary,centre,0.4537037037037037,
bbbc041,site_a,80da32ce-8c22-470e-9f35-558c5f7a5df9_10,0,primary,centre,0.3948402948402948,
bbbc041,site_a,ad8731b7-0dae-4983-9dc6-dec31767d761_54,0,primary,centre,0.6316172016959418,
bbbc041,site_a,de00f9a5-aa8b-4679-8ec6-85528a942d6f_29,0,primary,centre,0.39140625,
bbbc041,site_a,25cfca07-2101-484f-b312-a927395f2651_16,0,primary,centre,0.49548597771801767,
bbbc041,site_a,6ad3efc9-4392-4cee-98a5-186564a96373_32,0,primary,centre,0.4236111111111111,
bbbc041,site_a,4b3a49bc-8536-4760-9553-440a6f64db37_25,0,primary,centre,0.45891425583827117,
bbbc041,site_a,a4d7a7e1-5ae1-486d-b6ee-c9af1476ccad_22,0,primary,centre,0.4035409640944257,
bbbc041,site_a,550cf4ce-b641-44a3-8487-3e16d4049187_56,0,primary,centre,0.5762044407205698,
bbbc041,site_a,b687c30d-cf15-445c-b3f6-5aca86584708_30,0,primary,centre,0.5443950662071467,
bbbc041,site_a,a18f122f-3a3e-4478-8ac4-91b83e050e65_37,0,primary,centre,0.6664815586098385,
bbbc041,site_a,3fa1a4e3-c80d-49da-8f7b-a1abb0424f48_65,0,primary,centre,0.5298836554700694,
bbbc041,site_a,da49db57-0c2f-4213-b322-c88c19fb9296_37,0,primary,centre,0.35326797385620917,
bbbc041,site_a,8f84a2c9-ca38-4405-a488-12fcd101278b_23,0,primary,centre,0.4216298764403721,
bbbc041,site_a,7eae1169-e294-4594-8e03-1366d23ff2d1_49,0,primary,centre,0.6018775007694676,
bbbc041,site_a,f632981c-1330-4078-8a12-691beb2dab02_15,0,primary,centre,0.5759054231563145,
bbbc041,site_a,34df8890-272d-423a-ae78-ff8d068d3306_6,0,primary,centre,0.39457596253902183,
bbbc041,site_a,6294153c-6db3-4f2b-a8ff-9c087225e737_35,0,primary,centre,0.43127228373053106,
bbbc041,site_a,c32b8bb8-c89d-4ae9-9c77-5b9356ca35a1_10,0,primary,centre,0.37507453786523554,
bbbc041,site_a,a7b6894d-eeea-4ed5-bc0e-785d6c6da8df_3,0,primary,centre,0.3671634121274409,
bbbc041,site_a,5c68070c-3391-4db6-8c01-94175105dbea_25,0,primary,centre,0.5255307712980382,
bbbc041,site_a,f2574be3-81c6-4fc3-8a40-0230d1264f52_16,0,primary,centre,0.5962855730527505,
bbbc041,site_a,66183740-e1e5-43c9-8539-a87028bb3621_13,0,primary,centre,0.3916420118343195,
bbbc041,site_a,c3042130-a6e2-458f-9fde-bb012f68f5f2_37,0,primary,centre,0.5595825115055885,
bbbc041,site_a,05717db9-f1ef-4101-a9f7-7a007e83b1c9_21,0,primary,centre,0.390359477124183,
bbbc041,site_a,540a5fee-175b-4b92-bf62-1ea9b59c86c6_57,0,primary,centre,0.5754124116260801,
bbbc041,site_a,16a51468-9f93-45df-9ae2-5a74c25c5a4b_22,0,primary,centre,0.4292406311637081,
bbbc041,site_a,ed0bee2f-05e0-4392-8357-19750cec577c_20,0,primary,centre,0.45830856123662306,
bbbc041,site_a,7e25ced3-5caf-47f8-ad0c-42946bd4468b_80,0,primary,centre,0.6071836734693877,
bbbc041,site_a,724e0c34-32cd-41f1-ae37-586038bc67ab_3,0,primary,centre,0.43968095712861416,
bbbc041,site_a,e640ae51-cbf1-4a84-b7cf-d38b17f59c2f_46,0,primary,centre,0.3455410225921522,
bbbc041,site_a,79f63258-24ce-4e69-a5cb-8529635a89a9_7,0,primary,centre,0.5621296619031021,
bbbc041,site_a,5939f341-a886-4f63-ae87-2219d000a1d4_28,0,primary,centre,0.5123215062695304,
bbbc041,site_a,46a2d369-4bea-4405-ac78-91bbe130b9a7_70,0,primary,centre,0.5940277777777778,
bbbc041,site_a,b6364a57-72a9-43f3-8d02-9f53a992dc95_75,0,primary,centre,0.3122214917086712,
bbbc041,site_a,e4eea7ea-8989-46a9-9c98-25a178146b28_89,0,primary,centre,0.7648979591836734,
bbbc041,site_a,e871f52c-77a6-4813-80d4-95bd97985f1a_17,0,primary,centre,0.39159060302259463,
bbbc041,site_a,86495bbf-687b-429c-b9d3-6c2681ade7e2_19,0,primary,centre,0.4275677241778937,
bbbc041,site_a,6bfe6a90-8a69-4171-8e7f-42dc9417c6d9_81,0,primary,centre,0.3913662239089184,
bbbc041,site_a,28c96a4a-4549-4761-99e4-ace4ea7e7ac9_10,0,primary,centre,0.405425510811347,
bbbc041,site_a,b91b1641-ee06-44d8-94cc-24cdb583cc37_6,0,primary,centre,0.4877101510959779,
bbbc041,site_a,8002cb71-0f25-4fa4-a46f-b49e5aeded0c_31,0,primary,centre,0.42298210372534695,
bbbc041,site_a,5f491efd-a21c-4a80-aaba-70b8876238ac_62,0,primary,centre,0.4983108108108108,
bbbc041,site_a,8d5d5c22-2f75-4fe1-9ea3-03a3c7b92ea9_11,0,primary,centre,0.42408956692913385,
bbbc041,site_a,ef8fcfa4-8466-4186-8c69-f5f4904eb489_4,0,primary,centre,0.4458999816142673,
bbbc041,site_a,686ed568-d5f8-475e-81ad-edab9dd473a0_146,0,primary,centre,0.66363525390625,
bbbc041,site_a,e5731221-814c-4894-a44e-e46b71460fa4_43,0,primary,centre,0.4247992442135097,
bbbc041,site_a,e3c1442a-717f-41dd-bf97-81e1233ac9fa_91,0,primary,centre,0.7587128712871287,
bbbc041,site_a,bcaefb02-682a-41b9-acc7-e6cc010f5b30_1,0,primary,centre,0.41243940443213295,
bbbc041,site_a,169d541c-daed-468e-8b41-0f1abccdf319_20,0,primary,centre,0.6064220702131268,
bbbc041,site_a,d8f7e159-b7e3-49e4-86e8-aed8c5fbcd97_47,0,primary,centre,0.6364784109081727,
bbbc041,site_a,fe851c88-692d-4199-87e0-d19d9c4eb591_142,0,primary,centre,0.7794154698916603,
bbbc041,site_a,59542a24-b409-4c95-8608-d9691a741526_61,0,primary,centre,0.5041829832680669,
bbbc041,site_a,a20d0b4b-6e2e-4507-bc22-f321dedc4ed9_36,0,primary,centre,0.3812343619683069,
bbbc041,site_a,8d02117d-6c71-4e47-b50a-6cc8d5eb1d55_48,0,primary,centre,0.5294947594732599,
bbbc041,site_a,31435107-c77d-42f8-a619-75cba6a5161b_48,0,primary,centre,0.5572706782323612,
bbbc041,site_a,effd6334-516f-4d48-9f3c-5272a99780fb_33,0,primary,centre,0.3213456234576862,
bbbc041,site_a,f274b784-b995-4a7e-a2c2-6cc31c24c4b4_8,0,primary,centre,0.3750743900019837,
bbbc041,site_a,5f2b32bd-fdca-4d6f-b13a-ee9f83626c8d_28,0,primary,centre,0.46962691326530615,
bbbc041,site_a,b88fe674-fb9a-41d4-b100-cb1c86440d44_18,0,primary,centre,0.4116300366300366,
bbbc041,site_a,d8632217-ec33-4d0a-98e6-427824c58869_39,0,primary,centre,0.5184632393587617,
bbbc041,site_a,b4f3b2a4-f4b9-48de-ac5d-0e681b77be27_56,0,primary,centre,0.6098533163265306,
bbbc041,site_a,09ecf7be-28e2-4531-b9e2-07e01c44097d_56,0,primary,centre,0.6493574613165487,
bbbc041,site_a,d64cd75a-df26-44d5-ac25-69061a4e4d57_20,0,primary,centre,0.6162516101331044,
bbbc041,site_a,6144887d-a1c1-46db-91a1-f7ff5bf8c8a5_12,0,primary,centre,0.40236686390532544,
bbbc041,site_a,46a2d369-4bea-4405-ac78-91bbe130b9a7_9,0,primary,centre,0.7183320220298978,
bbbc041,site_a,f5eb7c5e-bd77-4638-ba9f-58d42f87476b_15,0,primary,centre,0.5056346933462268,
bbbc041,site_a,79d7a014-21ff-40f1-9ac4-a69839390654_9,0,primary,centre,0.4134026491952713,
bbbc041,site_a,252071ac-e9f2-41d2-abbb-87ef01b8a997_138,0,primary,centre,0.6158996230906566,
bbbc041,site_a,dec61ae1-5037-4c3a-8952-15371becca7d_26,0,primary,centre,0.3687744140625,
bbbc041,site_a,bcb447c9-5d37-414f-a513-d7076b04a532_43,0,primary,centre,0.5928019856591286,
bbbc041,site_a,9e82c996-2cfa-418d-9482-8ee23e9d0a5d_73,0,primary,centre,0.44337194337194336,
bbbc041,site_a,370277f8-436b-4103-8210-b4feb5ab95ea_22,0,primary,centre,0.5850550964187328,
bbbc041,site_a,939ad732-d7c5-4339-b087-4335b49d6a3c_36,0,primary,centre,0.507995501002494,
bbbc041,site_a,68e69cfb-1a07-48d2-8abe-46b46fe264ed_50,0,primary,centre,0.5499763816721777,
bbbc041,site_a,ed0bee2f-05e0-4392-8357-19750cec577c_123,0,primary,centre,0.6612469766191884,
bbbc041,site_a,4b3a49bc-8536-4760-9553-440a6f64db37_33,0,primary,centre,0.5478395061728395,
bbbc041,site_a,1f337b61-1b0d-4539-91f9-73d4a0798a4a_48,0,primary,centre,0.32765151515151514,
bbbc041,site_a,acdc6e12-73d9-44ba-be8c-2a56aaffef4f_30,0,primary,centre,0.633494031221304,
bbbc041,site_a,e726dac6-f962-449c-acff-4dd56847b685_12,0,primary,centre,0.640621519269325,
bbbc041,site_a,25c6cfb1-01d0-4864-87f9-02b7593683c7_46,0,primary,centre,0.5597494553376906,
bbbc041,site_a,2165fe38-b474-467d-be11-d1d728085efd_97,0,primary,centre,0.48110255175734234,
bbbc041,site_a,4ce5a070-9ede-4bb1-9ca2-1bae5746776b_4,0,primary,centre,0.45489408327246167,
bbbc041,site_a,c53fd511-31bd-4901-baac-3b44891f6744_0,0,primary,centre,0.4202319072371052,
bbbc041,site_a,464055b6-3351-4636-a919-8be9840fb850_2,0,primary,centre,0.4170781451266638,
bbbc041,site_a,a6d85204-24b8-4b23-a8b1-c3e8b93f9f22_36,0,primary,centre,0.42925406166691815,
bbbc041,site_a,4748ba2b-6771-41d9-93a5-af9ccd559261_13,0,primary,centre,0.5198061119671289,
bbbc041,site_a,b87fb62d-2c36-4f68-aba9-37fcd7d46eef_43,0,primary,centre,0.3588006721277043,
bbbc041,site_a,bbf687b5-c6f9-4821-b2e5-a25df1acba47_0,0,primary,centre,0.499093052784328,
bbbc041,site_a,b87fb62d-2c36-4f68-aba9-37fcd7d46eef_53,0,primary,centre,0.4980443285528031,
bbbc041,site_a,c84edeb4-311c-4e82-88f9-ae0505b3ad13_23,0,primary,centre,0.5369145137576139,
bbbc041,site_a,640c4a52-3742-4f57-aee3-9e3dc0887622_143,0,primary,centre,0.4935552913198573,
bbbc041,site_a,2b128a1a-95ed-408b-b9f8-8795cc814d80_13,0,primary,centre,0.3734509556815795,
bbbc041,site_a,d9c9479e-f1ea-4d6e-861f-843ff9a90d19_23,0,primary,centre,0.4249618214632792,
bbbc041,site_a,8002cb71-0f25-4fa4-a46f-b49e5aeded0c_23,0,primary,centre,0.533969728242174,
bbbc041,site_a,a9feccda-18f2-405e-9aa1-409fa1f49fe4_11,0,primary,centre,0.44315816857440166,
bbbc041,site_a,24418314-f7a4-49fc-a03e-ec597ca6796e_21,0,primary,centre,0.3862119108995968,
bbbc041,site_a,a6aa3b72-2970-4c78-b655-ea8dfe6e018c_15,0,primary,centre,0.5564526464180444,
bbbc041,site_a,2f6224be-50d0-4e85-94ef-88315df561b6_18,0,primary,centre,0.5801333333333333,
bbbc041,site_a,1976cd04-d24f-457c-b423-7e4cdb05de9e_65,0,primary,centre,0.7107930496769882,
bbbc041,site_a,458cb2e9-5a7f-437c-ac5d-a56f98a3efdf_44,0,primary,centre,0.45461375589099107,
bbbc041,site_a,92e4fd7b-79ef-49c2-a52b-9ef13dd720ef_31,0,primary,centre,0.5651935719503287,
bbbc041,site_a,50715879-2300-4dba-8f4a-3314ff8cfcce_30,0,primary,centre,0.4169337451197483,
bbbc041,site_a,22a464ef-c3da-4d56-b37e-e22e95d945e7_22,0,primary,centre,0.3354282889626439,
bbbc041,site_a,3b55c42f-ad59-422f-ba99-4f4f4ca9cb2e_61,0,primary,centre,0.5778569837380263,
bbbc041,site_a,0906111b-bac7-4541-a6dc-da435c0724a8_54,0,primary,centre,0.6256797337878419,
bbbc041,site_a,db871d17-28fd-4ceb-b421-e4e4afa0a7a0_5,0,primary,centre,0.40085663895187706,
bbbc041,site_a,3ff98212-7c2a-46cd-afb7-34a2479bed07_42,0,primary,centre,0.39647904785519467,
bbbc041,site_a,baa87bf8-786c-444c-81e8-9fa0a41d8149_7,0,primary,centre,0.4058161865569273,
bbbc041,site_a,de5d19b7-e670-4ac7-843b-7ce7bcebdf45_83,0,primary,centre,0.7740994276736618,
bbbc041,site_a,ff1b23d0-3cef-459b-b81f-39bfcdb6526f_7,0,primary,centre,0.48825826000815803,
bbbc041,site_a,4184a235-d209-4151-86e9-6c77e7938dab_13,0,primary,centre,0.6317320322762244,
bbbc041,site_a,8002cb71-0f25-4fa4-a46f-b49e5aeded0c_8,0,primary,centre,0.4006875477463713,
bbbc041,site_a,aa2dfa24-2dc3-4279-a232-f84780ace190_20,0,primary,centre,0.5841141498216409,
bbbc041,site_a,07a96126-482e-4beb-b42a-0cb59e505372_32,0,primary,centre,0.3537948290241868,
bbbc041,site_a,55f8c052-8e49-4423-a4c4-365fc6afb6e1_21,0,primary,centre,0.4346273291925466,
bbbc041,site_a,9f38055f-4fe6-47fd-a6dd-c0743db4eccf_199,0,primary,centre,0.6465104560342656,
bbbc041,site_a,a8cb75ba-3f2f-40d8-8bc7-c79ebd1b9603_52,0,primary,centre,0.507871581450654,
bbbc041,site_a,ca734448-0d52-42fa-b41c-17b2939e58ae_84,0,primary,centre,0.6968119364534134,
bbbc041,site_a,fd1302e2-3cd2-4a1a-9c13-00f810a9c41b_43,0,primary,centre,0.41906625663964214,
bbbc041,site_a,f09acb0c-b270-4e91-99f8-410adfa7f34a_32,0,primary,centre,0.4250364717764561,
bbbc041,site_a,18dbe7c4-89d2-42a6-a969-1e951ab313b1_23,0,primary,centre,0.48481711525189786,
bbbc041,site_a,d9345456-b76d-46cc-b81e-46d4a0a7b652_45,0,primary,centre,0.46097337006427913,
bbbc041,site_a,86495bbf-687b-429c-b9d3-6c2681ade7e2_34,0,primary,centre,0.4610435663627153,
bbbc041,site_a,036404d1-b9fc-497b-bbe1-f4d9c5ac3ce0_18,0,primary,centre,0.39468922685705904,
bbbc041,site_a,07a80340-f65e-4f58-9317-94bb6ebd5a28_6,0,primary,centre,0.39555468135326516,
bbbc041,site_a,9e82c996-2cfa-418d-9482-8ee23e9d0a5d_11,0,primary,centre,0.3276895415043452,
bbbc041,site_a,de81bf7a-7a56-437f-a068-4d9c3e01134c_4,0,primary,centre,0.4307966820987654,
bbbc041,site_a,c5db0fc0-b96c-496e-90b4-f9fb1b85b28e_4,0,primary,centre,0.37846020761245674,
bbbc041,site_a,f274b784-b995-4a7e-a2c2-6cc31c24c4b4_107,0,primary,centre,0.71490478515625,
bbbc041,site_a,63d36d2c-43a9-49ac-9504-028b4968c860_44,0,primary,centre,0.46730071246135235,
bbbc041,site_a,334bf865-e3fb-4200-bd53-d9ff5808ed9f_65,0,primary,centre,0.5897124719940254,
bbbc041,site_a,72088c26-d2dd-4906-b791-b8947fc7fbe4_64,0,primary,centre,0.6338840807762917,
bbbc041,site_a,46a2d369-4bea-4405-ac78-91bbe130b9a7_4,0,primary,centre,0.3547554630593132,
bbbc041,site_a,c7c1b873-0548-4a73-9618-f60912e164df_74,0,primary,centre,0.7349330357142857,
bbbc041,site_a,b9ccf7ca-953f-4832-9575-5e70b2a8c224_71,0,primary,centre,0.6771797839506173,
bbbc041,site_a,7abc0d26-dd66-4ef4-8c4e-4a661e589a7f_9,0,primary,centre,0.3400237812128419,
bbbc041,site_a,5ccca8ee-abea-458a-a891-bedd31c3ddc3_89,0,primary,centre,0.5568114217727543,
bbbc041,site_a,7db1373d-5bbf-47e6-ab40-30cba7678745_23,0,primary,centre,0.5043158061450744,
bbbc041,site_a,a72cd558-b7ac-4bf2-a344-2ce6c73a354e_41,0,primary,centre,0.5083774250440917,
bbbc041,site_a,947348fe-4c70-468e-8009-3c14daeca69b_96,0,primary,centre,0.6502571177724821,
bbbc041,site_a,0fcd1ebe-ee4a-40a0-b787-29cee18bfa1b_146,0,primary,centre,0.6742073543540921,
bbbc041,site_a,c32b8bb8-c89d-4ae9-9c77-5b9356ca35a1_90,0,primary,centre,0.7817578772802654,
bbbc041,site_a,51e86aa9-caa0-4297-94e8-34a57d7f7e36_57,0,primary,centre,0.6006293911007026,
bbbc041,site_a,419309ef-da3f-4424-93cf-01ff4c52b017_22,0,primary,centre,0.43881949010154137,
bbbc041,site_a,b9d65ef3-1adc-4479-abee-2e422f5a613a_57,0,primary,centre,0.38528380102040816,
bbbc041,site_a,d75933ed-d26e-4d1f-bda3-96bc0d77fb36_13,0,primary,centre,0.396734693877551,
bbbc041,site_a,664c570b-4822-413c-9724-11b1d91fac44_15,0,primary,centre,0.361677678827923,
bbbc041,site_a,c32b8bb8-c89d-4ae9-9c77-5b9356ca35a1_47,0,primary,centre,0.59957647985817,
bbbc041,site_a,b4f3b2a4-f4b9-48de-ac5d-0e681b77be27_67,0,primary,centre,0.5284584539986634,
bbbc041,site_a,ac4d6507-d710-497b-ad7c-e0dd75c1d06d_10,0,primary,centre,0.41724106656992566,
bbbc041,site_a,4c13e22e-dfd1-4fa1-b373-be9d0c272c0f_90,0,primary,centre,0.5286087990487515,
bbbc041,site_a,cbb58718-6319-48db-b84b-78ac9b12ff89_16,0,primary,centre,0.44702695893172084,
bbbc041,site_a,093a831a-bf71-4333-bc06-942ae70cb164_79,0,primary,centre,0.4918032786885246,
bbbc041,site_a,252071ac-e9f2-41d2-abbb-87ef01b8a997_222,0,primary,centre,0.7649444542408746,
bbbc041,site_a,b4bde4e8-f48b-4ae2-be01-86d8c91d0af9_19,0,primary,centre,0.45775023324003733,
bbbc041,site_a,a7688988-2bcc-4458-83d3-5e482da5f87b_24,0,primary,centre,0.6108104258652614,
bbbc041,site_a,1b369bcf-ced4-4ae2-9196-2664bd2b1738_78,0,primary,centre,0.7880622837370242,
bbbc041,site_a,bbedfcbe-9528-4ba9-9d86-4ebba7589ac5_44,0,primary,centre,0.5137997256515775,
bbbc041,site_a,a0e2ef53-d39b-40cf-b8b6-4b148ac339ec_16,0,primary,centre,0.33161580129475493,
bbbc041,site_a,694222bb-cddf-469a-9526-f873c6fba58e_153,0,primary,centre,0.7075555555555556,
bbbc041,site_a,694222bb-cddf-469a-9526-f873c6fba58e_37,0,primary,centre,0.5032123960695389,
bbbc041,site_a,177f883a-f0f1-4b8e-b598-2ca4bab27381_3,0,primary,centre,0.4236532450818165,
bbbc041,site_a,7624ac36-1cf9-42fb-844d-376078309553_20,0,primary,centre,0.36615976030301317,
bbbc041,site_a,6c3f81d7-5670-46bd-9eaa-9b426413abb7_2,0,primary,centre,0.4460037221467733,
bbbc041,site_a,effd6334-516f-4d48-9f3c-5272a99780fb_3,0,primary,centre,0.4093433842491569,
bbbc041,site_a,458cb2e9-5a7f-437c-ac5d-a56f98a3efdf_5,0,primary,centre,0.4027402199387056,
bbbc041,site_a,a824b499-3736-4581-bbdc-be1b3b4cf756_48,0,primary,centre,0.2821869488536155,
bbbc041,site_a,0da07970-3146-479c-8a07-f61ed32814a9_12,0,primary,centre,0.42563547863710116,
bbbc041,site_a,3d1b889e-bb4a-4ee6-b899-974ee7d956a7_7,0,primary,centre,0.4375397217710614,
bbbc041,site_a,25ddc1ca-d368-4fff-b1ad-1dbf1e7c97aa_40,0,primary,centre,0.39254133025759325,
bbbc041,site_a,b2103776-9b32-4160-b4f0-0692deda19dc_40,0,primary,centre,0.5227355734112491,
bbbc041,site_a,716273ea-19c4-49af-8604-df587b295eca_16,0,primary,centre,0.4131111111111111,
bbbc041,site_a,eaf4b781-b3aa-41ce-8c5e-287979b4e15a_128,0,primary,centre,0.6095922882427307,
bbbc041,site_a,8d989997-038c-4924-b2d3-d02629a7cdf5_24,0,primary,centre,0.5535460992907801,
bbbc041,site_a,eba73bff-fbe1-436d-9a5f-0a61331a0ea2_6,0,primary,centre,0.6242568370986921,
bbbc041,site_a,565513be-2c20-4ee3-94f3-093869515d3d_21,0,primary,centre,0.4870833333333333,
bbbc041,site_a,21417261-475a-456f-b03f-57ac85a6e106_0,0,primary,centre,0.46372847011144885,
bbbc041,site_a,db249e5a-4142-432c-8288-bacd10d7273d_68,0,primary,centre,0.587309500071215,
bbbc041,site_a,a2a20600-f851-4db7-90f9-6f7be027c8b5_2,0,primary,centre,0.6179374081075404,
bbbc041,site_a,c7a2d648-47cb-4b39-afa4-1b7fcfe51934_24,0,primary,centre,0.4162061714509267,
bbbc041,site_a,4811fdf2-d7e8-475e-a840-45dda5282bf3_7,0,primary,centre,0.31248763893833315,
bbbc041,site_a,4935818a-7e7a-4f44-a3b6-b361d1abfe16_18,0,primary,centre,0.437995337995338,
bbbc041,site_a,4823c1fe-a7f9-4b92-959f-0d9be09cd14b_65,0,primary,centre,0.6299778761061947,
bbbc041,site_a,7d9c1422-6332-44e9-b134-3ac94f07b0f0_29,0,primary,centre,0.4068082788671024,
bbbc041,site_a,8757be1e-b832-407a-8e95-62abae485b24_46,0,primary,centre,0.46728030099435636,
bbbc041,site_a,452ab003-ced5-40cb-82d1-5495d9e068b1_7,0,primary,centre,0.42715555555555557,
bbbc041,site_a,071901eb-4c3f-404b-a747-3d0b9d0a5158_38,0,primary,centre,0.4943814324721697,
bbbc041,site_a,c691c8ef-d3c7-47b6-a941-f6a1089f21a9_83,0,primary,centre,0.28408741151123423,
bbbc041,site_a,6afb3717-f197-4668-929a-4fab389ae6e8_24,0,primary,centre,0.37131017984535863,
bbbc041,site_a,03c8da48-04b9-4520-b674-44a0ecd35688_9,0,primary,centre,0.4787599790222015,
bbbc041,site_a,2518f6e4-29cc-4ae4-a914-b215a4c56099_63,0,primary,centre,0.5552741191039063,
bbbc041,site_a,dcb21739-3c36-459d-b3cc-1be5871d6fe7_40,0,primary,centre,0.4295267489711934,
bbbc041,site_a,78a5d1c3-44dd-44bc-ad5b-5e25bdcc4fae_2,0,primary,centre,0.6450698757763975,
bbbc041,site_a,a7f1bbb1-6058-4642-bd66-cfb90dce762e_25,0,primary,centre,0.661900826446281,
bbbc041,site_a,6b8048ed-ebd7-4789-ba87-c1ba94801481_15,0,primary,centre,0.49243370817714843,
bbbc041,site_a,8bd71314-e38a-4670-bb25-5cd6c9acb595_75,0,primary,centre,0.5521860618014465,
bbbc041,site_a,cecbf663-0751-4e7f-b298-770c88afc2c1_3,0,primary,centre,0.4541019063427393,
bbbc041,site_a,ca677c3c-083f-4d54-9dec-39f79f6a17d8_3,0,primary,centre,0.5891003460207612,
bbbc041,site_a,8271d0d8-9985-43eb-94b3-c702adca139f_14,0,primary,centre,0.5826797385620915,
bbbc041,site_a,5ccca8ee-abea-458a-a891-bedd31c3ddc3_35,0,primary,centre,0.38164734106357456,
bbbc041,site_a,5c5b7965-1a44-44b8-aa43-660823e61821_47,0,primary,centre,0.7865277777777778,
bbbc041,site_a,04de3a31-fc09-40be-9c2c-9830c57f809d_37,0,primary,centre,0.3587150505651398,
bbbc041,site_a,7624ac36-1cf9-42fb-844d-376078309553_5,0,primary,centre,0.4037285295349812,
bbbc041,site_a,b701b5c5-b922-4315-b12a-aac4ec65ee8b_2,0,primary,centre,0.39118457300275483,
bbbc041,site_a,a4d7a7e1-5ae1-486d-b6ee-c9af1476ccad_5,0,primary,centre,0.39776234567901236,
bbbc041,site_a,b9ccf7ca-953f-4832-9575-5e70b2a8c224_31,0,primary,centre,0.671559633027523,
bbbc041,site_a,6f67a66b-56ec-4c36-ae7c-f250d3b86a23_61,0,primary,centre,0.6230865076539693,
bbbc041,site_a,b4f3b2a4-f4b9-48de-ac5d-0e681b77be27_50,0,primary,centre,0.48442330558858504,
bbbc041,site_a,ed0bee2f-05e0-4392-8357-19750cec577c_107,0,primary,centre,0.5716355207880631,
bbbc041,site_a,fe851c88-692d-4199-87e0-d19d9c4eb591_195,0,primary,centre,0.7227491719361638,
bbbc041,site_a,65e3d6a6-012c-4b40-9a42-83078eb85e31_101,0,primary,centre,0.5550997425997426,
bbbc041,site_a,f5869ba8-6253-426b-93f3-82af59a86144_68,0,primary,centre,0.8105844821693061,
bbbc041,site_a,c7c1b873-0548-4a73-9618-f60912e164df_127,0,primary,centre,0.7904383975812547,
bbbc041,site_a,4fc9a597-aaa8-43b0-ad1c-2eabbe442e84_74,0,primary,centre,0.8072222222222222,
bbbc041,site_a,f8b14fc4-dd6b-4ad0-a96d-c62845f48681_23,0,primary,centre,0.507919254658385,
bbbc041,site_a,09bcedaa-e007-4692-a13f-ab02c3f872c4_9,0,primary,centre,0.43272526257600885,
bbbc041,site_a,3722d213-f2a9-46d5-aa76-9183b443e455_20,0,primary,centre,0.37918180971018545,
bbbc041,site_a,acb16781-11ad-4327-874a-5c9c35dcb085_8,0,primary,centre,0.3983988153084363,
bbbc041,site_a,9e0e1928-d19a-4100-b093-0b962ac09e05_39,0,primary,centre,0.6239669421487604,
bbbc041,site_a,fed6ba05-36a5-45dc-a4e1-9baa7de2c622_59,0,primary,centre,0.6454087223317992,
bbbc041,site_a,18dbe7c4-89d2-42a6-a969-1e951ab313b1_9,0,primary,centre,0.40180634320520897,
bbbc041,site_a,86495bbf-687b-429c-b9d3-6c2681ade7e2_47,0,primary,centre,0.41150442477876104,
bbbc041,site_a,9ebd623d-5534-4dd9-bff8-cdedf322db35_60,0,primary,centre,0.7134502923976608,
bbbc041,site_a,5ff7c0c8-d208-4e7d-958d-ca3c2260ff39_48,0,primary,centre,0.5574529131380443,
bbbc041,site_a,b666fcc2-d0b2-441e-bc5a-c660345eeb5d_42,0,primary,centre,0.37146776406035664,
bbbc041,site_a,c4494d4f-732f-431a-8a9d-62403f0b74fe_71,0,primary,centre,0.4516059027777778,
bbbc041,site_a,e0ff3476-226f-4125-b182-8e524d5503dd_48,0,primary,centre,0.5027096774193548,
bbbc041,site_a,7dfbfeaf-e3b1-4159-8dcd-d7f731280ac8_28,0,primary,centre,0.3852564102564103,
bbbc041,site_a,dca685a8-a609-45d8-93d7-da1e4165b9bd_18,0,primary,centre,0.5086871281773931,
bbbc041,site_a,6347dd6a-cfdf-4cb5-bc50-cff5403cfecb_8,0,primary,centre,0.40110558319513545,
bbbc041,site_a,03cbfcf2-8da6-462c-b30d-16d63357371f_48,0,primary,centre,0.5271353684859698,
bbbc041,site_a,bcb447c9-5d37-414f-a513-d7076b04a532_148,0,primary,centre,0.7002360346184107,
bbbc041,site_a,cfab01d3-0616-4efb-9290-11f0fd8bf5a3_1,0,primary,centre,0.39097744360902253,
bbbc041,site_a,3612aa3b-2906-44a6-9c80-6144511a35ce_7,0,primary,centre,0.4128205128205128,
bbbc041,site_a,1f337b61-1b0d-4539-91f9-73d4a0798a4a_13,0,primary,centre,0.4146560430928066,
bbbc041,site_a,21cc498b-8cb2-42ed-8f80-bfa27b86ef11_56,0,primary,centre,0.5569928137092316,
bbbc041,site_a,f1cda808-69a9-4d10-ba0a-6607c98e362d_21,0,primary,centre,0.5486666666666666,
bbbc041,site_a,151f3af5-5e6e-4bcd-9389-4974fc68813e_69,0,primary,centre,0.7753818508535489,
bbbc041,site_a,c17523c5-90a0-4a6b-9b33-2b4a6cf58d36_65,0,primary,centre,0.6836658086658086,
bbbc041,site_a,eb77e4a9-acb0-4d83-8055-2c5fcaa54b45_150,0,primary,centre,0.6926375584762754,
bbbc041,site_a,6b8048ed-ebd7-4789-ba87-c1ba94801481_17,0,primary,centre,0.37479191438763376,
bbbc041,site_a,5836500a-221e-40ca-a8be-caaa37f7d300_56,0,primary,centre,0.4623261069133536,
bbbc041,site_a,b8a4d467-c40c-4ebf-91dd-1c19d0f2a7ae_35,0,primary,centre,0.5941289437585734,
bbbc041,site_a,5c5b7965-1a44-44b8-aa43-660823e61821_39,0,primary,centre,0.6634215219976218,
bbbc041,site_a,b62d47f9-2ff5-4902-abdc-b3610acfc7ba_0,0,primary,centre,0.4175979983319433,
bbbc041,site_a,7dfbfeaf-e3b1-4159-8dcd-d7f731280ac8_60,0,primary,centre,0.42961165048543687,
bbbc041,site_a,8f96ee1f-4ef7-4279-a610-316319bedcf9_0,0,primary,centre,0.4620915032679739,
bbbc041,site_a,4c7d2382-a962-4237-a053-955eea3decd8_15,0,primary,centre,0.35557094490612495,
bbbc041,site_a,04018590-4e66-4cb9-ad2d-83570f1b29ae_11,0,primary,centre,0.43560553473089914,
bbbc041,site_a,b3606d0e-6fe5-478a-bb4b-64d7c4889d86_24,0,primary,centre,0.3249479250120173,
bbbc041,site_a,b7d0ae11-a393-4aec-8f68-6ba07147f78a_3,0,primary,centre,0.4393139178109753,
bbbc041,site_a,b9ccf7ca-953f-4832-9575-5e70b2a8c224_38,0,primary,centre,0.6344545137678633,
bbbc041,site_a,ca734448-0d52-42fa-b41c-17b2939e58ae_30,0,primary,centre,0.5825445897740785,
bbbc041,site_a,a2a20600-f851-4db7-90f9-6f7be027c8b5_36,0,primary,centre,0.6410059171597633,
bbbc041,site_a,effd6334-516f-4d48-9f3c-5272a99780fb_14,0,primary,centre,0.3694526627218935,
bbbc041,site_a,81edcae1-65bf-4752-b0e4-494376b71e49_3,0,primary,centre,0.3336728630846278,
bbbc041,site_a,22cbf509-c9bf-46ec-bfce-f079c6b76c8c_49,0,primary,centre,0.4412133487654321,
bbbc041,site_a,6fa2b30f-9b89-46ac-9b79-c0bc105d4271_33,0,primary,centre,0.6861831153388823,
bbbc041,site_a,686ed568-d5f8-475e-81ad-edab9dd473a0_119,0,primary,centre,0.5769614512471656,
bbbc041,site_a,91e93160-eb8d-4de0-b6bc-b98ec33d1663_43,0,primary,centre,0.43502499038831216,
bbbc041,site_a,4b346035-b8c0-46ca-8fdb-a01b1421ee4a_104,0,primary,centre,0.6077453725838399,
bbbc041,site_a,fed6ba05-36a5-45dc-a4e1-9baa7de2c622_91,0,primary,centre,0.4556382760740387,
bbbc041,site_a,46a2d369-4bea-4405-ac78-91bbe130b9a7_72,0,primary,centre,0.7967479674796748,
bbbc041,site_a,ae779806-6d01-4dc6-89df-294c368db6bc_22,0,primary,centre,0.4299039780521262,
bbbc041,site_a,9c48fdf4-621d-4f40-bcd7-6a28cd530de7_19,0,primary,centre,0.48854961832061067,
bbbc041,site_a,daea4860-a296-4f6d-acef-996ab0882676_110,0,primary,centre,0.6279636905568351,
bbbc041,site_a,1b369bcf-ced4-4ae2-9196-2664bd2b1738_58,0,primary,centre,0.48740160594913173,
bbbc041,site_a,f3bd0fcc-647d-4ca0-8c43-a16bd6ea3878_42,0,primary,nearest,0.4494027008310249,
bbbc041,site_a,d67398c5-8b0e-463f-a04e-8583c820786c_64,0,primary,centre,0.3755281207133059,
bbbc041,site_a,8cc6fe77-5f2f-4670-b4ac-1b49550241a8_99,0,primary,centre,0.7042130411980654,
bbbc041,site_a,9147a21d-0de2-4c04-88da-b788311696ac_9,0,primary,centre,0.3505860336846252,
bbbc041,site_a,6013bff0-dc4b-4bde-9409-0f6139c3495c_31,0,primary,centre,0.5063131313131313,
bbbc041,site_a,584d62ed-4329-45dd-94ce-e929d8b2bb74_8,0,primary,centre,0.3813303099017385,
bbbc041,site_a,dfac6c92-8f0f-429a-8caf-9b7732bf78da_3,0,primary,centre,0.49117588736862977,
bbbc041,site_a,68e69cfb-1a07-48d2-8abe-46b46fe264ed_52,0,primary,centre,0.28074017647432237,
bbbc041,site_a,3dcd4f1b-ce43-4a34-b1ed-076bb42963b1_17,0,primary,centre,0.473249409913454,
bbbc041,site_a,e5731221-814c-4894-a44e-e46b71460fa4_24,0,primary,centre,0.5729549437503533,
bbbc041,site_a,0906111b-bac7-4541-a6dc-da435c0724a8_16,0,primary,centre,0.4574915824915825,
bbbc041,site_a,3a8f468f-f9de-46a8-a7c8-f2be239fa207_158,0,primary,centre,0.578550064093434,
bbbc041,site_a,637957ef-df75-4a7b-86d5-9f6e9c042ca2_26,0,primary,centre,0.3642982971227246,
bbbc041,site_a,f62d4fb6-df7c-446c-94a8-d5aede0b1e0c_27,0,primary,centre,0.3381117604090577,
bbbc041,site_a,1c90231b-2830-42d9-884e-7301edb16933_78,0,primary,centre,0.3534400382226469,
bbbc041,site_a,716273ea-19c4-49af-8604-df587b295eca_9,0,primary,centre,0.4453761186809643,
bbbc041,site_a,45f18ac0-f097-4b20-a99d-8837cf488822_10,0,primary,centre,0.4024499107319976,
bbbc041,site_a,b8dd6125-5027-47e2-a283-14e199274c80_2,0,primary,centre,0.4074278359992646,
bbbc041,site_a,5e17f8e6-fd8d-426c-b444-1515d14f04b7_191,0,primary,centre,0.5277298850574713,
bbbc041,site_a,6795acae-e84d-4e97-b9a1-b4f4f0a72cfd_0,0,primary,centre,0.6012258878673157,
bbbc041,site_a,a6391703-0820-4913-a7cd-e843ff0d84ba_18,0,primary,centre,0.43501126972201354,
bbbc041,site_a,13099edb-35d9-438f-b093-2cf2ebf9d255_32,0,primary,centre,0.4016701069619065,
bbbc041,site_a,b901c906-91be-48c4-88ec-2c527544a258_61,0,primary,centre,0.8122952497952498,
bbbc041,site_a,b2f05937-b965-4c4b-b86e-f50e95d9d691_33,0,primary,nearest,0.22212603878116344,
bbbc041,site_a,0ac747cd-ff32-49bf-bc1a-3e9b7702ce9c_89,0,primary,centre,0.47429752066115705,
bbbc041,site_a,72088c26-d2dd-4906-b791-b8947fc7fbe4_53,0,primary,centre,0.5358079366004312,
bbbc041,site_a,2fdbd9bc-bbaf-44c2-b40c-d193709639fa_34,0,primary,centre,0.5824724517906336,
bbbc041,site_a,fe851c88-692d-4199-87e0-d19d9c4eb591_137,0,primary,nearest,0.5958679768203577,
bbbc041,site_a,6b5ed184-cb15-4d54-93bb-9a3ca00184a1_15,0,primary,centre,0.5197927669634325,
bbbc041,site_a,261562a8-ffd8-4e0e-919b-22e267000b74_94,0,primary,centre,0.48721204425902415,
bbbc041,site_a,a6aa3b72-2970-4c78-b655-ea8dfe6e018c_29,0,primary,centre,0.45916129032258063,
bbbc041,site_a,e40000b4-1b26-42ce-909d-4715e04f0a6e_40,0,primary,centre,0.39051296194153334,
bbbc041,site_a,83ec8923-6232-40d7-ba1f-a1b8bf7cb66c_123,0,primary,centre,0.5894248857833916,
bbbc041,site_a,eef2ac0b-42de-4bc3-a3c3-d5fcd597fbe4_35,0,primary,centre,0.5856481481481481,
bbbc041,site_a,71881a39-a30c-40c7-8c4a-9f64c93e79d9_21,0,primary,centre,0.45918367346938777,
bbbc041,site_a,c680004e-6ee2-43d7-877c-edc9b5ebeecc_54,0,primary,centre,0.6508093278463649,
bbbc041,site_a,93f40356-5676-45d3-8e83-8028708c93ba_3,0,primary,centre,0.5007598784194529,
bbbc041,site_a,0d095f3a-9243-472b-90b4-0ce8309e778c_38,0,primary,centre,0.7741796875,
bbbc041,site_a,266180ed-77a3-4284-8292-50a49fc47fce_55,0,primary,centre,0.4092767295597484,
bbbc041,site_a,034c8d57-04d5-4786-93a4-6ae8fde2c258_11,0,primary,centre,0.4336374095989481,
bbbc041,site_a,adff6e1d-ba9d-4c7b-a8fe-1ec458eaeeb8_36,0,primary,centre,0.3198581560283688,
bbbc041,site_a,81af1442-d835-46bf-b80b-a898dba3da1b_9,0,primary,centre,0.3900162177129069,
bbbc041,site_a,477e541c-0519-4542-9b13-8ee7922644d3_22,0,primary,centre,0.389466225791214,
bbbc041,site_a,b7d0ae11-a393-4aec-8f68-6ba07147f78a_33,0,primary,centre,0.5562494463637169,
bbbc041,site_a,fe1ee954-ba71-47b3-954a-d20ab940cd7b_3,0,primary,centre,0.4739795918367347,
bbbc041,site_a,aa3ad405-828e-4986-8251-20fd981f34d3_48,0,primary,centre,0.36983267716535434,
bbbc041,site_a,e16c0dab-780d-4035-872e-1bb91e49f9d2_106,0,primary,centre,0.6803935026309769,
bbbc041,site_a,85546330-4efd-43e2-87aa-d53a30220bfc_25,0,primary,centre,0.3885207100591716,
bbbc041,site_a,1f8f08ea-b5b3-4f68-94d4-3cc071b7dce8_17,0,primary,centre,0.41976542716246834,
bbbc041,site_a,4a49841f-216c-4815-8140-b8762c4f6603_67,0,primary,centre,0.33762002743484226,
bbbc041,site_a,1012abf2-cb05-4337-86c5-513ec4ca904d_43,0,primary,centre,0.4206530502553077,
bbbc041,site_a,2d0f600d-f94e-4907-b712-52fb37d9ed52_81,0,primary,centre,0.7731484179243634,
bbbc041,site_a,c9ad92d4-b408-4506-916e-def47b2e6ed0_42,0,primary,centre,0.3674496644295302,
bbbc041,site_a,4a49841f-216c-4815-8140-b8762c4f6603_10,0,primary,centre,0.3505218269554483,
bbbc041,site_a,f939782b-f5a2-40a3-9c22-6c6d7e18edc3_38,0,primary,centre,0.5711894132653061,
bbbc041,site_a,255d5f0c-87fc-4337-bb51-07c440df4f1b_38,0,primary,centre,0.4758979206049149,
bbbc041,site_a,4849866a-73a2-4fcf-a407-2d0a25a09a89_90,0,primary,centre,0.587637741046832,
bbbc041,site_a,6f4ffe7b-395f-41ea-ad61-df5e0cbd531c_2,0,primary,centre,0.45781065088757394,
bbbc041,site_a,56adbb1e-96a8-40a5-a5a2-243c97ea889b_23,0,primary,centre,0.5234445855251224,
bbbc041,site_a,a824b499-3736-4581-bbdc-be1b3b4cf756_57,0,primary,centre,0.5367938821152874,
bbbc041,site_a,4a49841f-216c-4815-8140-b8762c4f6603_47,0,primary,centre,0.35115702479338845,
bbbc041,site_a,0fcd1ebe-ee4a-40a0-b787-29cee18bfa1b_136,0,primary,centre,0.7106782106782107,
bbbc041,site_a,ae17a099-18b5-4a42-a901-850ea056423e_7,0,primary,centre,0.42852508650519033,
bbbc041,site_a,3ff98212-7c2a-46cd-afb7-34a2479bed07_38,0,primary,centre,0.4286492374727669,
bbbc041,site_a,5e042380-6ef2-496f-8231-0ca550fbfa71_62,0,primary,centre,0.4876712328767123,
bbbc041,site_a,151f3af5-5e6e-4bcd-9389-4974fc68813e_15,0,primary,centre,0.5502083333333333,
bbbc041,site_a,03b9d6ad-39ca-4097-a98b-77f02b3c00a7_54,0,primary,centre,0.4536108220603538,
bbbc041,site_a,4063945d-03fc-4ce3-a04c-17435dce8f91_51,0,primary,centre,0.7626023944549465,
bbbc041,site_a,6303f964-98ef-47c6-bb2d-283aa393f918_162,0,primary,centre,0.7241017571466037,
bbbc041,site_a,37a94c0f-e5d4-46fc-b4f8-994d477995fd_68,0,primary,centre,0.6577230516045609,
bbbc041,site_a,bd856928-96ee-4fc4-a377-f2fc4e84448b_26,0,primary,centre,0.44440587185082325,
bbbc041,site_a,984caf56-f400-4a29-be97-a4d6b9d1468d_18,0,primary,centre,0.39776666935418853,
bbbc041,site_a,05717db9-f1ef-4101-a9f7-7a007e83b1c9_36,0,primary,centre,0.513920382968002,
bbbc041,site_a,04fb49a2-07b8-4cdf-b6f7-df5c3688e5f8_21,0,primary,centre,0.5174825174825175,
bbbc041,site_a,b5246b58-6f40-4c9e-8024-f49b0ed6bdbd_29,0,primary,centre,0.33832356472000563,
bbbc041,site_a,d0347b49-8f98-4632-a384-1a4f57ac6374_4,0,primary,centre,0.40488439142970206,
bbbc041,site_a,59dc7da9-35d1-421e-a61b-1e9637bfbfa1_15,0,primary,centre,0.45760534429599176,
bbbc041,site_a,bfc61c48-685d-470b-86b1-e4c7eb85c4fd_30,0,primary,centre,0.523720999405116,
bbbc041,site_a,334bf865-e3fb-4200-bd53-d9ff5808ed9f_36,0,primary,centre,0.67,
bbbc041,site_a,3d32a988-449d-4d58-b71f-abbfdc3f2fbc_156,0,primary,centre,0.5961111111111111,
bbbc041,site_a,e3c1442a-717f-41dd-bf97-81e1233ac9fa_12,0,primary,centre,0.5735610957217605,
bbbc041,site_a,ac3358f1-ef9a-4ccc-b66c-da5e47e352e0_83,0,primary,centre,0.6762820512820513,
bbbc041,site_a,bbedfcbe-9528-4ba9-9d86-4ebba7589ac5_9,0,primary,centre,0.3978573167762357,
bbbc041,site_a,406e05f0-4444-414c-bb40-f4cb08e75ac9_28,0,primary,centre,0.5025220972742839,
bbbc041,site_a,1c406ce1-023b-47fc-a2cd-5ea2e255de65_4,0,primary,centre,0.4821816770186335,
bbbc041,site_a,83ec8923-6232-40d7-ba1f-a1b8bf7cb66c_18,0,primary,centre,0.4290847457627119,
bbbc041,site_a,5487faad-24a7-46b6-92d8-479d3a8d229f_60,0,primary,centre,0.19179847043666567,
bbbc041,site_a,e234ce8b-4ec4-4d93-9068-d7854d77ddf4_33,0,primary,centre,0.4270950168242269,
bbbc041,site_a,b8339d7b-85ec-48d0-83e8-c8f831070459_20,0,primary,centre,0.4081087101804411,
bbbc041,site_a,9e1b0217-0926-4fd1-bb9e-a815c05deb59_32,0,primary,centre,0.5481859410430839,
bbbc041,site_a,1a332b2c-9d49-4ff2-810c-5633d2314527_14,0,primary,centre,0.3904,
bbbc041,site_a,84c88143-940d-4b62-bbd2-7acc4cadcb6b_14,0,primary,centre,0.368427069044353,
bbbc041,site_a,d8f7e159-b7e3-49e4-86e8-aed8c5fbcd97_108,0,primary,centre,0.6035694970254192,
bbbc041,site_a,4c460388-e0c1-4970-8527-c9e5b42bea49_7,0,primary,centre,0.42421479229989867,
bbbc041,site_a,d8632217-ec33-4d0a-98e6-427824c58869_26,0,primary,centre,0.6802532647407994,
bbbc041,site_a,550cf4ce-b641-44a3-8487-3e16d4049187_82,0,primary,centre,0.7156718192627824,
bbbc041,site_a,da49db57-0c2f-4213-b322-c88c19fb9296_59,0,primary,centre,0.5251393790598946,
bbbc041,site_a,fcdf6632-c03f-49a8-9fb3-42e87c99b9d0_12,0,primary,centre,0.4224417426545086,
bbbc041,site_a,587e5464-d70b-4279-8562-010279f6efbd_8,0,primary,centre,0.3730572023714148,
bbbc041,site_a,71925778-a26e-483e-a07c-f3aaf740122a_32,0,primary,centre,0.6926673228346457,
bbbc041,site_a,00d04a90-80e5-4bce-9511-1b64eabb7a47_62,0,primary,centre,0.541117127122958,
bbbc041,site_a,06a3effb-996c-4767-afd2-6aa3b697cb4e_71,0,primary,centre,0.733808095952024,
bbbc041,site_a,3d1429ed-4619-41f7-8ff3-d698ad28034c_1,0,primary,centre,0.3729081632653061,
bbbc041,site_a,445d0db9-e830-4ceb-a845-b23d819e6097_28,0,primary,centre,0.29926980649872215,
bbbc041,site_a,9e74feb8-017d-4d53-8896-9ebda4327dd1_32,0,primary,centre,0.40153836908839613,
bbbc041,site_a,1f8f08ea-b5b3-4f68-94d4-3cc071b7dce8_7,0,primary,centre,0.3970706799247514,
bbbc041,site_a,3d32a988-449d-4d58-b71f-abbfdc3f2fbc_102,0,primary,centre,0.6244991147143789,
bbbc041,site_a,d6942996-5664-4370-ad87-2bdcbd49ac16_31,0,primary,centre,0.5900916630292449,
bbbc041,site_a,4c13e22e-dfd1-4fa1-b373-be9d0c272c0f_68,0,primary,centre,0.5635658914728682,
bbbc041,site_a,f6f8a69a-3fd2-4684-ac77-3e83ea0fb36d_52,0,primary,centre,0.5686305398025625,
bbbc041,site_a,d67398c5-8b0e-463f-a04e-8583c820786c_25,0,primary,centre,0.33604182413706224,
bbbc041,site_a,4ab47131-c2ac-461f-b95c-ac19ce24edbd_67,0,primary,centre,0.6013061356123518,
bbbc041,site_a,7dfbfeaf-e3b1-4159-8dcd-d7f731280ac8_51,0,primary,centre,0.6058545524691358,
bbbc041,site_a,e683144c-0465-43a2-86b1-3cf52599d5e0_11,0,primary,centre,0.4804227069502777,
bbbc041,site_a,3eba916c-998b-40a7-993c-7ed916c2a04c_60,0,primary,centre,0.6306733504945129,
bbbc041,site_a,a15e0fa8-2620-4f66-896e-175115c9dc3d_95,0,primary,centre,0.516628873771731,
bbbc041,site_a,9eb66577-7857-43dc-a879-8f2c9d7f780f_74,0,primary,centre,0.7918595679012346,
bbbc041,site_a,a3ada657-de00-44db-b1e2-54ba17e39983_16,0,primary,centre,0.3783634665987607,
bbbc041,site_a,587e5464-d70b-4279-8562-010279f6efbd_0,0,primary,centre,0.4064344746162928,
bbbc041,site_a,540a5fee-175b-4b92-bf62-1ea9b59c86c6_10,0,primary,centre,0.38790369935408103,
bbbc041,site_a,58ced55c-bf0d-4204-b6b2-4f8992d92779_5,0,primary,centre,0.48148148148148145,
bbbc041,site_a,de2b8835-552c-4f01-98b7-67bc4910062e_89,0,primary,centre,0.5430058157330885,
bbbc041,site_a,e8058bed-c362-4e1c-85dc-62f80f32938f_26,0,primary,centre,0.34291267527419134,
bbbc041,site_a,e98ea067-82b5-4a0d-87bf-b4bbdc10ddab_61,0,primary,centre,0.5823979591836734,
bbbc041,site_a,59f5699f-885f-4004-b783-a60060144e43_4,0,primary,centre,0.38107909386926225,
bbbc041,site_a,46f5bd4f-8bea-48d1-a1da-4dea28e3b814_56,0,primary,centre,0.6986666666666667,
bbbc041,site_a,d32022fa-e492-4b31-a776-9435cfdef6d6_28,0,primary,centre,0.543732782369146,
bbbc041,site_a,daea4860-a296-4f6d-acef-996ab0882676_12,0,primary,centre,0.35709146968139777,
bbbc041,site_a,6231d81d-9e84-4a5a-8cb8-47c6a37a0176_50,0,primary,centre,0.6827886710239651,
bbbc041,site_a,cbb58718-6319-48db-b84b-78ac9b12ff89_64,0,primary,centre,0.38738905325443784,
bbbc041,site_a,dec61ae1-5037-4c3a-8952-15371becca7d_58,0,primary,centre,0.5174093364197531,
bbbc041,site_a,2fdbd9bc-bbaf-44c2-b40c-d193709639fa_10,0,primary,centre,0.3991675338189386,
bbbc041,site_a,2bd15b6e-fe2d-49f3-b394-940d024d1f91_68,0,primary,centre,0.3845208845208845,
bbbc041,site_a,effd6334-516f-4d48-9f3c-5272a99780fb_8,0,primary,centre,0.4547945205479452,
bbbc041,site_a,8939e14b-fcdf-48b1-acb9-6514a2fc2fc0_66,0,primary,centre,0.4545408163265306,
bbbc041,site_a,766d5547-8dd2-4c8d-b78e-3007f83932e8_51,0,primary,centre,0.47917933130699086,
bbbc041,site_a,533c47c9-02a6-419b-961b-81797f022f6c_17,0,primary,centre,0.6025777777777778,
bbbc041,site_a,3fa1a4e3-c80d-49da-8f7b-a1abb0424f48_39,0,primary,centre,0.5650252525252525,
bbbc041,site_a,56551792-4aa1-4301-9f8f-8bfebcd20050_9,0,primary,centre,0.6030549494147986,
bbbc041,site_a,61575482-91e1-4db9-83c7-687b7ddbbfc4_100,0,primary,centre,0.5900269541778975,
bbbc041,site_a,a63fa2c7-3ec8-4bb7-bde6-a39e09d2f806_43,0,primary,centre,0.5198281889921087,
bbbc041,site_a,8e4bdd0d-1c72-4836-ae3e-05e2e50e4983_61,0,primary,centre,0.40904017857142855,
bbbc041,site_a,d7581cb0-7a12-471d-a3d8-68dcea362213_18,0,primary,centre,0.44068287037037035,
bbbc041,site_a,ed0bee2f-05e0-4392-8357-19750cec577c_116,0,primary,centre,0.7359843546284224,
bbbc041,site_a,56551792-4aa1-4301-9f8f-8bfebcd20050_6,0,primary,centre,0.3556241426611797,
bbbc041,site_a,933e7e07-fc3d-42eb-be0c-6b1623ee60fa_9,0,primary,centre,0.4800275482093664,
bbbc041,site_a,8b494b40-cab5-49d3-893d-c805000fbe88_93,0,primary,centre,0.7744016546833449,
bbbc041,site_a,7ef90770-6aeb-45eb-9744-49c5247dde30_84,0,primary,centre,0.8021094341821572,
bbbc041,site_a,c5084fb8-2b62-464c-8a77-1a07ea653266_49,0,primary,centre,0.5639949845679012,
bbbc041,site_a,49efc89d-9cba-44f7-8257-7f911b73f68a_44,0,primary,centre,0.43935221610280617,
bbbc041,site_a,7ba9db7e-9d3f-413c-b672-2bba5fb5b415_52,0,primary,centre,0.38816180844735276,
bbbc041,site_a,f4c00b8c-d675-4255-8277-ca65bd757f51_50,0,primary,centre,0.552237426035503,
bbbc041,site_a,c2ec116f-f091-422c-926c-70b548a8f6ef_75,0,primary,centre,0.5046082949308756,
bbbc041,site_a,5a386082-397f-4524-a6f9-c2b8efe5014d_22,0,primary,centre,0.40524781341107874,
bbbc041,site_a,f4c00b8c-d675-4255-8277-ca65bd757f51_52,0,primary,centre,0.4502212389380531,
bbbc041,site_a,fbb1b44c-d75a-4550-a6c0-0eb62b96bfce_9,0,primary,centre,0.4034765625,
bbbc041,site_a,4d8a4ce8-0f9c-4f21-8844-4cf0e5514bbf_26,0,primary,centre,0.5315904139433552,
bbbc041,site_a,4935818a-7e7a-4f44-a3b6-b361d1abfe16_24,0,primary,centre,0.45490899062327633,
bbbc041,site_a,781d4bea-c6a9-4b36-ae10-ba9e328c87fe_38,0,primary,centre,0.2872786935286935,
bbbc041,site_a,370277f8-436b-4103-8210-b4feb5ab95ea_58,0,primary,centre,0.6125598387503149,
bbbc041,site_a,f234a2de-f3c8-4521-a306-8cfdf52dd597_30,0,primary,centre,0.47953848927348114,
bbbc041,site_a,5a386082-397f-4524-a6f9-c2b8efe5014d_35,0,primary,centre,0.4836856617647059,
bbbc041,site_a,67a4fb91-6f38-4ca2-8f20-6b2f5f1b29a7_68,0,primary,centre,0.43736447039199333,
bbbc041,site_a,a0e2ef53-d39b-40cf-b8b6-4b148ac339ec_29,0,primary,centre,0.5335116996190822,
bbbc041,site_a,be779f52-0bfa-4c01-a16f-b7f0bc92ed7c_18,0,primary,centre,0.3986147599713399,
bbbc041,site_a,ef815e3a-02a6-4cf8-9262-45bc74c50b00_36,0,primary,centre,0.5982349537037037,
bbbc041,site_a,8e4bdd0d-1c72-4836-ae3e-05e2e50e4983_71,0,primary,centre,0.32142209323417376,
bbbc041,site_a,87d6343b-70dd-4cdd-939f-d3ac0ca2e700_52,0,primary,centre,0.6699227136109919,
bbbc041,site_a,9cdee92c-6267-4188-a41e-125bc0abb9ae_36,0,primary,centre,0.4009231429798197,
bbbc041,site_a,3b5a8060-dec6-4a83-b7f2-b604e4e69dfc_11,0,primary,centre,0.5384742951907131,
bbbc041,site_a,e16c0dab-780d-4035-872e-1bb91e49f9d2_1,0,primary,centre,0.4415277777777778,
bbbc041,site_a,58f7e1da-3478-48f4-958c-e9b1cb8696aa_42,0,primary,centre,0.4394060593940606,
bbbc041,site_a,93f40356-5676-45d3-8e83-8028708c93ba_24,0,primary,centre,0.40382222222222225,
bbbc041,site_a,205306da-0ed8-475a-ace6-f2f81d4be88a_31,0,primary,centre,0.5681420355088772,
bbbc041,site_a,2a91387a-d30f-418d-ac3a-f7cfa6836261_67,0,primary,centre,0.5218497371247668,
bbbc041,site_a,66557580-fd38-4d4b-80d8-88611ecc78c6_36,0,primary,centre,0.36666666666666664,
bbbc041,site_a,9a1cd456-310c-47b6-a1f8-0fbd8e33d1fd_24,0,primary,centre,0.4888888888888889,
bbbc041,site_a,6795acae-e84d-4e97-b9a1-b4f4f0a72cfd_41,0,primary,centre,0.5979126921782068,
bbbc041,site_a,01b99da8-b66b-464b-a7ee-1cadab8db18b_35,0,primary,centre,0.4919436783277689,
bbbc041,site_a,4ce5a070-9ede-4bb1-9ca2-1bae5746776b_0,0,primary,centre,0.41876706574249106,
bbbc041,site_a,834a30bb-26bf-4e60-9ea1-3250b926892e_12,0,primary,centre,0.3527272727272727,
bbbc041,site_a,b4bde4e8-f48b-4ae2-be01-86d8c91d0af9_47,0,primary,centre,0.6850464489062031,
bbbc041,site_a,8b494b40-cab5-49d3-893d-c805000fbe88_66,0,primary,centre,0.7350736884462552,
bbbc041,site_a,dd6f047e-af73-43df-9c46-354534fc20e0_32,0,primary,centre,0.2991140215716487,
bbbc041,site_a,755e5bf8-e8e1-492b-a32f-f7d87cccaa40_15,0,primary,centre,0.42466250544346057,
bbbc041,site_a,e871f52c-77a6-4813-80d4-95bd97985f1a_8,0,primary,centre,0.5494160899653979,
bbbc041,site_a,f274b784-b995-4a7e-a2c2-6cc31c24c4b4_4,0,primary,centre,0.48348175811548405,
bbbc041,site_a,7abc0d26-dd66-4ef4-8c4e-4a661e589a7f_56,0,primary,centre,0.47984617575843896,
bbbc041,site_a,06df7bbe-60d4-4f7c-ba4a-5a42ac4be91b_12,0,primary,centre,0.4304028560996389,
bbbc041,site_a,a11ed7d0-12f6-468f-abad-5cba7d968123_28,0,primary,centre,0.371610769957487,
bbbc041,site_a,46f5bd4f-8bea-48d1-a1da-4dea28e3b814_51,0,primary,centre,0.5355877888345421,
bbbc041,site_a,441d7843-b20b-4c10-84e3-e6d32621e880_28,0,primary,centre,0.5616641214308853,
bbbc041,site_a,b4bde4e8-f48b-4ae2-be01-86d8c91d0af9_38,0,primary,centre,0.5866717057193248,
bbbc041,site_a,0fcd1ebe-ee4a-40a0-b787-29cee18bfa1b_133,0,primary,centre,0.5813333333333334,
bbbc041,site_a,f5869ba8-6253-426b-93f3-82af59a86144_45,0,primary,centre,0.7089120370370371,
bbbc041,site_a,afd39466-aafa-4d81-9520-483727418723_96,0,primary,centre,0.4377285656237302,
bbbc041,site_a,674b0fd3-f247-4b7f-97f7-3e6c57c9ba9e_114,0,primary,centre,0.5364898540405838,
bbbc041,site_a,56adbb1e-96a8-40a5-a5a2-243c97ea889b_52,0,primary,centre,0.6564919762091797,
bbbc041,site_a,0ac747cd-ff32-49bf-bc1a-3e9b7702ce9c_67,0,primary,centre,0.3920398622047244,
bbbc041,site_a,29d4b75f-d400-4702-a9ac-e5a4ed1a1db1_38,0,primary,centre,0.4929834678969627,
bbbc041,site_a,7eae1169-e294-4594-8e03-1366d23ff2d1_65,0,primary,centre,0.4692315867786162,
bbbc041,site_a,dcb21739-3c36-459d-b3cc-1be5871d6fe7_55,0,primary,centre,0.466875,
bbbc041,site_a,ff37dd9b-2e3c-444d-9d29-6db186cfa2fb_58,0,primary,centre,0.3473402912212777,
bbbc041,site_a,397f37bc-a3a4-4257-9430-c8fc5716f8b1_34,0,primary,centre,0.36566162109375,
bbbc041,site_a,2cc3c4ad-670f-41b6-8910-0704cbc192ef_16,0,primary,centre,0.5517578125,
bbbc041,site_a,003d1cdc-0aec-430b-90e0-f4d82135b1ac_13,0,primary,centre,0.21028663892741561,
bbbc041,site_a,56a57a8d-c9b9-432a-a3b0-32a09355806c_95,0,primary,centre,0.6417547628469671,
bbbc041,site_a,d79b4e90-c45d-4f5d-a498-49c3e323c291_80,0,primary,centre,0.7225443786982249,
bbbc041,site_a,a2ccbf70-e444-49a9-8b7e-9797a05220d8_43,0,primary,centre,0.48215621726769414,
bbbc041,site_a,04d21589-b777-43c2-86b5-038cbf8c3a4e_48,0,primary,centre,0.5662346019488876,
bbbc041,site_a,d1924af6-7512-4ccc-9c6b-adbbaa8db41f_35,0,primary,centre,0.6429427629607432,
bbbc041,site_a,e3a4b3e7-9500-4b6c-a402-b6d3f45e714b_39,0,primary,centre,0.5213903743315508,
bbbc041,site_a,a4d7a7e1-5ae1-486d-b6ee-c9af1476ccad_6,0,primary,centre,0.4248968285375092,
bbbc041,site_a,cb08956d-dd6a-4e13-817b-40a0a93068f1_19,0,primary,centre,0.7225857624429903,
bbbc041,site_a,5ccca8ee-abea-458a-a891-bedd31c3ddc3_56,0,primary,centre,0.3825151384083045,
bbbc041,site_a,d7c7eb2c-2acd-4f86-8a5a-09ab3dd02d16_0,0,primary,centre,0.420878354827466,
bbbc041,site_a,afd39466-aafa-4d81-9520-483727418723_75,0,primary,centre,0.43267813267813265,
bbbc041,site_a,e0ff3476-226f-4125-b182-8e524d5503dd_58,0,primary,centre,0.48844444444444446,
bbbc041,site_a,afd39466-aafa-4d81-9520-483727418723_89,0,primary,centre,0.5204682562482046,
bbbc041,site_a,f0804a5e-e7f5-4cf2-a5df-b65e66502bf1_53,0,primary,centre,0.38636363636363635,
bbbc041,site_a,f09acb0c-b270-4e91-99f8-410adfa7f34a_6,0,primary,centre,0.5008174791914387,
bbbc041,site_a,1c90231b-2830-42d9-884e-7301edb16933_8,0,primary,centre,0.3964539007092199,
bbbc041,site_a,8757be1e-b832-407a-8e95-62abae485b24_8,0,primary,centre,0.5479974570883662,
bbbc041,site_a,913099c5-8085-4908-bf4b-1f098bbfcf66_12,0,primary,centre,0.4995968717245828,
bbbc041,site_a,3090a362-1f3d-49e9-a76e-ce76ff9c2276_72,0,primary,centre,0.5799552697791446,
bbbc041,site_a,e9916e11-9be6-4dec-9df6-2e7d1a8e1735_29,0,primary,centre,0.29460870621091617,
bbbc041,site_a,b634137b-bc8b-4e88-b0e3-b536ad6e7e18_4,0,primary,centre,0.3339086127547666,
bbbc041,site_a,10891eed-b0f2-4dd0-90cb-da185f6761b2_58,0,primary,centre,0.38271604938271603,
bbbc041,site_a,5c99cd97-39f6-4809-9528-9d380cc16b16_92,0,primary,centre,0.7247543085030622,
bbbc041,site_a,c10b125d-10c2-474a-9c6a-5249935c638e_37,0,primary,centre,0.42517006802721086,
bbbc041,site_a,a1669b59-fe09-4fe6-ba9f-06bec6725502_62,0,primary,centre,0.6095358118042428,
bbbc041,site_a,0154dd8e-72f8-4d78-a4dd-93e139577bd1_24,0,primary,centre,0.5466236054022313,
bbbc041,site_a,252071ac-e9f2-41d2-abbb-87ef01b8a997_218,0,primary,centre,0.7123817139810742,
bbbc041,site_a,83ec8923-6232-40d7-ba1f-a1b8bf7cb66c_85,0,primary,centre,0.30394931102362205,
bbbc041,site_a,e4eea7ea-8989-46a9-9c98-25a178146b28_71,0,primary,centre,0.5988888888888889,
bbbc041,site_a,cfe6086f-eb0b-4cb0-a430-8cd7de6556e2_6,0,primary,centre,0.3680724991286162,
bbbc041,site_a,ff3b9d4d-373c-48ef-a75a-d23e2c2ade87_35,0,primary,centre,0.39425631748544293,
bbbc041,site_a,2240b991-48f6-4c59-9b62-5a8b5e541fae_3,0,primary,centre,0.46139917695473254,
bbbc041,site_a,071901eb-4c3f-404b-a747-3d0b9d0a5158_53,0,primary,centre,0.6624609781477627,
bbbc041,site_a,6231d81d-9e84-4a5a-8cb8-47c6a37a0176_97,0,primary,centre,0.7013493253373313,
bbbc041,site_a,daea4860-a296-4f6d-acef-996ab0882676_88,0,primary,centre,0.47725430597771024,
bbbc041,site_a,8be185e7-2a1a-441c-a5c7-b50a9eb926cb_2,0,primary,centre,0.4042590027700831,
bbbc041,site_a,724e0c34-32cd-41f1-ae37-586038bc67ab_27,0,primary,centre,0.5895052473763118,
bbbc041,site_a,0a7bfa8a-ee52-4f7a-b9c5-2919ecfa93ef_3,0,primary,centre,0.44040117622348246,
bbbc041,site_a,711f6b3f-cd63-46d1-834a-bc8e9aa9b43e_67,0,primary,centre,0.5689285714285715,
bbbc041,site_a,bcb447c9-5d37-414f-a513-d7076b04a532_42,0,primary,nearest,0.45208386384856974,
bbbc041,site_a,3768c577-4e5e-4d70-8c4d-93d8aacd5baa_10,0,primary,centre,0.3186601829002758,
bbbc041,site_a,00d04a90-80e5-4bce-9511-1b64eabb7a47_16,0,primary,centre,0.48952913631633715,
bbbc041,site_a,affa429c-0315-4c18-a002-13bb3ecab259_4,0,primary,centre,0.4532297767591885,
bbbc041,site_a,a1c140f9-75d7-42a3-b767-4c01a118892b_19,0,primary,centre,0.33101881075621764,
bbbc041,site_a,c244166d-12ca-445f-9ed9-a13d9caa412f_35,0,primary,centre,0.5412379827964243,
bbbc041,site_a,9b410534-3b70-4a88-9f93-205cf4e55a05_5,0,primary,centre,0.5099502487562189,
bbbc041,site_a,72732579-a812-4496-b2dd-ea1556924337_9,0,primary,centre,0.5874905517762661,
bbbc041,site_a,664c570b-4822-413c-9724-11b1d91fac44_68,0,primary,centre,0.5672916666666666,
bbbc041,site_a,b6364a57-72a9-43f3-8d02-9f53a992dc95_67,0,primary,centre,0.557520611730531,
bbbc041,site_a,46a2d369-4bea-4405-ac78-91bbe130b9a7_101,0,primary,centre,0.6278924884300463,
bbbc041,site_a,a6aa3b72-2970-4c78-b655-ea8dfe6e018c_53,0,primary,centre,0.5670719351570416,
bbbc041,site_a,6afd8203-d61a-4e9b-a4cf-dcb53a16b57c_17,0,primary,centre,0.5646718146718147,
bbbc041,site_a,e0ff3476-226f-4125-b182-8e524d5503dd_37,0,primary,centre,0.5485281060036883,
bbbc041,site_a,8490c623-3d88-4532-baf5-0d266a45b16f_28,0,primary,centre,0.42669443999359075,
bbbc041,site_a,4e43fc22-dc08-4cde-b3ce-ce8a4f377c47_90,0,primary,centre,0.7371674281107229,
bbbc041,site_a,f5c51193-8a27-4ef3-83ad-771395d63caf_19,0,primary,centre,0.5618055555555556,
bbbc041,site_a,105af41b-13cc-4ad1-8a1f-8bc4d47cdd94_60,0,primary,centre,0.5344438946616087,
bbbc041,site_a,70a95e58-ba60-4c1f-adcd-49c198dc2ba0_48,0,primary,centre,0.6810863031343924,
bbbc041,site_a,cb08956d-dd6a-4e13-817b-40a0a93068f1_10,0,primary,centre,0.5247465712581991,
bbbc041,site_a,df3d98b9-3dd7-4107-8d4a-ae1b7f247793_131,0,primary,centre,0.36745482506728183,
bbbc041,site_a,2bed2796-75a9-4d93-bb2d-e3ccbe1a5cbe_57,0,primary,centre,0.4707132735002362,
bbbc041,site_a,71bbdc58-11af-41f2-9a93-3fe9257c5cf3_1,0,primary,centre,0.42373333333333335,
bbbc041,site_a,4d0a1598-e4dd-45c4-8a90-dd7c780fe1da_66,0,primary,centre,0.4275693484961207,
bbbc041,site_a,81edcae1-65bf-4752-b0e4-494376b71e49_57,0,primary,centre,0.3857967429396001,
bbbc041,site_a,e0ef520d-7b65-485d-9888-e6859f189f70_4,0,primary,centre,0.4071589416400826,
bbbc041,site_a,6795acae-e84d-4e97-b9a1-b4f4f0a72cfd_12,0,primary,centre,0.42128437881045927,
bbbc041,site_a,6bc7b53c-5a98-48ef-a9de-59a476707ea4_47,0,primary,centre,0.40495642701525053,
bbbc041,site_a,bfefa21c-11e1-4dab-ac5d-8ff6f046d65f_38,0,primary,centre,0.510111527604239,
bbbc041,site_a,07a80340-f65e-4f58-9317-94bb6ebd5a28_22,0,primary,centre,0.6110890696290419,
bbbc041,site_a,adff132d-3af0-4cef-942c-58fc09729bee_69,0,primary,centre,0.7568306010928961,
bbbc041,site_a,6fd30823-3b77-40c9-ba5d-e1eda9660674_13,0,primary,centre,0.4882758620689655,
bbbc041,site_a,f274b784-b995-4a7e-a2c2-6cc31c24c4b4_82,0,primary,centre,0.42419460880999343,
bbbc041,site_a,7abc0d26-dd66-4ef4-8c4e-4a661e589a7f_36,0,primary,centre,0.40366507315659855,
bbbc041,site_a,b5143aae-6e98-4dc6-b546-980cb472de67_59,0,primary,centre,0.6532501889644747,
bbbc041,site_a,252071ac-e9f2-41d2-abbb-87ef01b8a997_2,0,primary,centre,0.45255067943862776,
bbbc041,site_a,9fe8bdc8-847d-434e-93e5-ae14ff3b45e1_22,0,primary,centre,0.48216497928147295,
bbbc041,site_a,6347dd6a-cfdf-4cb5-bc50-cff5403cfecb_38,0,primary,centre,0.44994264467386574,
bbbc041,site_a,f4a27dfd-4c52-459f-96b5-ee6b452a3395_39,0,primary,centre,0.600894810750792,
bbbc041,site_a,30167dc1-f739-4036-b5c4-5fad435c2c67_9,0,primary,centre,0.43807274444969296,
bbbc041,site_a,729733ff-a349-4a96-b636-ccabe7d7e167_25,0,primary,centre,0.39978584026203073,
bbbc041,site_a,b8a4d467-c40c-4ebf-91dd-1c19d0f2a7ae_8,0,primary,centre,0.5851691581431944,
bbbc041,site_a,715761a2-745e-4743-9849-956a034ad3c4_4,0,primary,centre,0.3473115273506663,
bbbc041,site_a,eaf4b781-b3aa-41ce-8c5e-287979b4e15a_6,0,primary,centre,0.5201919232307077,
bbbc041,site_a,036404d1-b9fc-497b-bbe1-f4d9c5ac3ce0_52,0,primary,centre,0.7389312977099237,
bbbc041,site_a,71204a6d-814e-44b6-9cee-7b979f478021_28,0,primary,centre,0.41368227731864093,
bbbc041,site_a,33068c1a-48f7-470b-8e49-e2f0888042e9_12,0,primary,centre,0.4156,
bbbc041,site_a,4fb83278-adc5-4424-9f45-b6d0db2955b6_29,0,primary,centre,0.36226851851851855,
bbbc041,site_a,913099c5-8085-4908-bf4b-1f098bbfcf66_62,0,primary,centre,0.5668084610453936,
bbbc041,site_a,63055d1b-5221-4c80-8b39-37ac069a1b5c_45,0,primary,centre,0.5232541996390393,
bbbc041,site_a,471f75c6-bd5d-4c20-bcc1-258e836f4d69_73,0,primary,centre,0.4706521739130435,
bbbc041,site_a,f234a2de-f3c8-4521-a306-8cfdf52dd597_41,0,primary,centre,0.4279835390946502,
bbbc041,site_a,43158031-a335-4533-9c20-48bebba90123_42,0,primary,centre,0.33135946622185153,
bbbc041,site_a,fed6ba05-36a5-45dc-a4e1-9baa7de2c622_126,0,primary,centre,0.606093383811069,
bbbc041,site_a,99e979d4-ee97-4d7f-9da6-00bead40db4d_21,0,primary,centre,0.38602413099683996,
bbbc041,site_a,de81bf7a-7a56-437f-a068-4d9c3e01134c_14,0,primary,centre,0.45645705217218807,
bbbc041,site_a,9a25f103-1683-47d1-8b07-ac20fe0b3ee9_3,0,primary,centre,0.4583195135433941,
bbbc041,site_a,db0a1123-0b35-48d7-8337-3b1ebd6af0cc_89,0,primary,centre,0.7938255226074796,
bbbc041,site_a,9842445c-5899-4189-9f2e-3a3a179fdad3_0,0,primary,centre,0.46598960793575817,
bbbc041,site_a,0dcca702-a4ef-4fb3-a940-9c0c140b21c7_47,0,primary,centre,0.6039281997918835,
bbbc041,site_a,61dfc937-a428-44b4-94fb-d682bdb8dff0_34,0,primary,centre,0.4556261290134608,
bbbc041,site_a,74261741-4d6e-4dba-8ad4-4fbdf919c30f_19,0,primary,centre,0.5211978860833822,
bbbc041,site_a,14efbfc8-39f6-4599-9994-a8cc95605b9c_49,0,primary,centre,0.7912827180733789,
bbbc041,site_a,b9ccf7ca-953f-4832-9575-5e70b2a8c224_73,0,primary,centre,0.6612925077902723,
bbbc041,site_a,b234b6ea-b54d-470c-8461-ba7f4a024796_8,0,primary,centre,0.5691231845077999,
bbbc041,site_a,9f33e0ea-065b-4703-9df9-15829b891860_48,0,primary,centre,0.6467455621301775,
bbbc041,site_a,a7c91b63-b97c-4f4b-8d34-7ad2b08d7a17_8,0,primary,centre,0.4035391724427641,
bbbc041,site_a,3b55c42f-ad59-422f-ba99-4f4f4ca9cb2e_133,0,primary,centre,0.66510009765625,
bbbc041,site_a,b2e34f5f-904e-4473-9dc7-c6bc1ce12640_67,0,primary,centre,0.6587901701323251,
bbbc041,site_a,4b346035-b8c0-46ca-8fdb-a01b1421ee4a_34,0,primary,centre,0.4405806451612903,
bbbc041,site_a,f6ab936d-924b-4038-aa47-71b07c26b4e2_18,0,primary,centre,0.6561955385151621,
bbbc041,site_a,b6364a57-72a9-43f3-8d02-9f53a992dc95_11,0,primary,centre,0.4025923016496465,
bbbc041,site_a,4a49841f-216c-4815-8140-b8762c4f6603_72,0,primary,centre,0.3600883652430044,
bbbc041,site_a,f28e6d66-af71-40c1-b30c-da71d7230a3f_27,0,primary,centre,0.4258888114325549,
bbbc041,site_a,bcb447c9-5d37-414f-a513-d7076b04a532_112,0,primary,centre,0.636136041568257,
bbbc041,site_a,ca16a5ad-b106-4e84-8a43-178710e854ba_4,0,primary,centre,0.3883371530430354,
bbbc041,site_a,1dd3e6dd-343f-4cc9-b0ed-e4d27fb36f0a_62,0,primary,centre,0.4245777777777778,
bbbc041,site_a,dcc1a193-7b74-44f8-ad8d-813751d8fa6b_57,0,primary,centre,0.7753761643181275,
bbbc041,site_a,a7688988-2bcc-4458-83d3-5e482da5f87b_11,0,primary,centre,0.4412244897959184,
bbbc041,site_a,a18f122f-3a3e-4478-8ac4-91b83e050e65_49,0,primary,centre,0.5237465564738292,
bbbc041,site_a,a3c0a876-be12-4ede-8aed-18b32a64401b_41,0,primary,centre,0.5048604860486049,
bbbc041,site_a,003a89b0-a095-417a-8dd6-f408339bbc68_57,0,primary,centre,0.3823791490309646,
bbbc041,site_a,c4494d4f-732f-431a-8a9d-62403f0b74fe_50,0,primary,centre,0.7039460638508824,
bbbc041,site_a,a6fe423a-5204-4378-bcfa-d6d298a3e9aa_28,0,primary,centre,0.525994275705925,
bbbc041,site_a,4811fdf2-d7e8-475e-a840-45dda5282bf3_24,0,primary,centre,0.7174921383647799,
bbbc041,site_a,68e69cfb-1a07-48d2-8abe-46b46fe264ed_12,0,primary,centre,0.5957300275482094,
bbbc041,site_a,6ab870ba-b24b-49a9-9570-8eafe63aa74e_67,0,primary,centre,0.412109375,
bbbc041,site_a,4063945d-03fc-4ce3-a04c-17435dce8f91_11,0,primary,centre,0.543152700831025,
bbbc041,site_a,1b369bcf-ced4-4ae2-9196-2664bd2b1738_56,0,primary,centre,0.6017594775984038,
bbbc041,site_a,71bbdc58-11af-41f2-9a93-3fe9257c5cf3_6,0,primary,centre,0.31629444489236475,
bbbc041,site_a,baa87bf8-786c-444c-81e8-9fa0a41d8149_1,0,primary,centre,0.40896774193548385,
bbbc041,site_a,2518f6e4-29cc-4ae4-a914-b215a4c56099_131,0,primary,centre,0.6411138411138411,
bbbc041,site_a,3e764461-22ee-44d3-925d-cd658ff7d154_25,0,primary,centre,0.7705877017957555,
bbbc041,site_a,ef8fcfa4-8466-4186-8c69-f5f4904eb489_35,0,primary,centre,0.43698979591836734,
bbbc041,site_a,5ff7c0c8-d208-4e7d-958d-ca3c2260ff39_23,0,primary,centre,0.4444953173777315,
bbbc041,site_a,bb2042c5-35e1-43cc-8171-7de81b764361_21,0,primary,centre,0.39445874542744885,
bbbc041,site_a,4e43fc22-dc08-4cde-b3ce-ce8a4f377c47_51,0,primary,centre,0.4522314049586777,
bbbc041,site_a,00c8364b-8c85-4502-bcfe-64736fe76815_34,0,primary,centre,0.4341712580348944,
bbbc041,site_a,6f4ffe7b-395f-41ea-ad61-df5e0cbd531c_25,0,primary,centre,0.44236749594375335,
bbbc041,site_a,645cd195-af50-409f-8da9-6e7c7f18ea09_51,0,primary,centre,0.6759622937941869,
bbbc041,site_a,68f34a9c-f73d-4238-8f55-4b05a8a2154c_50,0,primary,centre,0.5514650638617581,
bbbc041,site_a,1a48cbc1-5423-47e5-8ca5-2ab4f83a05a5_4,0,primary,centre,0.46489132334945515,
bbbc041,site_a,81fed4a1-9d48-4938-90c9-c8bf3f5e6b1f_12,0,primary,centre,0.330094497789971,
bbbc041,site_a,ff3b9d4d-373c-48ef-a75a-d23e2c2ade87_29,0,primary,centre,0.5143814878892734,
bbbc041,site_a,04018590-4e66-4cb9-ad2d-83570f1b29ae_22,0,primary,centre,0.39502616739015783,
bbbc041,site_a,4411fea2-d785-4eeb-80c6-c739ab6114c4_3,0,primary,centre,0.5407657210870859,
bbbc041,site_a,67f5ca94-d84e-490e-bf0d-4ffba7bdbe30_30,0,primary,centre,0.5468795524736321,
bbbc041,site_a,a4409217-be11-4478-90a5-b406057d154d_56,0,primary,centre,0.35536686057421657,
bbbc041,site_a,b634137b-bc8b-4e88-b0e3-b536ad6e7e18_19,0,primary,centre,0.4323507180650038,
bbbc041,site_a,a51d6c18-f9e8-4714-9dbb-38e1577445f2_70,0,primary,centre,0.3812560048912569,
bbbc041,site_a,e234ce8b-4ec4-4d93-9068-d7854d77ddf4_27,0,primary,centre,0.393767217630854,
bbbc041,site_a,df49578a-60d4-4a3b-9ee0-79d9d59bc72a_4,0,primary,centre,0.4328113516874894,
bbbc041,site_a,fd1302e2-3cd2-4a1a-9c13-00f810a9c41b_13,0,primary,centre,0.5648004815961473,
bbbc041,site_a,63055d1b-5221-4c80-8b39-37ac069a1b5c_63,0,primary,centre,0.7022569444444444,
bbbc041,site_a,f274b784-b995-4a7e-a2c2-6cc31c24c4b4_116,0,primary,centre,0.41956360946745563,
bbbc041,site_a,81c3c8f0-d5a9-4dda-afd5-e86f6afd9424_14,0,primary,centre,0.5039021852237253,
bbbc041,site_a,b6573be3-9e04-49c3-9f48-6a145d065363_5,0,primary,centre,0.5569772091163535,
bbbc041,site_a,191071ab-6515-428c-9f05-8e4309542b75_55,0,primary,centre,0.4320747110991669,
bbbc041,site_a,b2e34f5f-904e-4473-9dc7-c6bc1ce12640_108,0,primary,centre,0.5675,
bbbc041,site_a,2d857091-efcd-41c0-ba3f-226de90445c4_75,0,primary,centre,0.8459642074506939,
bbbc041,site_a,783ae4ad-6a35-4b3c-b19f-754974b67b2d_38,0,primary,centre,0.4227868017955482,
bbbc041,site_a,81edcae1-65bf-4752-b0e4-494376b71e49_70,0,primary,centre,0.6337662337662338,
bbbc041,site_a,de81bf7a-7a56-437f-a068-4d9c3e01134c_15,0,primary,centre,0.5391156462585034,
bbbc041,site_a,0403835d-43f4-4a97-abfc-b2ff915f6d7b_9,0,primary,centre,0.4154114906832298,
bbbc041,site_a,5487faad-24a7-46b6-92d8-479d3a8d229f_46,0,primary,centre,0.7920645161290323,
bbbc041,site_a,c3ae7090-fc68-41b4-85a1-8d9bce9825a7_8,0,primary,centre,0.41190367322054566,
bbbc041,site_a,cc882eae-a341-4783-bd19-8bdedf798538_7,0,primary,centre,0.46634121274409046,
bbbc041,site_a,6afb3717-f197-4668-929a-4fab389ae6e8_27,0,primary,centre,0.390624276921653,
bbbc041,site_a,109fbb82-bc3c-41ac-984d-e2da86202873_67,0,primary,centre,0.6613372093023255,
bbbc041,site_a,fe1ee954-ba71-47b3-954a-d20ab940cd7b_13,0,primary,centre,0.4719642242862057,
bbbc041,site_a,45902b63-be9a-49ae-9ede-3a8015671bc4_30,0,primary,centre,0.31215192693250166,
bbbc041,site_a,e4827c85-311a-4df1-89c2-99dad0c3558c_77,0,primary,centre,0.2683260795148907,
bbbc041,site_a,0d3c2521-da55-4df5-bf06-56b3bd4fb2fc_58,0,primary,centre,0.37057897286821706,
bbbc041,site_a,aa3ad405-828e-4986-8251-20fd981f34d3_76,0,primary,centre,0.38008264462809915,
bbbc041,site_a,b02f6804-1697-4a5e-9be7-61931903ab55_14,0,primary,centre,0.44049382716049384,
bbbc041,site_a,4903d9c7-de88-426a-b42d-a7e797e5ebcd_55,0,primary,centre,0.6865329137162339,
bbbc041,site_a,c32b8bb8-c89d-4ae9-9c77-5b9356ca35a1_109,0,primary,centre,0.7781301709873139,
bbbc041,site_a,20d4f65e-6c63-433a-935c-d568d577967b_179,0,primary,centre,0.6351752822341058,
bbbc041,site_a,6231d81d-9e84-4a5a-8cb8-47c6a37a0176_158,0,primary,centre,0.4817097954206747,
bbbc041,site_a,6ab870ba-b24b-49a9-9570-8eafe63aa74e_75,0,primary,centre,0.5988511659807956,
bbbc041,site_a,21f001d6-f568-4ea4-82da-fab54c77c419_53,0,primary,centre,0.430827668932427,
bbbc041,site_a,5721e41b-90ef-4851-8587-8dc71227ef90_65,0,primary,centre,0.561118031765805,
bbbc041,site_a,d8f7e159-b7e3-49e4-86e8-aed8c5fbcd97_129,0,primary,centre,0.518696653569977,
bbbc041,site_a,a0eedcb9-b85c-4612-b945-7e8227f53c35_72,0,primary,centre,0.681647024304367,
bbbc041,site_a,6382976c-ee87-4916-b798-4ef1373b2df0_45,0,primary,centre,0.5508565081806143,
bbbc041,site_a,c35ee701-fde2-46b5-b178-1fe3f1ea7da2_23,0,primary,centre,0.36145488899385925,
bbbc041,site_a,0906111b-bac7-4541-a6dc-da435c0724a8_0,0,primary,centre,0.45586581250916913,
bbbc041,site_a,d8f7e159-b7e3-49e4-86e8-aed8c5fbcd97_7,0,primary,centre,0.5928937402539541,
bbbc041,site_a,071901eb-4c3f-404b-a747-3d0b9d0a5158_10,0,primary,centre,0.68984348125215,
bbbc041,site_a,252071ac-e9f2-41d2-abbb-87ef01b8a997_116,0,primary,centre,0.8479166666666667,
bbbc041,site_a,c0c3041f-78cd-46de-8e36-0a7dad0c04c4_11,0,primary,centre,0.45123269896193774,
bbbc041,site_a,d9345456-b76d-46cc-b81e-46d4a0a7b652_3,0,primary,centre,0.476159122085048,
bbbc041,site_a,6144887d-a1c1-46db-91a1-f7ff5bf8c8a5_30,0,primary,centre,0.4979725700655933,
bbbc041,site_a,8b494b40-cab5-49d3-893d-c805000fbe88_145,0,primary,centre,0.7984650064405324,
bbbc041,site_a,03b9d6ad-39ca-4097-a98b-77f02b3c00a7_88,0,primary,centre,0.6553534836065574,
bbbc041,site_a,71204a6d-814e-44b6-9cee-7b979f478021_66,0,primary,centre,0.5791631721181624,
bbbc041,site_a,93f7e207-0d8e-47f8-8258-09a0e03dbdd6_2,0,primary,centre,0.4170239334027055,
bbbc041,site_a,c5db0fc0-b96c-496e-90b4-f9fb1b85b28e_0,0,primary,centre,0.41907253269916767,
bbbc041,site_a,b701b5c5-b922-4315-b12a-aac4ec65ee8b_66,0,primary,centre,0.6135143838557321,
bbbc041,site_a,b2e34f5f-904e-4473-9dc7-c6bc1ce12640_97,0,primary,centre,0.6085189919649379,
bbbc041,site_a,749df49e-5212-49ea-9e88-7d66f258f1df_9,0,primary,centre,0.43142197017433315,
bbbc041,site_a,b1145408-feae-4637-b4cf-3e70b99cc62d_40,0,primary,centre,0.6188776521911561,
bbbc041,site_a,a23f5539-bfe6-4885-9a0e-dba972475ea9_149,0,primary,centre,0.6684774735622193,
bbbc041,site_a,f32b21ae-5ca7-490b-bc40-6db9396d933c_27,0,primary,centre,0.410840534171249,
bbbc041,site_a,b9ccf7ca-953f-4832-9575-5e70b2a8c224_24,0,primary,centre,0.6567145376669187,
bbbc041,site_a,0ac747cd-ff32-49bf-bc1a-3e9b7702ce9c_18,0,primary,centre,0.45171875,
bbbc041,site_a,dcb21739-3c36-459d-b3cc-1be5871d6fe7_8,0,primary,centre,0.5212400209777985,
bbbc041,site_a,5dec0204-af81-44ef-a942-8a173669c123_76,0,primary,centre,0.8059412814917675,
bbbc041,site_a,c32b8bb8-c89d-4ae9-9c77-5b9356ca35a1_119,0,primary,centre,0.7186805555555555,
bbbc041,site_a,711f6b3f-cd63-46d1-834a-bc8e9aa9b43e_68,0,primary,centre,0.6867316341829085,
bbbc041,site_a,3d302619-473d-4c5b-af43-8833ff94233f_20,0,primary,centre,0.6220582561728395,
bbbc041,site_a,df49578a-60d4-4a3b-9ee0-79d9d59bc72a_31,0,primary,centre,0.3636027781882666,
bbbc041,site_a,bfefa21c-11e1-4dab-ac5d-8ff6f046d65f_36,0,primary,centre,0.46958596585562573,
bbbc041,site_a,f62d4fb6-df7c-446c-94a8-d5aede0b1e0c_38,0,primary,centre,0.39253124380083315,
bbbc041,site_a,5a539312-6cfa-43e6-8d5d-db883f343ad9_5,0,primary,centre,0.44221961244862007,
bbbc041,site_a,95bea542-6cd0-41c5-82c5-509af8c3b505_8,0,primary,nearest,0.3035586338667304,
bbbc041,site_a,1fdf99d1-a494-4174-bcd7-efbe457ab899_16,0,primary,centre,0.3952020202020202,
bbbc041,site_a,947348fe-4c70-468e-8009-3c14daeca69b_80,0,primary,centre,0.6802532647407994,
bbbc041,site_a,a6391703-0820-4913-a7cd-e843ff0d84ba_4,0,primary,centre,0.4597051453877979,
bbbc041,site_a,fed6ba05-36a5-45dc-a4e1-9baa7de2c622_38,0,primary,centre,0.4514973576042278,
bbbc041,site_a,1f337b61-1b0d-4539-91f9-73d4a0798a4a_3,0,primary,centre,0.4285817760394032,
bbbc041,site_a,b88fe674-fb9a-41d4-b100-cb1c86440d44_19,0,primary,centre,0.3586121975952484,
bbbc041,site_a,93a306b8-594a-4c7f-8b4a-127fb6ad8f1a_36,0,primary,centre,0.5878122945430638,
bbbc041,site_a,98976666-9125-47fe-9601-43c41e58dfb4_48,0,primary,centre,0.6503673094582185,
bbbc041,site_a,686ed568-d5f8-475e-81ad-edab9dd473a0_4,0,primary,centre,0.36806451612903224,
bbbc041,site_a,252071ac-e9f2-41d2-abbb-87ef01b8a997_175,0,primary,centre,0.8134182908545727,
bbbc041,site_a,a4851ed0-1499-4eae-9157-dcd34773254f_2,0,primary,centre,0.42789550846328134,
bbbc041,site_a,724e0c34-32cd-41f1-ae37-586038bc67ab_60,0,primary,centre,0.602295918367347,
bbbc041,site_a,e871f52c-77a6-4813-80d4-95bd97985f1a_10,0,primary,centre,0.5657346579073866,
bbbc041,site_a,9af1ee02-87fd-42bc-963e-fa9ac3eb45bb_0,0,primary,centre,0.4086206896551724,
bbbc041,site_a,686ed568-d5f8-475e-81ad-edab9dd473a0_44,0,primary,centre,0.5728346456692913,
bbbc041,site_a,834a30bb-26bf-4e60-9ea1-3250b926892e_61,0,primary,centre,0.5525777777777777,
bbbc041,site_a,27fab82c-5bf0-426f-aeb9-47da829b6629_67,0,primary,centre,0.5981025273060672,
bbbc041,site_a,f7231477-f2c1-439a-9c8b-204de07686a4_5,0,primary,centre,0.38958984137287517,
bbbc041,site_a,de5d19b7-e670-4ac7-843b-7ce7bcebdf45_53,0,primary,centre,0.6102228682170543,
bbbc041,site_a,b9ccf7ca-953f-4832-9575-5e70b2a8c224_75,0,primary,centre,0.5440296566077003,
bbbc041,site_a,eb77e4a9-acb0-4d83-8055-2c5fcaa54b45_139,0,primary,centre,0.6179356357927787,
bbbc041,site_a,640c4a52-3742-4f57-aee3-9e3dc0887622_190,0,primary,centre,0.5969846587903368,
bbbc041,site_a,3090a362-1f3d-49e9-a76e-ce76ff9c2276_15,0,primary,centre,0.43159486016628873,
bbbc041,site_a,edd09b2e-2673-4405-8ac0-e476e003e96a_26,0,primary,centre,0.4305914256198347,
bbbc041,site_a,68f34a9c-f73d-4238-8f55-4b05a8a2154c_27,0,primary,centre,0.5109011627906976,
bbbc041,site_a,d3b79739-aea2-4804-8c7a-183b7ed07de3_6,0,primary,centre,0.6861538461538461,
bbbc041,site_a,68e69cfb-1a07-48d2-8abe-46b46fe264ed_24,0,primary,centre,0.7992369186046512,
bbbc041,site_a,90171428-f208-428a-b40e-f57ee3bea457_27,0,primary,centre,0.532740794485761,
bbbc041,site_a,19370afd-f897-47d8-bfae-c0d257bbf795_31,0,primary,centre,0.38314591518764396,
bbbc041,site_a,a824b499-3736-4581-bbdc-be1b3b4cf756_21,0,primary,centre,0.4525777777777778,
bbbc041,site_a,dedbb10c-43f1-45fb-bb40-3ce2fb874015_9,0,primary,centre,0.43329907502569376,
bbbc041,site_a,04a567df-5463-4043-81f1-d726223c19a9_69,0,primary,centre,0.7563025210084033,
bbbc041,site_a,c35ee701-fde2-46b5-b178-1fe3f1ea7da2_8,0,primary,centre,0.42410171365395244,
bbbc041,site_a,9f38055f-4fe6-47fd-a6dd-c0743db4eccf_94,0,primary,centre,0.5781059477035632,
bbbc041,site_a,184b376b-03cb-4c2d-af51-fc1a62196293_62,0,primary,centre,0.6381633870005963,
bbbc041,site_a,711f6b3f-cd63-46d1-834a-bc8e9aa9b43e_1,0,primary,centre,0.44636768948334643,
bbbc041,site_a,1f8f08ea-b5b3-4f68-94d4-3cc071b7dce8_28,0,primary,centre,0.42020621729763,
bbbc041,site_a,3a8f468f-f9de-46a8-a7c8-f2be239fa207_24,0,primary,centre,0.5850072943552912,
bbbc041,site_a,521a26aa-0a31-4c07-b4d0-fac08eb08344_16,0,primary,centre,0.5569099378881988,
bbbc041,site_a,01b38a56-13eb-447b-89ee-fc21cb40dcc1_93,0,primary,centre,0.6124686716791979,
bbbc041,site_a,6303f964-98ef-47c6-bb2d-283aa393f918_67,0,primary,centre,0.626339004410838,
bbbc041,site_a,21c2a8aa-407c-4569-8212-96fcafa84138_52,0,primary,centre,0.7156943597834271,
bbbc041,site_a,fbcb2ef0-3c97-4d7a-8b96-0147c73f3941_34,0,primary,centre,0.5288750536711034,
bbbc041,site_a,c8af0297-ce1f-40ea-bf44-9256dcdae4e9_54,0,primary,centre,0.5743634259259259,
bbbc041,site_a,441d7843-b20b-4c10-84e3-e6d32621e880_68,0,primary,centre,0.5786092214663643,
bbbc041,site_a,ff3b9d4d-373c-48ef-a75a-d23e2c2ade87_60,0,primary,centre,0.5938119981105338,
bbbc041,site_a,4d8a4ce8-0f9c-4f21-8844-4cf0e5514bbf_82,0,primary,centre,0.5472393689986282,
bbbc041,site_a,33068c1a-48f7-470b-8e49-e2f0888042e9_33,0,primary,centre,0.44873353596757853,
bbbc041,site_a,a2de1248-7bc0-44dc-b508-70a357eedd68_34,0,primary,centre,0.7628982528263104,
bbbc041,site_a,005e60b6-77b8-458c-b57c-bfe0c7e7df78_14,0,primary,centre,0.3855885850178359,
bbbc041,site_a,e98ea067-82b5-4a0d-87bf-b4bbdc10ddab_72,0,primary,centre,0.5957750342935528,
bbbc041,site_a,3e33ee12-ef02-4287-8318-7ad3b284a617_37,0,primary,centre,0.6964596949891068,
bbbc041,site_a,7dfbfeaf-e3b1-4159-8dcd-d7f731280ac8_52,0,primary,centre,0.6437955254942768,
bbbc041,site_a,4fac16e1-8e62-499b-a66b-c4c890372914_45,0,primary,centre,0.6151704165738472,
bbbc041,site_a,6ad3efc9-4392-4cee-98a5-186564a96373_63,0,primary,centre,0.5176129032258064,
bbbc041,site_a,5ccca8ee-abea-458a-a891-bedd31c3ddc3_18,0,primary,centre,0.42989795918367346,
bbbc041,site_a,0da07970-3146-479c-8a07-f61ed32814a9_1,0,primary,centre,0.4116666666666667,
bbbc041,site_a,2d857091-efcd-41c0-ba3f-226de90445c4_72,0,primary,centre,0.8419157720891824,
bbbc041,site_a,985627c9-7b85-40de-a106-eb9cc47b47cb_88,0,primary,centre,0.5526,
bbbc041,site_a,c6530038-6d4e-49e1-8427-d1d3acc9fa21_61,0,primary,centre,0.7943364411823051,
bbbc041,site_a,c890ee00-daa5-4b20-9cd5-930748ecc4e0_67,0,primary,centre,0.4812202433433257,
bbbc041,site_a,eb5f4f2f-2275-4a80-84a5-78a1eaf4ce4d_3,0,primary,centre,0.38039325319168765,
bbbc041,site_a,9b3fd401-dab0-440f-8498-eb3cc9ffa970_1,0,primary,centre,0.5906111873190063,
bbbc041,site_a,c7c1b873-0548-4a73-9618-f60912e164df_122,0,primary,centre,0.6331588327021609,
bbbc041,site_a,f5869ba8-6253-426b-93f3-82af59a86144_29,0,primary,centre,0.5690356648199446,
bbbc041,site_a,21f001d6-f568-4ea4-82da-fab54c77c419_94,0,primary,centre,0.7104415173271524,
bbbc041,site_a,9edba799-e169-46cd-b100-c9f8fc7a8c7d_39,0,primary,centre,0.5087342416190853,
bbbc041,site_a,907650b5-edae-471d-bc54-a825be3d3fac_12,0,primary,centre,0.40231669453069024,
bbbc041,site_a,c890ee00-daa5-4b20-9cd5-930748ecc4e0_13,0,primary,centre,0.36504625430799925,
bbbc041,site_a,cecbf663-0751-4e7f-b298-770c88afc2c1_40,0,primary,centre,0.519200379266751,
bbbc041,site_a,dacf7e3f-1d8c-42a0-8539-3abe3971c956_19,0,primary,centre,0.5357415028196921,
bbbc041,site_a,ef1419e0-3a3a-458a-b3b2-7efddac50404_1,0,primary,centre,0.4553962746530314,
bbbc041,site_a,c691c8ef-d3c7-47b6-a941-f6a1089f21a9_89,0,primary,centre,0.3842720837180671,
bbbc041,site_a,1519257c-e3e5-4474-908f-8665b3cf1258_26,0,primary,centre,0.4133261105092091,
bbbc041,site_a,f232eec3-02c0-43f9-bf32-3e60245397e2_49,0,primary,centre,0.39116135662898255,
bbbc041,site_a,00a02700-2ea2-4590-9e15-ffc9160fd3de_16,0,primary,centre,0.4323262430564964,
bbbc041,site_a,21f001d6-f568-4ea4-82da-fab54c77c419_49,0,primary,centre,0.6526949713941584,
bbbc041,site_a,1976cd04-d24f-457c-b423-7e4cdb05de9e_55,0,primary,centre,0.7953251423434222,
bbbc041,site_a,877d5e7f-19b6-40e7-81bd-c92f25e72503_13,0,primary,centre,0.3942491075358208,
bbbc041,site_a,ef1a9020-5e45-450d-a237-165114308592_43,0,primary,centre,0.412824765063571,
bbbc041,site_a,2a6370b0-08f1-4c11-a639-265d4419c9a3_16,0,primary,centre,0.44800950683303625,
bbbc041,site_a,fe851c88-692d-4199-87e0-d19d9c4eb591_210,0,primary,centre,0.7950356718192628,
bbbc041,site_a,dce55b59-c6c3-4693-aa75-6b348c8f52cd_28,0,primary,centre,0.5435307708464608,
bbbc041,site_a,6ad3efc9-4392-4cee-98a5-186564a96373_10,0,primary,centre,0.40676100628930817,
bbbc041,site_a,21c2a8aa-407c-4569-8212-96fcafa84138_46,0,primary,centre,0.40288407029478457,
bbbc041,site_a,fe0c5e48-f65e-488c-9c3c-1ea7c7835c0c_38,0,primary,centre,0.5462990487514863,
bbbc041,site_a,6f67a66b-56ec-4c36-ae7c-f250d3b86a23_32,0,primary,centre,0.4,
bbbc041,site_a,9e74feb8-017d-4d53-8896-9ebda4327dd1_67,0,primary,centre,0.39935565205210816,
bbbc041,site_a,98175327-da9e-4e0c-8912-ee68490a4672_29,0,primary,centre,0.38715605965133376,
bbbc041,site_a,b666fcc2-d0b2-441e-bc5a-c660345eeb5d_23,0,primary,nearest,0.29757584555087824,
bbbc041,site_a,ac3358f1-ef9a-4ccc-b66c-da5e47e352e0_24,0,primary,centre,0.4970825115055884,
bbbc041,site_a,9ca20b10-e2fd-4bd2-93ef-78298f763ed5_47,0,primary,centre,0.7606928046335487,
bbbc041,site_a,4e43fc22-dc08-4cde-b3ce-ce8a4f377c47_12,0,primary,centre,0.4955152273675428,
bbbc041,site_a,c03d9b87-e19b-402b-ad86-b30d6e8aeb59_71,0,primary,nearest,0.5212270093222474,
bbbc041,site_a,393df10a-5d64-476b-88f5-14ac56d6ed60_31,0,primary,centre,0.4746376811594203,
bbbc041,site_a,1c90231b-2830-42d9-884e-7301edb16933_51,0,primary,centre,0.5632267441860465,
bbbc041,site_a,6294153c-6db3-4f2b-a8ff-9c087225e737_33,0,primary,centre,0.2669720799365125,
bbbc041,site_a,f4c00b8c-d675-4255-8277-ca65bd757f51_59,0,primary,centre,0.6599241466498104,
bbbc041,site_a,194aec70-41a5-4ac3-b22f-0b6eda91f730_33,0,primary,centre,0.47312932525951557,
bbbc041,site_a,8cca114a-ed05-4b87-95b7-fae02487f08c_70,0,primary,centre,0.6067778375470683,
bbbc041,site_a,2e8d6a43-0110-4bf4-8e70-20567e513b81_20,0,primary,centre,0.6655093158589662,
bbbc041,site_a,69569ecf-cfa1-4ddd-9342-b22c23387fdb_39,0,primary,centre,0.5014757969303424,
bbbc041,site_a,3b55c42f-ad59-422f-ba99-4f4f4ca9cb2e_110,0,primary,centre,0.5896621896621896,
bbbc041,site_a,79b3a64f-2fb9-46e0-85d4-2bdd59c2075e_0,0,primary,centre,0.4872787610619469,
bbbc041,site_a,a15e0fa8-2620-4f66-896e-175115c9dc3d_56,0,primary,centre,0.38873499538319484,
bbbc041,site_a,34df8890-272d-423a-ae78-ff8d068d3306_5,0,primary,centre,0.3824433883142298,
bbbc041,site_a,1dd3e6dd-343f-4cc9-b0ed-e4d27fb36f0a_64,0,primary,centre,0.6647854203409759,
bbbc041,site_a,a4fbb9f2-9b75-4fdc-877d-2feaafac25b3_87,0,primary,centre,0.5460364063417499,
bbbc041,site_a,ab59c9e4-3e50-48b9-874d-060d317410cc_21,0,primary,centre,0.39702409069437883,
bbbc041,site_a,a23f5539-bfe6-4885-9a0e-dba972475ea9_132,0,primary,centre,0.739458294859957,
bbbc041,site_a,637957ef-df75-4a7b-86d5-9f6e9c042ca2_41,0,primary,centre,0.48899944720840244,
bbbc041,site_a,1380f9b4-bf54-4492-90c3-743c7aa8898b_24,0,primary,centre,0.5229993698802773,
bbbc041,site_a,43158031-a335-4533-9c20-48bebba90123_82,0,primary,centre,0.5115087767229014,
bbbc041,site_a,0fa5b35d-6c44-4207-b6f8-d5b355086b5f_40,0,primary,centre,0.3832713913452091,
bbbc041,site_a,8e4bdd0d-1c72-4836-ae3e-05e2e50e4983_50,0,primary,centre,0.3838888888888889,
bbbc041,site_a,8eeb378e-90f0-47ea-ac1c-2a201eb8d090_65,0,primary,centre,0.6945974298452662,
bbbc041,site_a,b12ae3b1-613c-4c0e-9163-3c5cc314abf5_15,0,primary,centre,0.43063982349696633,
bbbc041,site_a,0d098413-6911-4535-b70a-3c3effd8cf49_32,0,primary,centre,0.6853298611111112,
bbbc041,site_a,3768c577-4e5e-4d70-8c4d-93d8aacd5baa_7,0,primary,centre,0.3067611882716049,
bbbc041,site_a,7ba9db7e-9d3f-413c-b672-2bba5fb5b415_41,0,primary,centre,0.44648162295221117,
bbbc041,site_a,81edcae1-65bf-4752-b0e4-494376b71e49_5,0,primary,centre,0.41912320483749055,
bbbc041,site_a,71881a39-a30c-40c7-8c4a-9f64c93e79d9_30,0,primary,centre,0.3528033908387864,
bbbc041,site_a,e5731221-814c-4894-a44e-e46b71460fa4_1,0,primary,centre,0.5473041068279163,
bbbc041,site_a,05804cf0-f854-4099-97c2-df287f7c8a8c_56,0,primary,centre,0.5609777777777778,
bbbc041,site_a,c17523c5-90a0-4a6b-9b33-2b4a6cf58d36_70,0,primary,centre,0.7238805970149254,
bbbc041,site_a,3850f2a5-ab62-49d3-8135-68d60baa676b_44,0,primary,centre,0.4208376332989336,
bbbc041,site_a,b9d65ef3-1adc-4479-abee-2e422f5a613a_64,0,primary,centre,0.5694444444444444,
bbbc041,site_a,b634137b-bc8b-4e88-b0e3-b536ad6e7e18_8,0,primary,centre,0.4012029405212742,
bbbc041,site_a,686ed568-d5f8-475e-81ad-edab9dd473a0_2,0,primary,centre,0.6420138888888889,
bbbc041,site_a,df3d98b9-3dd7-4107-8d4a-ae1b7f247793_104,0,primary,centre,0.5961499493414387,
bbbc041,site_a,c22f7031-9cf8-48ce-b03b-1b12d0db4951_61,0,primary,centre,0.6005113736554399,
bbbc041,site_a,bca27923-b270-45df-a0bf-3e1a7d135b2c_7,0,primary,centre,0.4984749455337691,
bbbc041,site_a,41ebf9a1-24dc-454e-8bf8-508218f5ee57_16,0,primary,centre,0.3842757441959835,
bbbc041,site_a,5f491efd-a21c-4a80-aaba-70b8876238ac_33,0,primary,centre,0.560006435006435,
bbbc041,site_a,e4827c85-311a-4df1-89c2-99dad0c3558c_37,0,primary,centre,0.4348111658456486,
bbbc041,site_a,f2574be3-81c6-4fc3-8a40-0230d1264f52_75,0,primary,centre,0.6021256147888518,
bbbc041,site_a,6274fe0d-0d71-40be-b61b-f0bd5b5df1e2_128,0,primary,centre,0.6765407986111112,
bbbc041,site_a,6231d81d-9e84-4a5a-8cb8-47c6a37a0176_192,0,primary,centre,0.608843537414966,
bbbc041,site_a,66183740-e1e5-43c9-8539-a87028bb3621_70,0,primary,centre,0.8226738080235245,
bbbc041,site_a,c66cb6b2-1480-446a-a9d2-b8032a3de0d7_54,0,primary,centre,0.5207563959955506,
bbbc041,site_a,f6ab936d-924b-4038-aa47-71b07c26b4e2_102,0,primary,centre,0.6772578089633319,
bbbc041,site_a,52767904-4cdc-4821-ba68-8cd0c28f9023_2,0,primary,centre,0.5145956779365632,
bbbc041,site_a,89f10192-d3dd-4996-a571-4c851dbdc983_70,0,primary,centre,0.6546639231824417,
bbbc041,site_a,68f34a9c-f73d-4238-8f55-4b05a8a2154c_2,0,primary,centre,0.4375,
bbbc041,site_a,73dd09d3-2bff-4b5e-b996-9da0b8b54a8f_19,0,primary,centre,0.48825620516726975,
bbbc041,site_a,f8242b97-b8d5-48b5-b808-0b0f75a5de97_12,0,primary,centre,0.5029417172274315,
bbbc041,site_a,bf20d04d-ff8a-4910-91d7-94054c267d1b_18,0,primary,centre,0.45740784969349574,
bbbc041,site_a,6c20abb2-c4bb-4de0-8774-03f4d30ce93d_0,0,primary,centre,0.4168301393290076,
bbbc041,site_a,2518f6e4-29cc-4ae4-a914-b215a4c56099_156,0,primary,centre,0.7979414951245937,
bbbc041,site_a,612bdd3c-da43-4321-a76b-c73c614928d1_16,0,primary,centre,0.4634901608230946,
bbbc041,site_a,d3dcdf92-9328-4796-adf4-918646877ba1_1,0,primary,centre,0.4871516296646197,
bbbc041,site_a,8ab5c462-045e-4b59-b53a-9b2bc3ed2487_57,0,primary,centre,0.3830283793876027,
bbbc041,site_a,2165fe38-b474-467d-be11-d1d728085efd_87,0,primary,centre,0.5204315886134068,
bbbc041,site_a,a6aa3b72-2970-4c78-b655-ea8dfe6e018c_74,0,primary,centre,0.6556919642857143,
bbbc041,site_a,a1ff36df-71df-4e6e-a65f-ced9a2b381c3_18,0,primary,centre,0.41819099988777914,
bbbc041,site_a,bbaa004f-05dc-4cb8-8768-e148085bb0f9_35,0,primary,centre,0.4511627906976744,
bbbc041,site_a,d75933ed-d26e-4d1f-bda3-96bc0d77fb36_20,0,primary,centre,0.5369110607205845,
bbbc041,site_a,477e541c-0519-4542-9b13-8ee7922644d3_7,0,primary,centre,0.557193636734456,
bbbc041,site_a,72105bb0-8e39-48be-b7f7-5b32f047b99e_1,0,primary,centre,0.40148885870932044,
bbbc041,site_a,191071ab-6515-428c-9f05-8e4309542b75_6,0,primary,centre,0.4916198096885813,
bbbc041,site_a,e3c1442a-717f-41dd-bf97-81e1233ac9fa_41,0,primary,centre,0.6213609467455621,
bbbc041,site_a,252071ac-e9f2-41d2-abbb-87ef01b8a997_34,0,primary,centre,0.5488258026159334,
bbbc041,site_a,07a96126-482e-4beb-b42a-0cb59e505372_35,0,primary,centre,0.4691987906273621,
bbbc041,site_a,030f3421-ed3f-4bf1-8f27-4d02590bffbc_44,0,primary,centre,0.6983495431771294,
bbbc041,site_a,89f10192-d3dd-4996-a571-4c851dbdc983_24,0,primary,centre,0.531404958677686,
bbbc041,site_a,b21f6c6e-4b45-407a-b4c7-034a115f3ee4_40,0,primary,centre,0.6827256944444444,
bbbc041,site_a,6144887d-a1c1-46db-91a1-f7ff5bf8c8a5_10,0,primary,centre,0.41638888888888886,
bbbc041,site_a,565513be-2c20-4ee3-94f3-093869515d3d_26,0,primary,centre,0.36590576171875,
bbbc041,site_a,c03d9b87-e19b-402b-ad86-b30d6e8aeb59_64,0,primary,centre,0.6915052160953801,
bbbc041,site_a,664c570b-4822-413c-9724-11b1d91fac44_3,0,primary,centre,0.4116940087735112,
bbbc041,site_a,2a02cec2-a09b-483a-ad38-14359a763fa4_39,0,primary,centre,0.6765432098765433,
bbbc041,site_a,b88fe674-fb9a-41d4-b100-cb1c86440d44_8,0,primary,centre,0.3860192837465565,
bbbc041,site_a,26799d2b-a289-4eff-9218-0aad77e05e41_28,0,primary,centre,0.4802201582387341,
bbbc041,site_a,ab27173b-6e30-4957-bd68-29194328fd39_93,0,primary,centre,0.725778038755138,
bbbc041,site_a,5f300fd1-7eec-41ac-bbd1-0f4a943c757c_8,0,primary,centre,0.4102387511478421,
bbbc041,site_a,c742ee2c-6814-46cd-af56-ae87bb9972f4_52,0,primary,centre,0.47859504132231406,
bbbc041,site_a,c5084fb8-2b62-464c-8a77-1a07ea653266_23,0,primary,centre,0.39061829111206525,
bbbc041,site_a,05ac7b2a-6a77-4464-926b-8570f7c01693_81,0,primary,centre,0.32440370238519045,
bbbc041,site_a,a6391703-0820-4913-a7cd-e843ff0d84ba_6,0,primary,centre,0.4345367982543146,
bbbc041,site_a,3b55c42f-ad59-422f-ba99-4f4f4ca9cb2e_125,0,primary,centre,0.5912278543307087,
bbbc041,site_a,34a70114-d3e3-4351-b8db-f6caab17e743_30,0,primary,centre,0.372763920382968,
bbbc041,site_a,4ab47131-c2ac-461f-b95c-ac19ce24edbd_93,0,primary,centre,0.7960109213753529,
bbbc041,site_a,07a80340-f65e-4f58-9317-94bb6ebd5a28_56,0,primary,centre,0.3810328185328185,
bbbc041,site_a,01b38a56-13eb-447b-89ee-fc21cb40dcc1_31,0,primary,centre,0.38851418369371155,
bbbc041,site_a,e9e78ff8-831b-46e9-9785-3eee9acbfcd8_125,0,primary,centre,0.7028712871287128,
bbbc041,site_a,3de03fa2-3ad3-43fc-8435-b2a80bdd7550_8,0,primary,centre,0.4496054340225752,
bbbc041,site_a,6294153c-6db3-4f2b-a8ff-9c087225e737_60,0,primary,centre,0.768138944313441,
bbbc041,site_a,7db1373d-5bbf-47e6-ab40-30cba7678745_5,0,primary,centre,0.44647216796875,
bbbc041,site_a,a30da226-b452-408a-a556-bfae4d521464_44,0,primary,centre,0.632824427480916,
bbbc041,site_a,5f742392-278d-461c-a848-08def2c28878_10,0,primary,centre,0.4475177304964539,
bbbc041,site_a,5f2b32bd-fdca-4d6f-b13a-ee9f83626c8d_60,0,primary,centre,0.5035392535392536,
bbbc041,site_a,76b24246-8571-4e7b-8815-b185414a2c51_20,0,primary,centre,0.4239732930209121,
bbbc041,site_a,14005767-9296-4b48-8a9d-bbe9b2040005_56,0,primary,centre,0.258916863362182,
bbbc041,site_a,f48bf825-13c4-42fc-8dd8-10cc4ae6b202_0,0,primary,centre,0.4208292322834646,
bbbc041,site_a,c17523c5-90a0-4a6b-9b33-2b4a6cf58d36_30,0,primary,centre,0.5086056644880175,
bbbc041,site_a,913099c5-8085-4908-bf4b-1f098bbfcf66_22,0,primary,centre,0.7205882352941176,
bbbc041,site_a,a11ed7d0-12f6-468f-abad-5cba7d968123_47,0,primary,centre,0.42449799196787147,
bbbc041,site_a,7c68c343-a7d3-4d26-b330-a5bb97ab8d9c_18,0,primary,centre,0.5076297616395634,
bbbc041,site_a,3006096f-ceeb-42be-b69e-785179d7438b_23,0,primary,centre,0.5674261858055429,
bbbc041,site_a,2ac343e4-c889-47c1-8fe2-461b626def76_37,0,primary,centre,0.6645634276786251,
bbbc041,site_a,91e93160-eb8d-4de0-b6bc-b98ec33d1663_25,0,primary,centre,0.3644014306753629,
bbbc041,site_a,32a1ea24-b6b7-4253-ad3e-bdf99c2c9b9d_43,0,primary,centre,0.6258109861591695,
bbbc041,site_a,0dcbf2c9-f959-4703-a72b-f6a81e66c2ea_38,0,primary,centre,0.5884272478293806,
bbbc041,site_a,c5084fb8-2b62-464c-8a77-1a07ea653266_14,0,primary,centre,0.4356388504155125,
bbbc041,site_a,9f38055f-4fe6-47fd-a6dd-c0743db4eccf_141,0,primary,centre,0.7711389385807991,
bbbc041,site_a,452ab003-ced5-40cb-82d1-5495d9e068b1_10,0,primary,centre,0.4117955333387084,
bbbc041,site_a,a74b6d6a-7e04-40ac-9292-d62f13f7ded3_5,0,primary,centre,0.3967741935483871,
bbbc041,site_a,edcb4d77-a4d3-465d-9b59-eb3087766b1c_54,0,primary,centre,0.8576467624086672,
bbbc041,site_a,f48bf825-13c4-42fc-8dd8-10cc4ae6b202_43,0,primary,centre,0.5429643527204503,
bbbc041,site_a,4849866a-73a2-4fcf-a407-2d0a25a09a89_20,0,primary,centre,0.4114583333333333,
bbbc041,site_a,03c8da48-04b9-4520-b674-44a0ecd35688_38,0,primary,centre,0.6021038044847569,
bbbc041,site_a,b87fb62d-2c36-4f68-aba9-37fcd7d46eef_62,0,primary,centre,0.43424817898022894,
bbbc041,site_a,261562a8-ffd8-4e0e-919b-22e267000b74_92,0,primary,centre,0.5513022474270112,
bbbc041,site_a,6dfafdf1-f588-4e80-8cf8-0126e1bf7af9_34,0,primary,centre,0.5050987704679214,
bbbc041,site_a,6274fe0d-0d71-40be-b61b-f0bd5b5df1e2_90,0,primary,centre,0.27408210269611166,
bbbc041,site_a,729a38d6-66db-48e5-a00d-7d90d224290f_24,0,primary,centre,0.3838519397022565,
bbbc041,site_a,9d819c89-4ea9-4e75-9b03-da87fa6c6f4d_4,0,primary,centre,0.4286694101508916,
bbbc041,site_a,d9c9479e-f1ea-4d6e-861f-843ff9a90d19_37,0,primary,centre,0.365958605664488,
bbbc041,site_a,2240b991-48f6-4c59-9b62-5a8b5e541fae_37,0,primary,centre,0.6349655511811023,
bbbc041,site_a,244ac6fa-8a92-4214-9cf4-ae0811d9ec7e_10,0,primary,centre,0.4666666666666667,
bbbc041,site_a,0a7bfa8a-ee52-4f7a-b9c5-2919ecfa93ef_43,0,primary,centre,0.5179340028694405,
bbbc041,site_a,de2b8835-552c-4f01-98b7-67bc4910062e_5,0,primary,centre,0.41612160852713176,
bbbc041,site_a,4d8a4ce8-0f9c-4f21-8844-4cf0e5514bbf_104,0,primary,centre,0.7266630537867498,
bbbc041,site_a,261562a8-ffd8-4e0e-919b-22e267000b74_89,0,primary,centre,0.6731799246181314,
bbbc041,site_a,0d7bf56f-3b5a-40bd-971c-2ca33dd89b2c_24,0,primary,centre,0.6915975677169707,
bbbc041,site_a,21cc498b-8cb2-42ed-8f80-bfa27b86ef11_46,0,primary,centre,0.6397534013605443,
bbbc041,site_a,7625dfc4-858a-4c8e-907c-8943d665e9a7_55,0,primary,centre,0.7334501667703093,
bbbc041,site_a,d0d3ae45-b434-4869-a518-427320ebe62d_13,0,primary,centre,0.45958143225550485,
bbbc041,site_a,09ecf7be-28e2-4531-b9e2-07e01c44097d_0,0,primary,centre,0.5580182529335072,
bbbc041,site_a,25ddc1ca-d368-4fff-b1ad-1dbf1e7c97aa_45,0,primary,centre,0.35497914021403953,
bbbc041,site_a,c956e531-6805-4fe1-b61c-8b96a9815a77_52,0,primary,centre,0.6078709677419355,
bbbc041,site_a,631340cc-cedf-4bca-a3d8-a0731a5482b4_51,0,primary,centre,0.6309595202398801,
bbbc041,site_a,dce55b59-c6c3-4693-aa75-6b348c8f52cd_11,0,primary,centre,0.597913062283737,
bbbc041,site_a,9ec1dcec-87c2-4aca-8e6b-0db3cd05509c_22,0,primary,centre,0.47053311120366514,
bbbc041,site_a,0546d843-d778-4aca-b8b5-bfe23d7c87da_19,0,primary,centre,0.40300826212838076,
bbbc041,site_a,0d7bf56f-3b5a-40bd-971c-2ca33dd89b2c_1,0,primary,centre,0.5535601764335224,
bbbc041,site_a,bc377041-e098-45c4-9651-2b1ea90d1d7e_1,0,primary,centre,0.4099707815924032,
bbbc041,site_a,8eeb378e-90f0-47ea-ac1c-2a201eb8d090_53,0,primary,centre,0.4,
bbbc041,site_a,df3d98b9-3dd7-4107-8d4a-ae1b7f247793_145,0,primary,centre,0.6716991881498362,
bbbc041,site_a,3317d733-ec0d-45e6-b631-40457392f343_31,0,primary,centre,0.5191336550331052,
bbbc041,site_a,21f001d6-f568-4ea4-82da-fab54c77c419_61,0,primary,centre,0.6769967246157722,
bbbc041,site_a,947348fe-4c70-468e-8009-3c14daeca69b_215,0,primary,nearest,0.38082298136645965,
bbbc041,site_a,ac8df764-c8d8-4312-916d-70bfb37574b4_27,0,primary,centre,0.39852607709750565,
bbbc041,site_a,6fd30823-3b77-40c9-ba5d-e1eda9660674_61,0,primary,centre,0.619370479947403,
bbbc041,site_a,6e7ed596-1b76-4998-8147-a846d53d91c5_14,0,primary,centre,0.4459919102776246,
bbbc041,site_a,04a567df-5463-4043-81f1-d726223c19a9_52,0,primary,centre,0.5426876633006144,
bbbc041,site_a,c3b07675-9d02-477c-91fe-f0737867049b_8,0,primary,centre,0.39204374737095127,
bbbc041,site_a,2f6224be-50d0-4e85-94ef-88315df561b6_64,0,primary,centre,0.5498236331569665,
bbbc041,site_a,d8f7e159-b7e3-49e4-86e8-aed8c5fbcd97_31,0,primary,centre,0.5204032413660042,
bbbc041,site_a,7bcd3735-3134-46d1-8ca2-d4379f2d51c0_54,0,primary,centre,0.6696048632218845,
bbbc041,site_a,6695a204-e39c-4418-b904-3f080fdbe7e8_10,0,primary,centre,0.5441674361341952,
bbbc041,site_a,05ac7b2a-6a77-4464-926b-8570f7c01693_8,0,primary,centre,0.503716301335349,
bbbc041,site_a,cbb58718-6319-48db-b84b-78ac9b12ff89_21,0,primary,centre,0.4775971792225662,
bbbc041,site_a,68e69cfb-1a07-48d2-8abe-46b46fe264ed_51,0,primary,centre,0.5515824279641002,
bbbc041,site_a,deeaa5b3-3895-4aec-a2ce-ed6404862cdf_3,0,primary,centre,0.4020962732919255,
bbbc041,site_a,e94a811d-3145-4313-ba42-2d5ed283179f_0,0,primary,centre,0.4592765748031496,
bbbc041,site_a,289ef1b7-02d5-42e9-a401-687688181306_31,0,primary,centre,0.41293845830707837,
bbbc041,site_a,eba73bff-fbe1-436d-9a5f-0a61331a0ea2_22,0,primary,centre,0.6216724537037037,
bbbc041,site_a,b3606d0e-6fe5-478a-bb4b-64d7c4889d86_9,0,primary,centre,0.4524793388429752,
bbbc041,site_a,9ca20b10-e2fd-4bd2-93ef-78298f763ed5_44,0,primary,centre,0.45822199383350465,
bbbc041,site_a,d8f7e159-b7e3-49e4-86e8-aed8c5fbcd97_42,0,primary,centre,0.6239672339524045,
bbbc041,site_a,66557580-fd38-4d4b-80d8-88611ecc78c6_31,0,primary,centre,0.5443833464257659,
bbbc041,site_a,df3d98b9-3dd7-4107-8d4a-ae1b7f247793_123,0,primary,centre,0.6841618003133457,
bbbc041,site_a,ab27173b-6e30-4957-bd68-29194328fd39_98,0,primary,centre,0.6930428846273196,
bbbc041,site_a,90171428-f208-428a-b40e-f57ee3bea457_14,0,primary,centre,0.5749415464000645,
bbbc041,site_a,9f959520-e15e-45c2-bc29-ef3c19154d1c_33,0,primary,centre,0.46705426356589147,
bbbc041,site_a,214f1d15-a081-476e-992d-6c3a77f03d59_69,0,primary,centre,0.4098019801980198,
bbbc041,site_a,90246988-0d6d-4bf8-8a76-94107de4121e_77,0,primary,centre,0.4120817245817246,
bbbc041,site_a,91e93160-eb8d-4de0-b6bc-b98ec33d1663_2,0,primary,centre,0.38870967741935486,
bbbc041,site_a,ec60ab26-3343-4c5f-9667-cdae999c7d86_12,0,primary,centre,0.6633014842858002,
bbbc041,site_a,f0713bee-2a71-4ced-b953-4041ea99496a_33,0,primary,centre,0.4942361111111111,
bbbc041,site_a,592c941a-aa54-4971-b499-dc47356f80a3_94,0,primary,centre,0.477531492248062,
bbbc041,site_a,b10ea12f-cd36-4f2c-994a-67d1665269ab_15,0,primary,centre,0.4632163663460236,
bbbc041,site_a,cd2774a0-dab2-4d68-aae9-7568b9f3d2a6_50,0,primary,centre,0.6962222222222222,
bbbc041,site_a,c54fcef1-0c51-4426-9a93-15ec5f2bf58a_29,0,primary,centre,0.6161725598345317,
bbbc041,site_a,6bfe6a90-8a69-4171-8e7f-42dc9417c6d9_49,0,primary,centre,0.4807825484764543,
bbbc041,site_a,49efc89d-9cba-44f7-8257-7f911b73f68a_27,0,primary,centre,0.3826279527559055,
bbbc041,site_a,36569710-a574-40be-ad42-897a6e74a128_55,0,primary,centre,0.6753212693417256,
bbbc041,site_a,a3c0a876-be12-4ede-8aed-18b32a64401b_19,0,primary,centre,0.37340345604808417,
bbbc041,site_a,7521ec48-57b5-48a8-a5d6-8280ad5da19c_6,0,primary,centre,0.4140888888888889,
bbbc041,site_a,6231d81d-9e84-4a5a-8cb8-47c6a37a0176_123,0,primary,centre,0.7265263341776574,
bbbc041,site_a,61575482-91e1-4db9-83c7-687b7ddbbfc4_29,0,primary,centre,0.44391957364341084,
bbbc041,site_a,cc94eabb-a3dc-4cfc-9fff-55c76b5b4a71_36,0,primary,centre,0.6195494186046512,
bbbc041,site_a,458cb2e9-5a7f-437c-ac5d-a56f98a3efdf_79,0,primary,centre,0.554244968679195,
bbbc041,site_a,dce55b59-c6c3-4693-aa75-6b348c8f52cd_54,0,primary,centre,0.4795533423872039,
bbbc041,site_a,1976cd04-d24f-457c-b423-7e4cdb05de9e_54,0,primary,centre,0.6812804218496484,
bbbc041,site_a,755e5bf8-e8e1-492b-a32f-f7d87cccaa40_40,0,primary,centre,0.5651555555555555,
bbbc041,site_a,8ad7ba46-5db8-4ba9-b3e0-3cac52f7efc3_41,0,primary,centre,0.5811804242806133,
bbbc041,site_a,c94a5851-b846-4fde-8c89-05bec3a8ac53_35,0,primary,centre,0.568798710024187,
bbbc041,site_a,e94a811d-3145-4313-ba42-2d5ed283179f_45,0,primary,centre,0.42088303465430493,
bbbc041,site_a,67582df6-bf13-4c83-a531-1214692b70de_56,0,primary,centre,0.4871111111111111,
bbbc041,site_a,8e4bdd0d-1c72-4836-ae3e-05e2e50e4983_66,0,primary,centre,0.34998688696564384,
bbbc041,site_a,29dc8176-dfe1-40e0-8247-2dc3c530057e_45,0,primary,centre,0.5104752403410121,
bbbc041,site_a,fe0c5e48-f65e-488c-9c3c-1ea7c7835c0c_49,0,primary,centre,0.36942296252230816,
bbbc041,site_a,d6352a03-ef81-421d-915e-226499555d20_18,0,primary,centre,0.5884122356425563,
bbbc041,site_a,8939e14b-fcdf-48b1-acb9-6514a2fc2fc0_51,0,primary,centre,0.6512224209898628,
bbbc041,site_a,672e4ecf-a56b-462e-b83b-76f4efaa6634_12,0,primary,centre,0.42290977798771845,
bbbc041,site_a,14efbfc8-39f6-4599-9994-a8cc95605b9c_3,0,primary,centre,0.3531398954139479,
bbbc041,site_a,815bf40c-371a-4d34-aa41-c549c8221881_37,0,primary,nearest,0.4363283036122542,
bbbc041,site_a,5a539312-6cfa-43e6-8d5d-db883f343ad9_18,0,primary,centre,0.35799319727891155,
bbbc041,site_a,3cdcb09b-6a8c-43ca-b1d0-c1a289202f65_11,0,primary,centre,0.3927774515560775,
bbbc041,site_a,31653d0f-c4e6-4e12-8005-518c2de34687_25,0,primary,centre,0.4327836373171727,
bbbc041,site_a,627d6331-7bb9-4d1a-b20d-e6541af4d0f9_54,0,primary,centre,0.6556971514242879,
bbbc041,site_a,8a7deb24-d2b4-4acf-86c4-3aadd39157fa_44,0,primary,centre,0.56298828125,
bbbc041,site_a,a85cd1ae-0c94-4387-8305-84ab8d96d137_49,0,primary,centre,0.6187824394463668,
bbbc041,site_a,c03d9b87-e19b-402b-ad86-b30d6e8aeb59_57,0,primary,centre,0.6984212802768166,
bbbc041,site_a,f2a8a483-b254-43aa-817f-7d525adb8911_7,0,primary,centre,0.46077881270340026,
bbbc041,site_a,105af41b-13cc-4ad1-8a1f-8bc4d47cdd94_46,0,primary,centre,0.4615905703834169,
bbbc041,site_a,2165fe38-b474-467d-be11-d1d728085efd_12,0,primary,centre,0.5744039069232979,
bbbc041,site_a,25132962-ff5d-4737-995f-c54d8490539b_66,0,primary,centre,0.6617102457636629,
bbbc041,site_a,997eabd9-55bf-4683-83c4-4cee4673a4ef_13,0,primary,centre,0.6193777777777778,
bbbc041,site_a,46a03374-64c7-49ac-81c9-c3d62542bbf3_121,0,primary,centre,0.7761593341260404,
bbbc041,site_a,fcc2b245-f47f-447f-8527-275b0005677c_38,0,primary,centre,0.49729456749152295,
bbbc041,site_a,2559636b-f01a-4414-93da-210c3b12d153_10,0,primary,centre,0.4107160445188614,
bbbc041,site_a,fbc1f360-4382-48bb-a32e-3f5f2f9dbe57_2,0,primary,centre,0.3631198347107438,
bbbc041,site_a,eba73bff-fbe1-436d-9a5f-0a61331a0ea2_3,0,primary,centre,0.5274348422496571,
bbbc041,site_a,49efc89d-9cba-44f7-8257-7f911b73f68a_21,0,primary,centre,0.3507111111111111,
bbbc041,site_a,f5869ba8-6253-426b-93f3-82af59a86144_40,0,primary,centre,0.5870512373649355,
bbbc041,site_a,d75933ed-d26e-4d1f-bda3-96bc0d77fb36_51,0,primary,centre,0.2861965811965812,
bbbc041,site_a,2d857091-efcd-41c0-ba3f-226de90445c4_76,0,primary,centre,0.7170440695362115,
bbbc041,site_a,7d4d0646-26b5-46fa-ab25-452d986e887b_12,0,primary,centre,0.4024889729048519,
bbbc041,site_a,7bde7de1-889b-4218-b0e1-e2c04f6a7986_61,0,primary,centre,0.4916052318668252,
bbbc041,site_a,6e39fb0a-aa41-4b16-b783-7589e97bf289_45,0,primary,centre,0.529212580348944,
bbbc041,site_a,3dcd4f1b-ce43-4a34-b1ed-076bb42963b1_61,0,primary,centre,0.6207428503619319,
bbbc041,site_a,56551792-4aa1-4301-9f8f-8bfebcd20050_64,0,primary,centre,0.42667123086703507,
bbbc041,site_a,de81bf7a-7a56-437f-a068-4d9c3e01134c_49,0,primary,centre,0.16109366823652538,
bbbc041,site_a,07a80340-f65e-4f58-9317-94bb6ebd5a28_83,0,primary,centre,0.7026386312100598,
bbbc041,site_a,e3e9c2de-0a24-4c7e-8a69-3d3093d5bdab_14,0,primary,centre,0.37647977885944356,
bbbc041,site_a,03cbfcf2-8da6-462c-b30d-16d63357371f_51,0,primary,centre,0.5666843313902138,
bbbc041,site_a,deeaa5b3-3895-4aec-a2ce-ed6404862cdf_79,0,primary,centre,0.5091057256235828,
bbbc041,site_a,67582df6-bf13-4c83-a531-1214692b70de_10,0,primary,centre,0.4514879546528106,
bbbc041,site_a,a3ada657-de00-44db-b1e2-54ba17e39983_5,0,primary,centre,0.4374346462181945,
bbbc041,site_a,ad8731b7-0dae-4983-9dc6-dec31767d761_21,0,primary,centre,0.424930901050304,
bbbc041,site_a,58065a0c-d4c5-40fd-bcdc-037f61788482_8,0,primary,centre,0.4126139817629179,
bbbc041,site_a,7bcd3735-3134-46d1-8ca2-d4379f2d51c0_51,0,primary,centre,0.43220454236366107,
bbbc041,site_a,56551792-4aa1-4301-9f8f-8bfebcd20050_15,0,primary,centre,0.5295314671431408,
bbbc041,site_a,7e25ced3-5caf-47f8-ad0c-42946bd4468b_30,0,primary,centre,0.6105337742087861,
bbbc041,site_a,09bcedaa-e007-4692-a13f-ab02c3f872c4_19,0,primary,centre,0.3867330016583748,
bbbc041,site_a,d7581cb0-7a12-471d-a3d8-68dcea362213_9,0,primary,centre,0.434737923946557,
bbbc041,site_a,b78b88f0-154a-4b54-8aaf-85d37a42a0f9_29,0,primary,centre,0.5360782380013149,
bbbc041,site_a,6bfe6a90-8a69-4171-8e7f-42dc9417c6d9_80,0,primary,centre,0.46692419121197487,
bbbc041,site_a,f632981c-1330-4078-8a12-691beb2dab02_36,0,primary,centre,0.6212287237928263,
bbbc041,site_a,c5db0fc0-b96c-496e-90b4-f9fb1b85b28e_12,0,primary,centre,0.36423343966973165,
bbbc041,site_a,56077789-8580-41b4-89d6-deea227e5c60_83,0,primary,centre,0.5949612403100775,
bbbc041,site_a,44b4a765-104e-4182-8871-e933c83c91ef_51,0,primary,centre,0.4781941705018628,
bbbc041,site_a,fed6ba05-36a5-45dc-a4e1-9baa7de2c622_19,0,primary,centre,0.4153404822074995,
bbbc041,site_a,59dc7da9-35d1-421e-a61b-1e9637bfbfa1_5,0,primary,centre,0.4299816345270891,
bbbc041,site_a,686ed568-d5f8-475e-81ad-edab9dd473a0_121,0,primary,centre,0.649810366624526,
bbbc041,site_a,b4d22412-a495-43a9-bec0-73a2322f8dad_102,0,primary,centre,0.622665883734586,
bbbc041,site_a,90246988-0d6d-4bf8-8a76-94107de4121e_63,0,primary,centre,0.4653407142507226,
bbbc041,site_a,3d8fb5bf-3315-48fb-8ab1-802eafd550bc_82,0,primary,centre,0.8404345772319319,
bbbc041,site_a,01b38a56-13eb-447b-89ee-fc21cb40dcc1_70,0,primary,centre,0.6346700989025877,
bbbc041,site_a,fcc2b245-f47f-447f-8527-275b0005677c_21,0,primary,centre,0.40976331360946744,
bbbc041,site_a,8b494b40-cab5-49d3-893d-c805000fbe88_33,0,primary,centre,0.6029658850171671,
bbbc041,site_a,e3c1442a-717f-41dd-bf97-81e1233ac9fa_51,0,primary,centre,0.540678824721378,
bbbc041,site_a,cc882eae-a341-4783-bd19-8bdedf798538_9,0,primary,centre,0.5500276395798784,
bbbc041,site_a,bcaefb02-682a-41b9-acc7-e6cc010f5b30_15,0,primary,centre,0.33490803728898966,
bbbc041,site_a,61cd8c7d-394d-42d3-9ed4-e09559110bed_36,0,primary,centre,0.6482783486569317,
bbbc041,site_a,a72cd558-b7ac-4bf2-a344-2ce6c73a354e_38,0,primary,centre,0.4281935483870968,
bbbc041,site_a,bb795ddf-ce72-42d5-9006-124db4d5cf1c_34,0,primary,centre,0.6027095148078135,
bbbc041,site_a,deaa1931-5f97-45bf-8c00-be6ddeb37b9a_46,0,primary,centre,0.3865546218487395,
bbbc041,site_a,99a21c5c-f5a7-4c07-9cb6-5dda2d388f48_5,0,primary,centre,0.410078815380941,
bbbc041,site_a,c17523c5-90a0-4a6b-9b33-2b4a6cf58d36_59,0,primary,centre,0.6865248226950355,
bbbc041,site_a,34df8890-272d-423a-ae78-ff8d068d3306_81,0,primary,centre,0.366046629071627,
bbbc041,site_a,e61e6af2-7f8b-47b0-bbe7-acb2ed0299ab_16,0,primary,centre,0.6426873779814957,
bbbc041,site_a,565513be-2c20-4ee3-94f3-093869515d3d_33,0,primary,centre,0.34553482409913117,
bbbc041,site_a,66183740-e1e5-43c9-8539-a87028bb3621_24,0,primary,centre,0.599853515625,
bbbc041,site_a,adff132d-3af0-4cef-942c-58fc09729bee_77,0,primary,centre,0.6328267477203647,
bbbc041,site_a,51e86aa9-caa0-4297-94e8-34a57d7f7e36_38,0,primary,centre,0.33679189028026235,
bbbc041,site_a,390ad256-e1ed-476a-9f14-2dc34e0da632_28,0,primary,centre,0.40543151567196223,
bbbc041,site_a,dfac6c92-8f0f-429a-8caf-9b7732bf78da_34,0,primary,centre,0.4478857640124995,
bbbc041,site_a,dd090806-e4ac-4a78-b2ee-55a30626369c_48,0,primary,centre,0.4998975479816952,
bbbc041,site_a,4f62b14e-c6f4-4155-8f50-881558f83fae_1,0,primary,centre,0.3969807100922561,
bbbc041,site_a,c32b8bb8-c89d-4ae9-9c77-5b9356ca35a1_30,0,primary,centre,0.5781700816665851,
bbbc041,site_a,345cb914-7583-49df-96e3-3cf19c2ba8f1_26,0,primary,centre,0.4586510263929619,
bbbc041,site_a,f3bd0fcc-647d-4ca0-8c43-a16bd6ea3878_10,0,primary,centre,0.4096303297626549,
bbbc041,site_a,b4c52960-bbee-439e-83dc-f89ddaade71b_31,0,primary,centre,0.6294533677044087,
bbbc041,site_a,6b5ed184-cb15-4d54-93bb-9a3ca00184a1_11,0,primary,centre,0.3747419778570088,
bbbc041,site_a,fbc1f360-4382-48bb-a32e-3f5f2f9dbe57_21,0,primary,centre,0.4454320987654321,
bbbc041,site_a,ac3358f1-ef9a-4ccc-b66c-da5e47e352e0_42,0,primary,centre,0.5782405311604044,
bbbc041,site_a,33068c1a-48f7-470b-8e49-e2f0888042e9_6,0,primary,centre,0.47656144153908686,
bbbc041,site_a,5e042380-6ef2-496f-8231-0ca550fbfa71_25,0,primary,centre,0.3355102040816327,
bbbc041,site_a,b701b5c5-b922-4315-b12a-aac4ec65ee8b_85,0,primary,centre,0.4806944444444444,
bbbc041,site_a,0ca25c88-457f-4f03-bbc1-98fb6663f1d1_20,0,primary,centre,0.7337598425196851,
bbbc041,site_a,44b4a765-104e-4182-8871-e933c83c91ef_34,0,primary,centre,0.4101316026681089,
bbbc041,site_a,fe1ee954-ba71-47b3-954a-d20ab940cd7b_30,0,primary,centre,0.7396987534626038,
bbbc041,site_a,eaf4b781-b3aa-41ce-8c5e-287979b4e15a_167,0,primary,centre,0.6535857186826716,
bbbc041,site_a,5f300fd1-7eec-41ac-bbd1-0f4a943c757c_19,0,primary,centre,0.42545953360768174,
bbbc041,site_a,9bd40bc6-4949-42d3-b38f-d60422932f65_20,0,primary,centre,0.3890811226451365,
bbbc041,site_a,f0713bee-2a71-4ced-b953-4041ea99496a_11,0,primary,centre,0.4145880574452003,
bbbc041,site_a,1c90231b-2830-42d9-884e-7301edb16933_4,0,primary,centre,0.39057172829792813,
bbbc041,site_a,b78b88f0-154a-4b54-8aaf-85d37a42a0f9_9,0,primary,centre,0.7320691434468525,
bbbc041,site_a,d8f7e159-b7e3-49e4-86e8-aed8c5fbcd97_94,0,primary,centre,0.5890900178565176,
bbbc041,site_a,4823c1fe-a7f9-4b92-959f-0d9be09cd14b_30,0,primary,centre,0.5693499622071051,
bbbc041,site_a,c5db0fc0-b96c-496e-90b4-f9fb1b85b28e_42,0,primary,centre,0.3403785756726933,
bbbc041,site_a,4184a235-d209-4151-86e9-6c77e7938dab_6,0,primary,centre,0.43093333333333333,
bbbc041,site_a,ff1b23d0-3cef-459b-b81f-39bfcdb6526f_26,0,primary,centre,0.5084515800780146,
bbbc041,site_a,45f18ac0-f097-4b20-a99d-8837cf488822_0,0,primary,centre,0.5227355734112491,
bbbc041,site_a,834a30bb-26bf-4e60-9ea1-3250b926892e_29,0,primary,centre,0.5094674556213018,
bbbc041,site_a,2c1eaf87-3fd3-4803-92b8-23bab40bf28c_15,0,primary,centre,0.4652061225487799,
bbbc041,site_a,46a03374-64c7-49ac-81c9-c3d62542bbf3_161,0,primary,centre,0.6171709582678778,
bbbc041,site_a,e16c0dab-780d-4035-872e-1bb91e49f9d2_48,0,primary,centre,0.6262024115973446,
bbbc041,site_a,fbc1f360-4382-48bb-a32e-3f5f2f9dbe57_38,0,primary,centre,0.5094650205761316,
bbbc041,site_a,aa2dfa24-2dc3-4279-a232-f84780ace190_47,0,primary,centre,0.7923668639053254,
bbbc041,site_a,b2103776-9b32-4160-b4f0-0692deda19dc_9,0,primary,centre,0.45909569882172624,
bbbc041,site_a,109fbb82-bc3c-41ac-984d-e2da86202873_24,0,primary,centre,0.387696219864052,
bbbc041,site_a,6ba5d0b8-cdc7-4266-9d78-db76faa312e9_53,0,primary,centre,0.6124852071005917,
bbbc041,site_a,b87fb62d-2c36-4f68-aba9-37fcd7d46eef_10,0,primary,centre,0.4086851501785339,
bbbc041,site_a,30948737-0d0d-4b68-b9ab-50577e0fe026_33,0,primary,centre,0.3704474987273821,
bbbc041,site_a,7d4c2160-317f-48d1-a60a-788ec300b3e8_12,0,primary,centre,0.4674481362793051,
bbbc041,site_a,81c3c8f0-d5a9-4dda-afd5-e86f6afd9424_91,0,primary,centre,0.5936213991769548,
bbbc041,site_a,4823c1fe-a7f9-4b92-959f-0d9be09cd14b_87,0,primary,centre,0.6529815051020408,
bbbc041,site_a,716273ea-19c4-49af-8604-df587b295eca_0,0,primary,centre,0.38821373456790126,
bbbc041,site_a,c680004e-6ee2-43d7-877c-edc9b5ebeecc_28,0,primary,centre,0.6653540008378718,
bbbc041,site_a,9e74feb8-017d-4d53-8896-9ebda4327dd1_60,0,primary,centre,0.47698662470495673,
bbbc041,site_a,c35ee701-fde2-46b5-b178-1fe3f1ea7da2_71,0,primary,centre,0.5068027210884354,
bbbc041,site_a,67acd5bc-4658-4c6e-a9b9-cd8ea3a03418_32,0,primary,centre,0.520928387224757,
bbbc041,site_a,5e2cea49-0823-49d1-83cf-8fd1559cdd93_8,0,primary,centre,0.42835820895522386,
bbbc041,site_a,04c07425-57c7-415c-a0bc-36857bbd4049_10,0,primary,centre,0.38590506604732183,
bbbc041,site_a,3dcd4f1b-ce43-4a34-b1ed-076bb42963b1_44,0,primary,centre,0.48393653291371624,
bbbc041,site_a,861c3e06-aada-47a0-99ae-94fbc2772cc0_28,0,primary,centre,0.4219896845863916,
bbbc041,site_a,ccb4b13d-ab20-4222-892f-5adf70249aaa_11,0,primary,centre,0.38747474747474747,
bbbc041,site_a,61cd8c7d-394d-42d3-9ed4-e09559110bed_24,0,primary,centre,0.3734392168614524,
bbbc041,site_a,694222bb-cddf-469a-9526-f873c6fba58e_122,0,primary,centre,0.6466266866566717,
bbbc041,site_a,14b68d86-ac7f-419d-b4a5-6b0b1d9aaa18_37,0,primary,centre,0.6280549256739733,
bbbc041,site_a,eb77e4a9-acb0-4d83-8055-2c5fcaa54b45_178,0,primary,centre,0.7870673693206096,
bbbc041,site_a,99e979d4-ee97-4d7f-9da6-00bead40db4d_45,0,primary,centre,0.29425902412479593,
bbbc041,site_a,6231d81d-9e84-4a5a-8cb8-47c6a37a0176_55,0,primary,centre,0.5843522372528616,
bbbc041,site_a,00d04a90-80e5-4bce-9511-1b64eabb7a47_61,0,primary,centre,0.35112036771042804,
bbbc041,site_a,a89cace5-c818-4f23-a432-052b3433b81e_36,0,primary,centre,0.5440277777777778,
bbbc041,site_a,5a631871-2fc7-4a68-9c39-f3b9a0bf4a04_69,0,primary,centre,0.5754166073208945,
bbbc041,site_a,161978c3-3a05-47a5-9fee-be7d25693eae_43,0,primary,centre,0.49251209136996676,
bbbc041,site_a,ac3358f1-ef9a-4ccc-b66c-da5e47e352e0_64,0,primary,centre,0.7867864173228346,
bbbc041,site_a,c5084fb8-2b62-464c-8a77-1a07ea653266_62,0,primary,centre,0.5659445449655239,
bbbc041,site_a,9acf303a-fcba-4e52-be3e-8d061aa5e72a_35,0,primary,centre,0.35634041243459524,
bbbc041,site_a,9dc6ed5d-6698-48cf-aab3-fd156673729c_26,0,primary,centre,0.4047107930828861,
bbbc041,site_a,21c2a8aa-407c-4569-8212-96fcafa84138_3,0,primary,centre,0.39581586059081164,
bbbc041,site_a,2d0f600d-f94e-4907-b712-52fb37d9ed52_12,0,primary,centre,0.6131564400221117,
bbbc041,site_a,58ced55c-bf0d-4204-b6b2-4f8992d92779_22,0,primary,centre,0.40524193548387094,
bbbc041,site_a,397f37bc-a3a4-4257-9430-c8fc5716f8b1_42,0,primary,centre,0.41242283950617287,
bbbc041,site_a,4d8a4ce8-0f9c-4f21-8844-4cf0e5514bbf_46,0,primary,centre,0.42573169513535114,
bbbc041,site_a,a3ada657-de00-44db-b1e2-54ba17e39983_30,0,primary,centre,0.4546254594398716,
bbbc041,site_a,59dc7da9-35d1-421e-a61b-1e9637bfbfa1_52,0,primary,centre,0.4531296795447739,
bbbc041,site_a,9edba799-e169-46cd-b100-c9f8fc7a8c7d_11,0,primary,centre,0.4003597122302158,
bbbc041,site_a,664c570b-4822-413c-9724-11b1d91fac44_8,0,primary,centre,0.5027598355842631,
bbbc041,site_a,370277f8-436b-4103-8210-b4feb5ab95ea_98,0,primary,centre,0.6261346700989026,
bbbc041,site_a,b4261fa5-876d-48ea-b6da-ec7ca5b48fe2_9,0,primary,centre,0.43427645151783084,
bbbc041,site_a,5c037ffc-f515-48b3-b231-c110fbd2b8ca_71,0,primary,centre,0.483364699556392,
bbbc041,site_a,25c6cfb1-01d0-4864-87f9-02b7593683c7_67,0,primary,centre,0.37534626038781166,
bbbc041,site_a,4d0a1598-e4dd-45c4-8a90-dd7c780fe1da_26,0,primary,centre,0.46598639455782315,
bbbc041,site_a,2d0f600d-f94e-4907-b712-52fb37d9ed52_6,0,primary,centre,0.4452003023431595,
bbbc041,site_a,755e5bf8-e8e1-492b-a32f-f7d87cccaa40_14,0,primary,centre,0.30538522012578617,
bbbc041,site_a,f25a2ac8-cb6e-4e05-a0cd-cc00ac47718a_39,0,primary,centre,0.42800401753104456,
bbbc041,site_a,29648565-fe28-4517-ba72-68df0c82c9c5_22,0,primary,centre,0.5599173553719008,
bbbc041,site_a,801296d9-3403-426f-859e-5c532858e025_7,0,primary,centre,0.4138695987654321,
bbbc041,site_a,452482bc-24a3-413e-ba03-fad4c9d61f3c_18,0,primary,centre,0.5544020217198279,
bbbc041,site_a,79d7a014-21ff-40f1-9ac4-a69839390654_146,0,primary,centre,0.618298123053615,
bbbc041,site_a,4823c1fe-a7f9-4b92-959f-0d9be09cd14b_133,0,primary,centre,0.6507069189263028,
bbbc041,site_a,d67655e6-0a80-4a86-b552-1f5e85788377_24,0,primary,centre,0.4479115479115479,
bbbc041,site_a,e94a811d-3145-4313-ba42-2d5ed283179f_81,0,primary,centre,0.5460455037919827,
bbbc041,site_a,a4409217-be11-4478-90a5-b406057d154d_54,0,primary,centre,0.33930211202938476,
bbbc041,site_a,b4261fa5-876d-48ea-b6da-ec7ca5b48fe2_62,0,primary,centre,0.6395964439116971,
bbbc041,site_a,5e2cea49-0823-49d1-83cf-8fd1559cdd93_38,0,primary,centre,0.6106,
bbbc041,site_a,bd432159-5956-457c-bdeb-1b5e702ba513_18,0,primary,centre,0.5428544983339504,
bbbc041,site_a,205306da-0ed8-475a-ace6-f2f81d4be88a_158,0,primary,centre,0.5717352415026834,
bbbc041,site_a,5e042380-6ef2-496f-8231-0ca550fbfa71_85,0,primary,centre,0.5672938810686584,
bbbc041,site_a,191f87a4-6f2d-49e7-bba0-08e3aa78ddaf_51,0,primary,centre,0.5086897571798348,
bbbc041,site_a,b4c52960-bbee-439e-83dc-f89ddaade71b_26,0,primary,centre,0.321301775147929,
bbbc041,site_a,00c8364b-8c85-4502-bcfe-64736fe76815_32,0,primary,centre,0.42745638200183655,
bbbc041,site_a,9ca20b10-e2fd-4bd2-93ef-78298f763ed5_21,0,primary,centre,0.4907612456747405,
bbbc041,site_a,14005767-9296-4b48-8a9d-bbe9b2040005_30,0,primary,centre,0.36571706841977114,
bbbc041,site_a,0a7bfa8a-ee52-4f7a-b9c5-2919ecfa93ef_28,0,primary,centre,0.3661094224924012,
bbbc041,site_a,0b923ab7-ebff-4079-a4bb-af7da89f374e_36,0,primary,centre,0.4584174726325858,
bbbc041,site_a,664c570b-4822-413c-9724-11b1d91fac44_25,0,primary,centre,0.457796423933673,
bbbc041,site_a,a85cd1ae-0c94-4387-8305-84ab8d96d137_11,0,primary,centre,0.40233144297416507,
bbbc041,site_a,67f5ca94-d84e-490e-bf0d-4ffba7bdbe30_7,0,primary,centre,0.37364969135802467,
bbbc041,site_a,674b0fd3-f247-4b7f-97f7-3e6c57c9ba9e_81,0,primary,centre,0.6371191135734072,
bbbc041,site_a,f28e6d66-af71-40c1-b30c-da71d7230a3f_24,0,primary,centre,0.5752908587257618,
bbbc041,site_a,a2754679-68b0-40f4-be01-bafad5ac1261_50,0,primary,centre,0.4719650205761317,
bbbc041,site_a,a0eeeb10-d0cb-48d9-8c22-2c3a3c908d00_19,0,primary,centre,0.5298063297118564,
bbbc041,site_a,a4fbb9f2-9b75-4fdc-877d-2feaafac25b3_54,0,primary,centre,0.4783320735701688,
bbbc041,site_a,8e078333-8fa0-45be-a46e-fa05708cb365_14,0,primary,centre,0.5178609062170706,
bbbc041,site_a,1519257c-e3e5-4474-908f-8665b3cf1258_3,0,primary,centre,0.41199557766721945,
bbbc041,site_a,a72cd558-b7ac-4bf2-a344-2ce6c73a354e_1,0,primary,centre,0.4042063020214031,
bbbc041,site_a,0a7bfa8a-ee52-4f7a-b9c5-2919ecfa93ef_98,0,primary,centre,0.5330598455598455,
bbbc041,site_a,7d9c1422-6332-44e9-b134-3ac94f07b0f0_42,0,primary,centre,0.5136412882891757,
bbbc041,site_a,877d5e7f-19b6-40e7-81bd-c92f25e72503_32,0,primary,centre,0.4509765625,
bbbc041,site_a,4c7d2382-a962-4237-a053-955eea3decd8_3,0,primary,centre,0.41499897547981696,
bbbc041,site_a,05717db9-f1ef-4101-a9f7-7a007e83b1c9_20,0,primary,centre,0.4072840790842872,
bbbc041,site_a,d3dcdf92-9328-4796-adf4-918646877ba1_30,0,primary,centre,0.5598613016308489,
bbbc041,site_a,5a386082-397f-4524-a6f9-c2b8efe5014d_41,0,primary,centre,0.3635781109829553,
bbbc041,site_a,baa87bf8-786c-444c-81e8-9fa0a41d8149_15,0,primary,centre,0.38699360341151384,
bbbc041,site_a,a63ce82f-f3d1-4818-9035-d3d230e5f686_7,0,primary,centre,0.5544503389330976,
bbbc041,site_a,e3e9c2de-0a24-4c7e-8a69-3d3093d5bdab_59,0,primary,centre,0.389686871588624,
bbbc041,site_a,21c2a8aa-407c-4569-8212-96fcafa84138_43,0,primary,centre,0.505108631826189,
bbbc041,site_a,04628a94-b674-469b-aff6-b476b70df87d_11,0,primary,centre,0.4683967112024666,
bbbc041,site_a,9f38055f-4fe6-47fd-a6dd-c0743db4eccf_39,0,primary,centre,0.566531370727175,
bbbc041,site_a,715761a2-745e-4743-9849-956a034ad3c4_53,0,primary,centre,0.3968253968253968,
bbbc041,site_a,c5084fb8-2b62-464c-8a77-1a07ea653266_27,0,primary,centre,0.3665294924554184,
bbbc041,site_a,d3dcdf92-9328-4796-adf4-918646877ba1_63,0,primary,centre,0.5919649870946022,
bbbc041,site_a,07d15855-eb9b-46a9-b894-7cfe4d097826_58,0,primary,centre,0.5400748534708001,
bbbc041,site_a,f09acb0c-b270-4e91-99f8-410adfa7f34a_27,0,primary,centre,0.44458333333333333,
bbbc041,site_a,711f6b3f-cd63-46d1-834a-bc8e9aa9b43e_112,0,primary,centre,0.7096792158609936,
bbbc041,site_a,d82c657e-5678-41da-9a6e-3ad29430b759_11,0,primary,centre,0.5015149814835597,
bbbc041,site_a,6fd30823-3b77-40c9-ba5d-e1eda9660674_42,0,primary,centre,0.5782696759259259,
bbbc041,site_a,1c87b997-a8e6-48ca-bf40-19b9a7fd6a96_28,0,primary,centre,0.5064498790647676,
bbbc041,site_a,0901f9d1-be4f-4c19-8e83-dd724dded9f5_18,0,primary,centre,0.6505917435467338,
bbbc041,site_a,64113b22-03b1-4ab8-89ab-b2f32154fbbd_79,0,primary,centre,0.6002723867892408,
bbbc041,site_a,cb08956d-dd6a-4e13-817b-40a0a93068f1_20,0,primary,centre,0.758273381294964,
bbbc041,site_a,d5009906-bce1-4353-90b4-f4c79362f4cf_10,0,primary,centre,0.4454471249773263,
bbbc041,site_a,eeb06e39-482b-443d-8cf6-b9b5c763df78_7,0,primary,centre,0.4586202938475666,
bbbc041,site_a,d6352a03-ef81-421d-915e-226499555d20_49,0,primary,centre,0.4029873494894071,
bbbc041,site_a,533c47c9-02a6-419b-961b-81797f022f6c_29,0,primary,centre,0.5861522691268288,
bbbc041,site_a,640c4a52-3742-4f57-aee3-9e3dc0887622_53,0,primary,centre,0.5363614744351962,
bbbc041,site_a,3d8fb5bf-3315-48fb-8ab1-802eafd550bc_6,0,primary,centre,0.3853649567935282,
bbbc041,site_a,f4c00b8c-d675-4255-8277-ca65bd757f51_61,0,primary,centre,0.4724073302790504,
bbbc041,site_a,b701b5c5-b922-4315-b12a-aac4ec65ee8b_57,0,primary,centre,0.5779320987654321,
bbbc041,site_a,419309ef-da3f-4424-93cf-01ff4c52b017_20,0,primary,centre,0.43015088449531735,
bbbc041,site_a,a4fbb9f2-9b75-4fdc-877d-2feaafac25b3_1,0,primary,centre,0.4532383767804354,
bbbc041,site_a,3cdcb09b-6a8c-43ca-b1d0-c1a289202f65_57,0,primary,centre,0.7163387000596303,
bbbc041,site_a,d1144956-5a0c-4bd2-b67d-8498c82d6a12_33,0,primary,centre,0.3052809573361082,
bbbc041,site_a,6f67a66b-56ec-4c36-ae7c-f250d3b86a23_9,0,primary,centre,0.4126748971193416,
bbbc041,site_a,a63ce82f-f3d1-4818-9035-d3d230e5f686_80,0,primary,centre,0.3657,
bbbc041,site_a,9258fe22-6406-4d00-b6f0-3f9492925405_13,0,primary,centre,0.41877211238293444,
bbbc041,site_a,766d5547-8dd2-4c8d-b78e-3007f83932e8_37,0,primary,centre,0.4596210696049449,
bbbc041,site_a,c7045ab6-230e-4c1e-a8e0-f624d41a00d9_17,0,primary,centre,0.4142122222850359,
bbbc041,site_a,711f6b3f-cd63-46d1-834a-bc8e9aa9b43e_135,0,primary,centre,0.6070154577883472,
bbbc041,site_a,8b494b40-cab5-49d3-893d-c805000fbe88_28,0,primary,centre,0.4287190082644628,
bbbc041,site_a,7e25ced3-5caf-47f8-ad0c-42946bd4468b_56,0,primary,centre,0.6095878794731189,
bbbc041,site_a,95fea6d8-413f-421e-b331-5d51c31df150_6,0,primary,centre,0.4344036245444696,
bbbc041,site_a,9e793460-d94c-47ac-b3a7-0d6ad86357da_15,0,primary,centre,0.610421144813311,
bbbc041,site_a,770b8ca4-8377-479b-9ad5-5455ec3b44f8_71,0,primary,centre,0.6333849329205367,
bbbc041,site_a,5f2b32bd-fdca-4d6f-b13a-ee9f83626c8d_61,0,primary,centre,0.4422897507663601,
bbbc041,site_a,340a1727-0df7-4e6f-9c0e-9c5deddbfca2_17,0,primary,centre,0.5411128744296767,
bbbc041,site_a,a1669b59-fe09-4fe6-ba9f-06bec6725502_68,0,primary,centre,0.7394868827160493,
bbbc041,site_a,db0a1123-0b35-48d7-8337-3b1ebd6af0cc_18,0,primary,centre,0.7259504305818105,
bbbc041,site_a,0da07970-3146-479c-8a07-f61ed32814a9_9,0,primary,centre,0.4526337006181134,
bbbc041,site_a,4f62b14e-c6f4-4155-8f50-881558f83fae_68,0,primary,centre,0.43185729932717887,
bbbc041,site_a,fe1ee954-ba71-47b3-954a-d20ab940cd7b_52,0,primary,centre,0.40672707574116024,
bbbc041,site_a,984caf56-f400-4a29-be97-a4d6b9d1468d_27,0,primary,centre,0.47762224593559727,
bbbc041,site_a,a2754679-68b0-40f4-be01-bafad5ac1261_73,0,primary,centre,0.4833378124160172,
bbbc041,site_a,9b3fd401-dab0-440f-8498-eb3cc9ffa970_26,0,primary,centre,0.5323986557445914,
bbbc041,site_a,ffb7be9a-65df-4f0b-99ae-cfd34e81cd34_2,0,primary,centre,0.4200300558179476,
bbbc041,site_a,c7ec51d5-9f45-4209-8357-39e9a984a733_51,0,primary,centre,0.5253720907002297,
bbbc041,site_a,1b7f47fc-26cd-4273-b848-88a7cbfd9f85_68,0,primary,centre,0.7368214004720692,
bbbc041,site_a,52767904-4cdc-4821-ba68-8cd0c28f9023_14,0,primary,centre,0.43764444444444445,
bbbc041,site_a,040112be-3c8d-49aa-93f1-522f94a592ff_15,0,primary,centre,0.3459022038567493,
bbbc041,site_a,f1f9df6d-c4cb-4b42-9ca2-8fb47b1b0e91_7,0,primary,centre,0.43114543114543114,
bbbc041,site_a,51e86aa9-caa0-4297-94e8-34a57d7f7e36_1,0,primary,centre,0.41575274177467597,
bbbc041,site_a,8190ec37-9a5e-419f-89ed-fbfb079370db_42,0,primary,centre,0.5128555012927319,
bbbc041,site_a,1e86933d-6a5a-4a3c-a0f2-ca22afd767b3_19,0,primary,centre,0.5981884357680536,
bbbc041,site_a,f0713bee-2a71-4ced-b953-4041ea99496a_37,0,primary,centre,0.32902330338227775,
bbbc041,site_a,bb137718-20ba-457d-8ffe-4f9420ecaab6_4,0,primary,centre,0.3721043450038541,
bbbc041,site_a,b1145408-feae-4637-b4cf-3e70b99cc62d_28,0,primary,centre,0.6037948065920093,
bbbc041,site_a,c415532c-4cce-4580-9fcd-623c172a1abd_28,0,primary,centre,0.4882205513784461,
bbbc041,site_a,45ac9409-5537-44ed-90cd-5c8a1ae0e1e0_19,0,primary,centre,0.3924375743162901,
bbbc041,site_a,b10ea12f-cd36-4f2c-994a-67d1665269ab_135,0,primary,centre,0.6821527777777778,
bbbc041,site_a,81edcae1-65bf-4752-b0e4-494376b71e49_13,0,primary,centre,0.6272655977692576,
bbbc041,site_a,370277f8-436b-4103-8210-b4feb5ab95ea_2,0,primary,centre,0.4165016050816201,
bbbc041,site_a,46a2d369-4bea-4405-ac78-91bbe130b9a7_51,0,primary,centre,0.6310196195005945,
bbbc041,site_a,b2103776-9b32-4160-b4f0-0692deda19dc_46,0,primary,centre,0.35313463514902366,
bbbc041,site_a,e94a811d-3145-4313-ba42-2d5ed283179f_31,0,primary,centre,0.3614212108200945,
bbbc041,site_a,74261741-4d6e-4dba-8ad4-4fbdf919c30f_76,0,primary,centre,0.62510483645513,
bbbc041,site_a,a1c140f9-75d7-42a3-b767-4c01a118892b_51,0,primary,centre,0.580838689929599,
bbbc041,site_a,24418314-f7a4-49fc-a03e-ec597ca6796e_94,0,primary,centre,0.5350694444444445,
bbbc041,site_a,035f6c4b-0897-46ab-9c3b-5f3b0feff043_10,0,primary,centre,0.48428147477491074,
bbbc041,site_a,0ed416f9-7c20-4829-9016-559e4009568e_1,0,primary,centre,0.6570757486788021,
bbbc041,site_a,6afd8203-d61a-4e9b-a4cf-dcb53a16b57c_21,0,primary,centre,0.42985611510791366,
bbbc041,site_a,b3058064-d817-47dd-a8c4-cdb1f62374f8_79,0,primary,centre,0.3929036458333333,
bbbc041,site_a,d1617cf7-eb56-42ee-85af-66c4748753c0_24,0,primary,centre,0.29767428700769577,
bbbc041,site_a,b318889c-3c60-477c-b8f6-d18cb01a59df_51,0,primary,centre,0.5477672444061413,
bbbc041,site_a,e94a811d-3145-4313-ba42-2d5ed283179f_42,0,primary,centre,0.4238709677419355,
bbbc041,site_a,4c13e22e-dfd1-4fa1-b373-be9d0c272c0f_21,0,primary,centre,0.5693047974719908,
bbbc041,site_a,5f66d20c-fbfe-44ec-a01b-8a09da24807e_3,0,primary,centre,0.4695912263210369,
bbbc041,site_a,32700bc7-7a86-49d3-aded-ccaaed4ddc5c_18,0,primary,centre,0.3515462265662554,
bbbc041,site_a,d6352a03-ef81-421d-915e-226499555d20_29,0,primary,centre,0.4797685001978631,
bbbc041,site_a,f0713bee-2a71-4ced-b953-4041ea99496a_53,0,primary,centre,0.5696637725074296,
bbbc041,site_a,8e0dfc1f-e3eb-4a3f-a1c4-249bdfbfaa27_30,0,primary,centre,0.5618768055167273,
bbbc041,site_a,3b601a1b-26d8-4873-afcf-fdd1b1e0010c_4,0,primary,centre,0.43981209630064594,
bbbc041,site_a,184b376b-03cb-4c2d-af51-fc1a62196293_0,0,primary,centre,0.46238709677419354,
bbbc041,site_a,a63fa2c7-3ec8-4bb7-bde6-a39e09d2f806_15,0,primary,centre,0.4334314404432133,
bbbc041,site_a,8bd71314-e38a-4670-bb25-5cd6c9acb595_18,0,primary,centre,0.6608717561098514,
bbbc041,site_a,f3d84be2-8af0-4d62-9f72-23d3dc08cbbe_63,0,primary,centre,0.5591115357057559,
bbbc041,site_a,13bab3c3-3f79-44d9-a287-0ae6d71eff31_17,0,primary,centre,0.5313080969898343,
bbbc041,site_a,c6575e75-c8ce-4766-841f-1137b9e0956c_38,0,primary,centre,0.6060606060606061,
bbbc041,site_a,b87fb62d-2c36-4f68-aba9-37fcd7d46eef_46,0,primary,centre,0.3394495412844037,
bbbc041,site_a,027ab174-e47a-44f8-b85b-372449eeb7d8_14,0,primary,centre,0.5111668975069252,
bbbc041,site_a,fbcb2ef0-3c97-4d7a-8b96-0147c73f3941_27,0,primary,centre,0.3605190311418685,
bbbc041,site_a,d79b4e90-c45d-4f5d-a498-49c3e323c291_52,0,primary,centre,0.5259310557094491,
bbbc041,site_a,5d1418d3-1559-4725-ad4a-9afb6eaecdfd_51,0,primary,centre,0.3106225775193798,
bbbc041,site_a,9e74feb8-017d-4d53-8896-9ebda4327dd1_5,0,primary,centre,0.6427311665406904,
bbbc041,site_a,c7045ab6-230e-4c1e-a8e0-f624d41a00d9_21,0,primary,centre,0.4124031007751938,
bbbc041,site_a,c5084fb8-2b62-464c-8a77-1a07ea653266_4,0,primary,centre,0.42458677685950413,
bbbc041,site_a,8490c623-3d88-4532-baf5-0d266a45b16f_34,0,primary,centre,0.32720324814903273,
bbbc041,site_a,b666fcc2-d0b2-441e-bc5a-c660345eeb5d_7,0,primary,centre,0.4481182451193985,
bbbc041,site_a,1976cd04-d24f-457c-b423-7e4cdb05de9e_89,0,primary,centre,0.7747374239911553,
bbbc041,site_a,8002cb71-0f25-4fa4-a46f-b49e5aeded0c_44,0,primary,centre,0.6133230545982223,
bbbc041,site_a,72088c26-d2dd-4906-b791-b8947fc7fbe4_86,0,primary,centre,0.46782496782496785,
bbbc041,site_a,2f6224be-50d0-4e85-94ef-88315df561b6_56,0,primary,centre,0.5080558539205156,
bbbc041,site_a,b4e5e08d-6427-46f3-aca8-a4df165a151d_47,0,primary,centre,0.4512258064516129,
bbbc041,site_a,8cca114a-ed05-4b87-95b7-fae02487f08c_130,0,primary,nearest,0.5829081632653061,
bbbc041,site_a,85a4d82e-cfb7-4983-b272-626c9e8c7583_18,0,primary,centre,0.5195224977043159,
bbbc041,site_a,b87fb62d-2c36-4f68-aba9-37fcd7d46eef_3,0,primary,centre,0.4056916884400819,
bbbc041,site_a,adff132d-3af0-4cef-942c-58fc09729bee_40,0,primary,centre,0.65969027045225,
bbbc041,site_a,8d02117d-6c71-4e47-b50a-6cc8d5eb1d55_66,0,primary,centre,0.788578003875969,
bbbc041,site_a,3850f2a5-ab62-49d3-8135-68d60baa676b_9,0,primary,centre,0.5510131712259372,
bbbc041,site_a,ebfd9f67-138e-49f0-9cef-a0352069eedb_13,0,primary,centre,0.464375,
bbbc041,site_a,d6352a03-ef81-421d-915e-226499555d20_23,0,primary,centre,0.4182152163697723,
bbbc041,site_a,a88a48b6-f85c-45c1-b42f-79716c8463f1_75,0,primary,centre,0.4809670781893004,
bbbc041,site_a,c54fcef1-0c51-4426-9a93-15ec5f2bf58a_37,0,primary,centre,0.5331922477166406,
bbbc041,site_a,8d02117d-6c71-4e47-b50a-6cc8d5eb1d55_52,0,primary,centre,0.6649085400067333,
bbbc041,site_a,c2ec116f-f091-422c-926c-70b548a8f6ef_135,0,primary,centre,0.7659280902524146,
bbbc041,site_a,4ce5a070-9ede-4bb1-9ca2-1bae5746776b_1,0,primary,centre,0.4390234375,
bbbc041,site_a,3b5a8060-dec6-4a83-b7f2-b604e4e69dfc_57,0,primary,centre,0.6410697887970616,
bbbc041,site_a,8190ec37-9a5e-419f-89ed-fbfb079370db_50,0,primary,centre,0.3697943226245113,
bbbc041,site_a,dcf7a19a-ec3d-44ef-8d7c-33b1e91fb9af_11,0,primary,centre,0.3224065885025762,
bbbc041,site_a,b4bde4e8-f48b-4ae2-be01-86d8c91d0af9_0,0,primary,centre,0.45799201848351184,
bbbc041,site_a,b634137b-bc8b-4e88-b0e3-b536ad6e7e18_34,0,primary,centre,0.41686196742984194,
bbbc041,site_a,c6575e75-c8ce-4766-841f-1137b9e0956c_45,0,primary,centre,0.4970322580645161,
bbbc041,site_a,e3a4b3e7-9500-4b6c-a402-b6d3f45e714b_45,0,primary,centre,0.42377777777777775,
bbbc041,site_a,f25a2ac8-cb6e-4e05-a0cd-cc00ac47718a_10,0,primary,centre,0.45459994006592747,
bbbc041,site_a,28c96a4a-4549-4761-99e4-ace4ea7e7ac9_3,0,primary,centre,0.43731138545953363,
bbbc041,site_a,947348fe-4c70-468e-8009-3c14daeca69b_87,0,primary,centre,0.6355088495575221,
bbbc041,site_a,5a105b89-c592-4d78-b208-7db6c6572752_73,0,primary,centre,0.6576042278332355,
bbbc041,site_a,1519257c-e3e5-4474-908f-8665b3cf1258_78,0,primary,centre,0.5854545454545454,
bbbc041,site_a,505355c9-23bf-4f90-8ebc-6a7ef50964d0_53,0,primary,centre,0.5623593964334705,
bbbc041,site_a,2d857091-efcd-41c0-ba3f-226de90445c4_82,0,primary,centre,0.7918131422390481,
bbbc041,site_a,5c68070c-3391-4db6-8c01-94175105dbea_71,0,primary,centre,0.7402818555490311,
bbbc041,site_a,31653d0f-c4e6-4e12-8005-518c2de34687_28,0,primary,centre,0.3266595001343725,
bbbc041,site_a,a9feccda-18f2-405e-9aa1-409fa1f49fe4_8,0,primary,centre,0.5181805012313487,
bbbc041,site_a,ca734448-0d52-42fa-b41c-17b2939e58ae_6,0,primary,centre,0.5875649740103959,
bbbc041,site_a,a1669b59-fe09-4fe6-ba9f-06bec6725502_52,0,primary,centre,0.5557886325042454,
bbbc041,site_a,035f6c4b-0897-46ab-9c3b-5f3b0feff043_19,0,primary,centre,0.4635936582501468,
bbbc041,site_a,48e2f0bd-2164-40c3-af43-1f2708359978_5,0,primary,centre,0.5473372781065089,
bbbc041,site_a,61575482-91e1-4db9-83c7-687b7ddbbfc4_18,0,primary,centre,0.4882402001668057,
bbbc041,site_a,289ef1b7-02d5-42e9-a401-687688181306_3,0,primary,centre,0.360239651416122,
bbbc041,site_a,2bd26501-2fbc-4c1a-bef0-4ad57e02b4d0_64,0,primary,centre,0.5043273013375295,
bbbc041,site_a,56adbb1e-96a8-40a5-a5a2-243c97ea889b_35,0,primary,centre,0.5679095098449937,
bbbc041,site_a,a89cace5-c818-4f23-a432-052b3433b81e_85,0,primary,centre,0.6860294945401328,
bbbc041,site_a,e8058bed-c362-4e1c-85dc-62f80f32938f_11,0,primary,centre,0.43553149606299213,
bbbc041,site_a,ff3b9d4d-373c-48ef-a75a-d23e2c2ade87_63,0,primary,centre,0.3029835390946502,
bbbc041,site_a,5939f341-a886-4f63-ae87-2219d000a1d4_29,0,primary,centre,0.657979407979408,
bbbc041,site_a,a0eeeb10-d0cb-48d9-8c22-2c3a3c908d00_31,0,primary,centre,0.34954420364637084,
bbbc041,site_a,7e25ced3-5caf-47f8-ad0c-42946bd4468b_31,0,primary,centre,0.5956206679269062,
bbbc041,site_a,83d4e1fe-da84-4175-a9e2-8efc18782dcf_33,0,primary,centre,0.5793819655521784,
bbbc041,site_a,9ec1dcec-87c2-4aca-8e6b-0db3cd05509c_56,0,primary,centre,0.3943224348562955,
bbbc041,site_a,3003252a-2d2e-4687-ad30-9c38d68f1394_0,0,primary,centre,0.5578433162892622,
bbbc041,site_a,9edba799-e169-46cd-b100-c9f8fc7a8c7d_77,0,primary,centre,0.7679785330948121,
bbbc041,site_a,003a89b0-a095-417a-8dd6-f408339bbc68_34,0,primary,centre,0.2995446112329229,
bbbc041,site_a,1e86933d-6a5a-4a3c-a0f2-ca22afd767b3_3,0,primary,centre,0.45851281689146245,
bbbc041,site_a,4b346035-b8c0-46ca-8fdb-a01b1421ee4a_103,0,primary,centre,0.5997916666666666,
bbbc041,site_a,f5c51193-8a27-4ef3-83ad-771395d63caf_2,0,primary,centre,0.3694083694083694,
bbbc041,site_a,31653d0f-c4e6-4e12-8005-518c2de34687_12,0,primary,centre,0.3261303581914269,
bbbc041,site_a,f7a4334a-4332-4de8-b39b-22da907976f2_76,0,primary,centre,0.38092864264349807,
bbbc041,site_a,f28e6d66-af71-40c1-b30c-da71d7230a3f_1,0,primary,centre,0.36795555555555554,
bbbc041,site_a,7f528918-27d4-421f-ab57-0cf9c693e697_1,0,primary,centre,0.41383219954648526,
bbbc041,site_a,2a02cec2-a09b-483a-ad38-14359a763fa4_46,0,primary,centre,0.704258064516129,
bbbc041,site_a,1a48cbc1-5423-47e5-8ca5-2ab4f83a05a5_26,0,primary,centre,0.5219425154320988,
bbbc041,site_a,61dfc937-a428-44b4-94fb-d682bdb8dff0_48,0,primary,centre,0.5841348811498065,
bbbc041,site_a,c3215597-a032-46be-9058-d6de1e5191d7_19,0,primary,centre,0.5049389618861243,
bbbc041,site_a,68f34a9c-f73d-4238-8f55-4b05a8a2154c_72,0,primary,centre,0.46656378600823045,
bbbc041,site_a,4372709c-f356-4906-be17-415384d916e8_35,0,primary,centre,0.4413888888888889,
bbbc041,site_a,686ed568-d5f8-475e-81ad-edab9dd473a0_14,0,primary,centre,0.5012344293569745,
bbbc041,site_a,1c87b997-a8e6-48ca-bf40-19b9a7fd6a96_50,0,primary,centre,0.6161288044629617,
bbbc041,site_a,08f5a524-0554-49c2-83a8-ae9a6d51e8fd_56,0,primary,centre,0.3887517146776406,
bbbc041,site_a,334bf865-e3fb-4200-bd53-d9ff5808ed9f_8,0,primary,centre,0.5435440891472868,
bbbc041,site_a,98175327-da9e-4e0c-8912-ee68490a4672_12,0,primary,centre,0.5014982164090369,
bbbc041,site_a,a3c0a876-be12-4ede-8aed-18b32a64401b_35,0,primary,centre,0.37627852084972463,
bbbc041,site_a,6303f964-98ef-47c6-bb2d-283aa393f918_168,0,primary,centre,0.6977335544499723,
bbbc041,site_a,f1cda808-69a9-4d10-ba0a-6607c98e362d_60,0,primary,centre,0.6987227648384673,
bbbc041,site_a,7abc0d26-dd66-4ef4-8c4e-4a661e589a7f_26,0,primary,centre,0.3491235694625525,
bbbc041,site_a,2596eb32-1323-41e9-8c0f-64819abcfc73_34,0,primary,centre,0.6683197778218607,
bbbc041,site_a,6f4ffe7b-395f-41ea-ad61-df5e0cbd531c_24,0,primary,centre,0.5012641284949435,
bbbc041,site_a,711f6b3f-cd63-46d1-834a-bc8e9aa9b43e_44,0,primary,centre,0.6527970640745884,
bbbc041,site_a,b4261fa5-876d-48ea-b6da-ec7ca5b48fe2_25,0,primary,centre,0.6669229783416635,
bbbc041,site_a,b523daee-317b-461d-bdc1-07b4add4d488_34,0,primary,centre,0.34922477972816063,
bbbc041,site_a,06a3effb-996c-4767-afd2-6aa3b697cb4e_86,0,primary,centre,0.5555462885738115,
bbbc041,site_a,affa429c-0315-4c18-a002-13bb3ecab259_27,0,primary,centre,0.4760850025680534,
bbbc041,site_a,25132962-ff5d-4737-995f-c54d8490539b_61,0,primary,centre,0.7007072509749488,
bbbc041,site_a,05804cf0-f854-4099-97c2-df287f7c8a8c_18,0,primary,centre,0.5415455426356589,
bbbc041,site_a,16244280-6c74-47d3-b544-9fd6831a6bf9_54,0,primary,centre,0.45644221650182903,
bbbc041,site_a,e234ce8b-4ec4-4d93-9068-d7854d77ddf4_11,0,primary,centre,0.44091499350714214,
bbbc041,site_a,edd3862f-04e1-49cf-97dd-ca566d17e71a_36,0,primary,centre,0.6078673245614035,
bbbc041,site_a,b10ea12f-cd36-4f2c-994a-67d1665269ab_8,0,primary,centre,0.6139800514800515,
bbbc041,site_a,29648565-fe28-4517-ba72-68df0c82c9c5_63,0,primary,centre,0.6100289681350515,
bbbc041,site_a,6347dd6a-cfdf-4cb5-bc50-cff5403cfecb_14,0,primary,centre,0.3331306990881459,
bbbc041,site_a,a4fbb9f2-9b75-4fdc-877d-2feaafac25b3_52,0,primary,centre,0.34124260355029584,
bbbc041,site_a,bbe65c18-8a56-4dfe-875c-94e124a84125_6,0,primary,centre,0.4547562826783606,
bbbc041,site_a,6e86206f-dafe-4c28-bacc-7b83b2d40f0c_43,0,primary,centre,0.5845980183118024,
bbbc041,site_a,002f20ad-2ace-499c-9335-c9080bc3e6b5_26,0,primary,centre,0.3907792480571309,
bbbc041,site_a,27388ff2-4000-4c9a-a2e3-addc448a5f92_14,0,primary,centre,0.38520022291218853,
bbbc041,site_a,29d4b75f-d400-4702-a9ac-e5a4ed1a1db1_0,0,primary,centre,0.4016393442622951,
bbbc041,site_a,a89cace5-c818-4f23-a432-052b3433b81e_72,0,primary,centre,0.4546303211351755,
bbbc041,site_a,50f2f514-6c8e-4c79-b3b3-0be56dd0b78b_33,0,primary,centre,0.3531960996749729,
bbbc041,site_a,a15e0fa8-2620-4f66-896e-175115c9dc3d_65,0,primary,centre,0.7256058673469388,
bbbc041,site_a,db249e5a-4142-432c-8288-bacd10d7273d_25,0,primary,centre,0.5182665658856135,
bbbc041,site_a,a588091c-5e4c-4e61-914d-e96f3ee3e505_51,0,primary,centre,0.33969379714060566,
bbbc041,site_a,5ccca8ee-abea-458a-a891-bedd31c3ddc3_47,0,primary,centre,0.4161343161343161,
bbbc041,site_a,56a57a8d-c9b9-432a-a3b0-32a09355806c_85,0,primary,centre,0.5539285714285714,
bbbc041,site_a,50d7c6c9-3230-48fe-947c-7dcfd0aad710_5,0,primary,centre,0.38960523705613964,
bbbc041,site_a,0ac747cd-ff32-49bf-bc1a-3e9b7702ce9c_102,0,primary,centre,0.3810126582278481,
bbbc041,site_a,58d75854-be99-484e-89f0-4ab208fe07e0_4,0,primary,centre,0.43680555555555556,
bbbc041,site_a,de2b8835-552c-4f01-98b7-67bc4910062e_64,0,primary,centre,0.5060013717421125,
bbbc041,site_a,2c1eaf87-3fd3-4803-92b8-23bab40bf28c_10,0,primary,centre,0.40742491073303927,
bbbc041,site_a,b2e34f5f-904e-4473-9dc7-c6bc1ce12640_173,0,primary,centre,0.6865114724883048,
bbbc041,site_a,1c87b997-a8e6-48ca-bf40-19b9a7fd6a96_57,0,primary,centre,0.6361014994232987,
bbbc041,site_a,b62d47f9-2ff5-4902-abdc-b3610acfc7ba_25,0,primary,centre,0.4821149843912591,
bbbc041,site_a,99e979d4-ee97-4d7f-9da6-00bead40db4d_26,0,primary,centre,0.37493896484375,
bbbc041,site_a,edd09b2e-2673-4405-8ac0-e476e003e96a_54,0,primary,centre,0.26500073353220205,
bbbc041,site_a,55836297-fc8e-4e00-9767-0d12b86e4604_75,0,primary,centre,0.6508916323731139,
bbbc041,site_a,5e042380-6ef2-496f-8231-0ca550fbfa71_52,0,primary,centre,0.5464891975308642,
bbbc041,site_a,3b55c42f-ad59-422f-ba99-4f4f4ca9cb2e_19,0,primary,centre,0.6943889111022258,
bbbc041,site_a,4372709c-f356-4906-be17-415384d916e8_0,0,primary,centre,0.4397163120567376,
bbbc041,site_a,5939f341-a886-4f63-ae87-2219d000a1d4_38,0,primary,centre,0.40817777777777775,
bbbc041,site_a,16a51468-9f93-45df-9ae2-5a74c25c5a4b_9,0,primary,centre,0.4864720778355325,
bbbc041,site_a,21c2a8aa-407c-4569-8212-96fcafa84138_58,0,primary,centre,0.5963718820861678,
bbbc041,site_a,2ae3e6e6-7482-4ab8-ad73-b530b5c2ee3b_1,0,primary,centre,0.4095293209876543,
bbbc041,site_a,63055d1b-5221-4c80-8b39-37ac069a1b5c_22,0,primary,centre,0.6364784205693297,
bbbc041,site_a,df3d98b9-3dd7-4107-8d4a-ae1b7f247793_173,0,primary,centre,0.5409242358394901,
bbbc041,site_a,b6364a57-72a9-43f3-8d02-9f53a992dc95_10,0,primary,centre,0.4114614316874876,
bbbc041,site_a,22a464ef-c3da-4d56-b37e-e22e95d945e7_31,0,primary,centre,0.46133609693877553,
bbbc041,site_a,c22f7031-9cf8-48ce-b03b-1b12d0db4951_146,0,primary,centre,0.763710273466371,
bbbc041,site_a,4ab47131-c2ac-461f-b95c-ac19ce24edbd_34,0,primary,centre,0.5827702702702703,
bbbc041,site_a,5e2cea49-0823-49d1-83cf-8fd1559cdd93_58,0,primary,centre,0.3532051282051282,
bbbc041,site_a,f939782b-f5a2-40a3-9c22-6c6d7e18edc3_101,0,primary,centre,0.8350557244174266,
bbbc041,site_a,78ac1e98-7062-4e27-8d58-25c392cae889_14,0,primary,centre,0.4116312395509912,
bbbc041,site_a,694222bb-cddf-469a-9526-f873c6fba58e_183,0,primary,centre,0.7830659215191395,
bbbc041,site_a,fa1f9f89-cecb-4972-842c-d14c632f89a9_27,0,primary,centre,0.37029416247523245,
bbbc041,site_a,eef2ac0b-42de-4bc3-a3c3-d5fcd597fbe4_9,0,primary,centre,0.42496324301617305,
bbbc041,site_a,6bfe6a90-8a69-4171-8e7f-42dc9417c6d9_0,0,primary,centre,0.39557721139430285,
bbbc041,site_a,b59dc3a0-3d54-4e3b-a485-33b3e43966de_50,0,primary,centre,0.6292920524691358,
bbbc041,site_a,216f9d43-6869-4ba1-9106-4f5ea6aac223_18,0,primary,centre,0.5927136479591837,
bbbc041,site_a,a0785022-e82b-4878-b9d4-19cb7b75213f_9,0,primary,centre,0.49849632434840724,
bbbc041,site_a,370277f8-436b-4103-8210-b4feb5ab95ea_140,0,primary,centre,0.7169235040955158,
bbbc041,site_a,b701b5c5-b922-4315-b12a-aac4ec65ee8b_14,0,primary,centre,0.5401234567901234,
bbbc041,site_a,78c35732-7e31-4153-842e-55ab1cd656f6_24,0,primary,centre,0.5422222222222223,
bbbc041,site_a,34df8890-272d-423a-ae78-ff8d068d3306_22,0,primary,centre,0.40826416015625,
bbbc041,site_a,bbedfcbe-9528-4ba9-9d86-4ebba7589ac5_25,0,primary,centre,0.48236283877170844,
bbbc041,site_a,29648565-fe28-4517-ba72-68df0c82c9c5_26,0,primary,centre,0.6276156793398173,
bbbc041,site_a,56fbae44-4677-47f8-9c3a-22dac043c115_39,0,primary,centre,0.5727157943067034,
bbbc041,site_a,e5731221-814c-4894-a44e-e46b71460fa4_42,0,primary,centre,0.5506698187549252,
bbbc041,site_a,dfac6c92-8f0f-429a-8caf-9b7732bf78da_10,0,primary,centre,0.44323671497584544,
bbbc041,site_a,9f38055f-4fe6-47fd-a6dd-c0743db4eccf_96,0,primary,nearest,0.33614663890541346,
bbbc041,site_a,dc3bdfe9-1565-4cda-9c4e-0979846dab60_20,0,primary,centre,0.5747334071441058,
bbbc041,site_a,71cf2467-77d3-4fac-ac6e-1d8767717c34_21,0,primary,centre,0.5428231898820134,
bbbc041,site_a,801296d9-3403-426f-859e-5c532858e025_29,0,primary,centre,0.4913733609385783,
bbbc041,site_a,2ae3e6e6-7482-4ab8-ad73-b530b5c2ee3b_56,0,primary,centre,0.48099415204678364,
bbbc041,site_a,2b369d75-9c55-43e0-b352-d981aea544e3_63,0,primary,centre,0.7886080332409973,
bbbc041,site_a,783ae4ad-6a35-4b3c-b19f-754974b67b2d_0,0,primary,centre,0.45841209829867674,
bbbc041,site_a,b10ea12f-cd36-4f2c-994a-67d1665269ab_153,0,primary,centre,0.7511337868480725,
bbbc041,site_a,2b369d75-9c55-43e0-b352-d981aea544e3_49,0,primary,centre,0.5193009118541033,
bbbc041,site_a,1f337b61-1b0d-4539-91f9-73d4a0798a4a_65,0,primary,centre,0.6280314320552771,
bbbc041,site_a,4736f545-1f1f-4d77-9241-d69cbf4dae35_37,0,primary,centre,0.47829036635006783,
bbbc041,site_a,5487faad-24a7-46b6-92d8-479d3a8d229f_49,0,primary,centre,0.4602107558139535,
bbbc041,site_a,afd39466-aafa-4d81-9520-483727418723_16,0,primary,centre,0.45501220435990236,
bbbc041,site_a,bc377041-e098-45c4-9651-2b1ea90d1d7e_33,0,primary,centre,0.5437933207309389,
bbbc041,site_a,7bde7de1-889b-4218-b0e1-e2c04f6a7986_51,0,primary,centre,0.4888327300047811,
bbbc041,site_a,0403835d-43f4-4a97-abfc-b2ff915f6d7b_4,0,primary,centre,0.3757142857142857,
bbbc041,site_a,5c037ffc-f515-48b3-b231-c110fbd2b8ca_19,0,primary,centre,0.569336199946251,
bbbc041,site_a,ff3b9d4d-373c-48ef-a75a-d23e2c2ade87_61,0,primary,centre,0.21803078798963574,
bbbc041,site_a,07d15855-eb9b-46a9-b894-7cfe4d097826_76,0,primary,centre,0.40627333831217327,
bbbc041,site_a,fcc2b245-f47f-447f-8527-275b0005677c_30,0,primary,centre,0.4850353709414112,
bbbc041,site_a,0a7bfa8a-ee52-4f7a-b9c5-2919ecfa93ef_23,0,primary,centre,0.3186463885764585,
bbbc041,site_a,8b494b40-cab5-49d3-893d-c805000fbe88_80,0,primary,centre,0.7389940828402367,
bbbc041,site_a,95fea6d8-413f-421e-b331-5d51c31df150_14,0,primary,centre,0.3891143821213751,
bbbc041,site_a,334bf865-e3fb-4200-bd53-d9ff5808ed9f_1,0,primary,centre,0.49704834038761414,
bbbc041,site_a,29648565-fe28-4517-ba72-68df0c82c9c5_53,0,primary,centre,0.6268120850833221,
bbbc041,site_a,a6ba808f-ec60-42a5-ad91-7b32412ab708_29,0,primary,centre,0.42648888888888886,
bbbc041,site_a,ebfd9f67-138e-49f0-9cef-a0352069eedb_8,0,primary,centre,0.5274912915784441,
bbbc041,site_a,dedbb10c-43f1-45fb-bb40-3ce2fb874015_3,0,primary,centre,0.4109954227654545,
bbbc041,site_a,04a567df-5463-4043-81f1-d726223c19a9_54,0,primary,centre,0.42333543373240917,
bbbc041,site_a,b10ea12f-cd36-4f2c-994a-67d1665269ab_168,0,primary,centre,0.7299037460978148,
bbbc041,site_a,c4494d4f-732f-431a-8a9d-62403f0b74fe_73,0,primary,centre,0.5388194444444444,
bbbc041,site_a,ea6b012a-3425-4bfc-a61d-88563aa2a264_5,0,primary,centre,0.40987654320987654,
bbbc041,site_a,261562a8-ffd8-4e0e-919b-22e267000b74_119,0,primary,centre,0.6521132376395534,
bbbc041,site_a,3e36698f-8c09-4c8b-8948-737310bf97e5_31,0,primary,centre,0.48276684555754323,
bbbc041,site_a,02fb5e19-6f94-4787-bb78-e550a29a3cbd_14,0,primary,centre,0.6121073735798619,
bbbc041,site_a,ac3358f1-ef9a-4ccc-b66c-da5e47e352e0_36,0,primary,centre,0.677995642701525,
bbbc041,site_a,e4eea7ea-8989-46a9-9c98-25a178146b28_173,0,primary,centre,0.6415306998711894,
bbbc041,site_a,cc94eabb-a3dc-4cfc-9fff-55c76b5b4a71_34,0,primary,centre,0.5343846450617284,
bbbc041,site_a,67f5ca94-d84e-490e-bf0d-4ffba7bdbe30_15,0,primary,centre,0.44804771223557915,
bbbc041,site_a,79f2fbab-169d-4062-820d-3dfd12f062c8_13,0,primary,centre,0.46319075575435653,
bbbc041,site_a,90246988-0d6d-4bf8-8a76-94107de4121e_0,0,primary,centre,0.4642739110317932,
bbbc041,site_a,9e1b0217-0926-4fd1-bb9e-a815c05deb59_5,0,primary,centre,0.5150374101423052,
bbbc041,site_a,679ae89f-4a02-4301-862e-1d844cc66cbf_11,0,primary,centre,0.4540538375260375,
bbbc041,site_a,2f68686f-1fe8-46e7-ad92-a08e3523ea79_7,0,primary,centre,0.4122299382716049,
bbbc041,site_a,6e39fb0a-aa41-4b16-b783-7589e97bf289_29,0,primary,centre,0.424879319919689,
bbbc041,site_a,ff37dd9b-2e3c-444d-9d29-6db186cfa2fb_37,0,primary,centre,0.6011798658857482,
bbbc041,site_a,3ff98212-7c2a-46cd-afb7-34a2479bed07_15,0,primary,centre,0.442512315270936,
bbbc041,site_a,1012abf2-cb05-4337-86c5-513ec4ca904d_13,0,primary,centre,0.6148700939745716,
bbbc041,site_a,f77d7469-d083-4c2d-a4ea-5a9ff162e3e2_30,0,primary,centre,0.3750846768730524,
bbbc041,site_a,ff3b9d4d-373c-48ef-a75a-d23e2c2ade87_31,0,primary,centre,0.45998168498168496,
bbbc041,site_a,205306da-0ed8-475a-ace6-f2f81d4be88a_126,0,primary,centre,0.5138513310498167,
bbbc041,site_a,205306da-0ed8-475a-ace6-f2f81d4be88a_3,0,primary,centre,0.3987780297304107,
bbbc041,site_a,05804cf0-f854-4099-97c2-df287f7c8a8c_11,0,primary,centre,0.4631877923813767,
bbbc041,site_a,6bc7b53c-5a98-48ef-a9de-59a476707ea4_26,0,primary,centre,0.4198037323037323,
bbbc041,site_a,c22f7031-9cf8-48ce-b03b-1b12d0db4951_48,0,primary,centre,0.650709219858156,
bbbc041,site_a,20d4f65e-6c63-433a-935c-d568d577967b_4,0,primary,centre,0.5470595472440944,
bbbc041,site_a,4257342d-6d77-4671-a84b-1f0c36ccb367_0,0,primary,centre,0.4475633319021039,
bbbc041,site_a,345cb914-7583-49df-96e3-3cf19c2ba8f1_43,0,primary,centre,0.6918402777777778,
bbbc041,site_a,d7581cb0-7a12-471d-a3d8-68dcea362213_23,0,primary,centre,0.3811111111111111,
bbbc041,site_a,947348fe-4c70-468e-8009-3c14daeca69b_213,0,primary,centre,0.6914984972091026,
bbbc041,site_a,3b5a8060-dec6-4a83-b7f2-b604e4e69dfc_6,0,primary,centre,0.42319526627218934,
bbbc041,site_a,216f9d43-6869-4ba1-9106-4f5ea6aac223_20,0,primary,centre,0.5728961614173228,
bbbc041,site_a,ee57e743-a876-4f69-9fe5-bf5d01b44689_42,0,primary,centre,0.5421448357736446,
bbbc041,site_a,c22f7031-9cf8-48ce-b03b-1b12d0db4951_147,0,primary,centre,0.6157730830738153,
bbbc041,site_a,85a4d82e-cfb7-4983-b272-626c9e8c7583_4,0,primary,centre,0.5111478507321682,
bbbc041,site_a,b8a4d467-c40c-4ebf-91dd-1c19d0f2a7ae_88,0,primary,centre,0.7140051621591291,
bbbc041,site_a,b2e34f5f-904e-4473-9dc7-c6bc1ce12640_29,0,primary,centre,0.6345860566448802,
bbbc041,site_a,6d91d1f0-636b-4f5a-a526-7c17fc857190_15,0,primary,nearest,0.4253198818897638,
bbbc041,site_a,ff37dd9b-2e3c-444d-9d29-6db186cfa2fb_60,0,primary,centre,0.6916775173611112,
bbbc041,site_a,26799d2b-a289-4eff-9218-0aad77e05e41_12,0,primary,centre,0.4907657277787148,
bbbc041,site_a,c22f7031-9cf8-48ce-b03b-1b12d0db4951_16,0,primary,centre,0.4948257080610022,
bbbc041,site_a,686ed568-d5f8-475e-81ad-edab9dd473a0_69,0,primary,centre,0.5748733345843497,
bbbc041,site_a,31c749e8-18d1-4105-b7e6-8319cceddae0_34,0,primary,centre,0.6808312366042307,
bbbc041,site_a,d8f7e159-b7e3-49e4-86e8-aed8c5fbcd97_126,0,primary,centre,0.5162494095418044,
bbbc041,site_a,30948737-0d0d-4b68-b9ab-50577e0fe026_41,0,primary,centre,0.46114998917827,
bbbc041,site_a,3d32a988-449d-4d58-b71f-abbfdc3f2fbc_165,0,primary,centre,0.7311785312975081,
bbbc041,site_a,1893e0c5-88e9-4644-bd59-3e47bc53a88c_7,0,primary,centre,0.35197782816830436,
bbbc041,site_a,4d88e2d2-5aad-410c-9bbc-702ee9496995_34,0,primary,centre,0.31084270442871026,
bbbc041,site_a,9c5f48c0-0544-4c0c-92b4-59b7d7b7814c_34,0,primary,centre,0.38917824074074076,
bbbc041,site_a,6ab870ba-b24b-49a9-9570-8eafe63aa74e_79,0,primary,centre,0.5133112068356754,
bbbc041,site_a,f0713bee-2a71-4ced-b953-4041ea99496a_32,0,primary,centre,0.5035960443512136,
bbbc041,site_a,98c25ffe-c329-420a-bc22-b082f565eac9_24,0,primary,centre,0.45177158582731336,
bbbc041,site_a,46a2d369-4bea-4405-ac78-91bbe130b9a7_67,0,primary,centre,0.5436288088642659,
bbbc041,site_a,e5fd5949-4cd0-4cb6-837a-02c26a5eb87a_0,0,primary,centre,0.4646923449612403,
bbbc041,site_a,72088c26-d2dd-4906-b791-b8947fc7fbe4_41,0,primary,centre,0.5836063238854864,
bbbc041,site_a,90a82250-1f68-48c9-9af9-15f18bf8c974_31,0,primary,centre,0.4982208448117539,
bbbc041,site_a,f06ba705-5509-479b-8067-127ffb37c5b6_33,0,primary,centre,0.45793158861340677,
bbbc041,site_a,a1ff36df-71df-4e6e-a65f-ced9a2b381c3_29,0,primary,centre,0.761968656075569,
bbbc041,site_a,0f0c949e-018a-4f3f-ab02-3704f49c7754_4,0,primary,centre,0.5470213319458896,
bbbc041,site_a,239f17eb-a2e2-47e9-82e3-fa0d9a70fb9f_6,0,primary,centre,0.3833262471655329,
bbbc041,site_a,3b5a8060-dec6-4a83-b7f2-b604e4e69dfc_75,0,primary,centre,0.7077337437475952,
bbbc041,site_a,b338766f-19b9-4874-bcc5-ae22b3c533e6_43,0,primary,centre,0.3244444444444444,
bbbc041,site_a,b234b6ea-b54d-470c-8461-ba7f4a024796_5,0,primary,centre,0.5471779778393352,
bbbc041,site_a,002f20ad-2ace-499c-9335-c9080bc3e6b5_32,0,primary,centre,0.45133149678604223,
bbbc041,site_a,003a89b0-a095-417a-8dd6-f408339bbc68_60,0,primary,centre,0.4539986633994208,
bbbc041,site_a,3dad6483-ac30-4d2b-b045-9f24fe6ff75e_40,0,primary,centre,0.3835263835263835,
bbbc041,site_a,06cd484f-e864-4fee-8819-688b45eed98e_9,0,primary,centre,0.5205704319277726,
bbbc041,site_a,3003252a-2d2e-4687-ad30-9c38d68f1394_33,0,primary,centre,0.5039379974863846,
bbbc041,site_a,f0804a5e-e7f5-4cf2-a5df-b65e66502bf1_46,0,primary,centre,0.410155429531611,
bbbc041,site_a,5f783f43-0090-4f8a-bd75-9562f4aa2dd5_69,0,primary,centre,0.6446011304702524,
bbbc041,site_a,c7c1b873-0548-4a73-9618-f60912e164df_67,0,primary,centre,0.6287765885381384,
bbbc041,site_a,9258fe22-6406-4d00-b6f0-3f9492925405_8,0,primary,centre,0.36148391032484367,
bbbc041,site_a,694222bb-cddf-469a-9526-f873c6fba58e_81,0,primary,centre,0.5956595856281144,
bbbc041,site_a,2b128a1a-95ed-408b-b9f8-8795cc814d80_48,0,primary,centre,0.28823381204333587,
bbbc041,site_a,deeaa5b3-3895-4aec-a2ce-ed6404862cdf_71,0,primary,centre,0.6429853566367502,
bbbc041,site_a,f274b784-b995-4a7e-a2c2-6cc31c24c4b4_61,0,primary,centre,0.3947520184544406,
bbbc041,site_a,48e2f0bd-2164-40c3-af43-1f2708359978_23,0,primary,centre,0.5406632653061224,
bbbc041,site_a,c22f7031-9cf8-48ce-b03b-1b12d0db4951_145,0,primary,centre,0.7670138888888889,
bbbc041,site_a,fbcb2ef0-3c97-4d7a-8b96-0147c73f3941_48,0,primary,centre,0.3996601603346114,
bbbc041,site_a,674b0fd3-f247-4b7f-97f7-3e6c57c9ba9e_93,0,primary,centre,0.6511715797430083,
bbbc041,site_a,2a6370b0-08f1-4c11-a639-265d4419c9a3_35,0,primary,centre,0.5737333333333333,
bbbc041,site_a,49c4dbd3-6269-4d4c-9648-a2146c57bab1_1,0,primary,centre,0.4159924083508141,
bbbc041,site_a,505355c9-23bf-4f90-8ebc-6a7ef50964d0_32,0,primary,centre,0.3565643944652691,
bbbc041,site_a,f6ab936d-924b-4038-aa47-71b07c26b4e2_32,0,primary,centre,0.6678722993827161,
bbbc041,site_a,10891eed-b0f2-4dd0-90cb-da185f6761b2_23,0,primary,centre,0.5269401878398419,
bbbc041,site_a,e0ff3476-226f-4125-b182-8e524d5503dd_9,0,primary,centre,0.37177063642091995,
bbbc041,site_a,22a464ef-c3da-4d56-b37e-e22e95d945e7_89,0,primary,centre,0.45894975343196054,
bbbc041,site_a,04c07425-57c7-415c-a0bc-36857bbd4049_26,0,primary,centre,0.5769675925925926,
bbbc041,site_a,3892b776-f49a-4368-b0fa-7e855e76ccec_17,0,primary,centre,0.5779580797836376,
bbbc041,site_a,877d5e7f-19b6-40e7-81bd-c92f25e72503_70,0,primary,centre,0.5788753799392097,
bbbc041,site_a,a4409217-be11-4478-90a5-b406057d154d_24,0,primary,centre,0.39916716240333133,
bbbc041,site_a,6bfe6a90-8a69-4171-8e7f-42dc9417c6d9_22,0,primary,centre,0.40656963021243114,
bbbc041,site_a,b666fcc2-d0b2-441e-bc5a-c660345eeb5d_39,0,primary,centre,0.3082302313071544,
bbbc041,site_a,0546d843-d778-4aca-b8b5-bfe23d7c87da_58,0,primary,centre,0.5098779237722486,
bbbc041,site_a,46a03374-64c7-49ac-81c9-c3d62542bbf3_179,0,primary,centre,0.733287909758498,
bbbc041,site_a,df3d98b9-3dd7-4107-8d4a-ae1b7f247793_161,0,primary,centre,0.7117597998331944,
bbbc041,site_a,13099edb-35d9-438f-b093-2cf2ebf9d255_2,0,primary,centre,0.44291031855955676,
bbbc041,site_a,56adbb1e-96a8-40a5-a5a2-243c97ea889b_56,0,primary,centre,0.5880832130832131,
bbbc041,site_a,4d8a4ce8-0f9c-4f21-8844-4cf0e5514bbf_131,0,primary,centre,0.5112036771042804,
bbbc041,site_a,664c570b-4822-413c-9724-11b1d91fac44_45,0,primary,centre,0.3403330386089007,
bbbc041,site_a,151f3af5-5e6e-4bcd-9389-4974fc68813e_50,0,primary,centre,0.7045014245014245,
bbbc041,site_a,b59dc3a0-3d54-4e3b-a485-33b3e43966de_42,0,primary,centre,0.4366557734204793,
bbbc041,site_a,a72cd558-b7ac-4bf2-a344-2ce6c73a354e_43,0,primary,centre,0.5078043704474505,
bbbc041,site_a,c54fcef1-0c51-4426-9a93-15ec5f2bf58a_24,0,primary,centre,0.3278236914600551,
bbbc041,site_a,92e4fd7b-79ef-49c2-a52b-9ef13dd720ef_36,0,primary,centre,0.4793491124260355,
bbbc041,site_a,e9e78ff8-831b-46e9-9785-3eee9acbfcd8_40,0,primary,centre,0.771557044612943,
bbbc041,site_a,b8339d7b-85ec-48d0-83e8-c8f831070459_35,0,primary,centre,0.4360894097222222,
bbbc041,site_a,3612aa3b-2906-44a6-9c80-6144511a35ce_10,0,primary,centre,0.3870918367346939,
bbbc041,site_a,3d32a988-449d-4d58-b71f-abbfdc3f2fbc_17,0,primary,centre,0.47325375773651635,
bbbc041,site_a,6afb3717-f197-4668-929a-4fab389ae6e8_38,0,primary,centre,0.4956122448979592,
bbbc041,site_a,0fcd1ebe-ee4a-40a0-b787-29cee18bfa1b_145,0,primary,nearest,0.7317925089179548,
bbbc041,site_a,a2fc0093-8645-43c7-bdee-ec8ca9484815_30,0,primary,centre,0.3950285996751642,
bbbc041,site_a,a7c3c52f-3b40-4c92-a212-df9462cf25d8_83,0,primary,centre,0.4682386468100754,
bbbc041,site_a,a9daf82a-a46d-4296-bd72-2c374ed0a193_55,0,primary,centre,0.7676254325259516,
bbbc041,site_a,289ef1b7-02d5-42e9-a401-687688181306_9,0,primary,centre,0.3726659006032749,
bbbc041,site_a,d8632217-ec33-4d0a-98e6-427824c58869_41,0,primary,centre,0.5153174212598425,
bbbc041,site_a,20d4f65e-6c63-433a-935c-d568d577967b_102,0,primary,centre,0.661508989095196,
bbbc041,site_a,984caf56-f400-4a29-be97-a4d6b9d1468d_14,0,primary,centre,0.41306111411573826,
bbbc041,site_a,ee57e743-a876-4f69-9fe5-bf5d01b44689_67,0,primary,centre,0.42947827811942074,
bbbc041,site_a,c66cb6b2-1480-446a-a9d2-b8032a3de0d7_25,0,primary,centre,0.6876929012345679,
bbbc041,site_a,9f4bc3b4-abb0-4bcb-baa8-ec9f25e2b9c6_13,0,primary,centre,0.41593152699012814,
bbbc041,site_a,948c94ad-395c-41f4-9a68-8a1dcb76888c_48,0,primary,centre,0.61314941489061,
bbbc041,site_a,a4d7a7e1-5ae1-486d-b6ee-c9af1476ccad_61,0,primary,centre,0.48166607333570666,
bbbc041,site_a,e640ae51-cbf1-4a84-b7cf-d38b17f59c2f_43,0,primary,centre,0.62625,
bbbc041,site_a,5f783f43-0090-4f8a-bd75-9562f4aa2dd5_16,0,primary,centre,0.5194805194805194,
bbbc041,site_a,1574565f-f45b-4160-947e-25ce1a81aaca_38,0,primary,centre,0.4806281887755102,
bbbc041,site_a,093a831a-bf71-4333-bc06-942ae70cb164_95,0,primary,centre,0.4875648788927336,
bbbc041,site_a,0d3c2521-da55-4df5-bf06-56b3bd4fb2fc_68,0,primary,centre,0.5989862850327966,
bbbc041,site_a,80da32ce-8c22-470e-9f35-558c5f7a5df9_62,0,primary,centre,0.42339484813533257,
bbbc041,site_a,c7c1b873-0548-4a73-9618-f60912e164df_24,0,primary,centre,0.5445844078555843,
bbbc041,site_a,c776eb78-3323-4571-b39f-7ffc73ae63ce_12,0,primary,centre,0.6068052930056711,
bbbc041,site_a,458cb2e9-5a7f-437c-ac5d-a56f98a3efdf_27,0,primary,centre,0.41919191919191917,
bbbc041,site_a,ebfd9f67-138e-49f0-9cef-a0352069eedb_30,0,primary,centre,0.5424836601307189,
bbbc041,site_a,b1145408-feae-4637-b4cf-3e70b99cc62d_18,0,primary,centre,0.41225461035098154,
bbbc041,site_a,24115f58-a7d6-4022-a95a-86b515a78d3e_9,0,primary,centre,0.40527681660899656,
bbbc041,site_a,5e2cea49-0823-49d1-83cf-8fd1559cdd93_69,0,primary,centre,0.3189276485788114,
bbbc041,site_a,95fea6d8-413f-421e-b331-5d51c31df150_47,0,primary,centre,0.43915343915343913,
bbbc041,site_a,cecbf663-0751-4e7f-b298-770c88afc2c1_69,0,primary,centre,0.5642300456866434,
bbbc041,site_a,6afb3717-f197-4668-929a-4fab389ae6e8_23,0,primary,centre,0.3577880076918594,
bbbc041,site_a,13bab3c3-3f79-44d9-a287-0ae6d71eff31_67,0,primary,centre,0.7794584407855584,
bbbc041,site_a,5e17f8e6-fd8d-426c-b444-1515d14f04b7_40,0,primary,centre,0.6736092448266595,
bbbc041,site_a,58f7e1da-3478-48f4-958c-e9b1cb8696aa_23,0,primary,centre,0.415975677169707,
bbbc041,site_a,9f38055f-4fe6-47fd-a6dd-c0743db4eccf_52,0,primary,centre,0.7511967750062988,
bbbc041,site_a,11b72c7b-5c52-44b7-adb7-21eacc25e441_22,0,primary,centre,0.3571620532115023,
bbbc041,site_a,715761a2-745e-4743-9849-956a034ad3c4_22,0,primary,centre,0.4339490705669833,
bbbc041,site_a,de5d19b7-e670-4ac7-843b-7ce7bcebdf45_1,0,primary,centre,0.44474962184539446,
bbbc041,site_a,d3283f5b-3b3a-40ea-800b-79960ca851cb_3,0,primary,centre,0.4347205707491082,
bbbc041,site_a,f5c395f1-f94c-440d-8221-cc656e52c0b1_25,0,primary,centre,0.6450894487039065,
bbbc041,site_a,7942691b-6376-4c75-ae8a-ddf65454dcb2_19,0,primary,centre,0.43205208989708044,
bbbc041,site_a,dcf7a19a-ec3d-44ef-8d7c-33b1e91fb9af_23,0,primary,centre,0.36549306508154245,
bbbc041,site_a,eb86033f-4f1c-4e8c-ae84-e8e4c7e08626_25,0,primary,centre,0.5217916404116782,
bbbc041,site_a,5955289d-19e5-45ef-a012-c8ea08ef45e2_7,0,primary,centre,0.48989194841408157,
bbbc041,site_a,9dc6ed5d-6698-48cf-aab3-fd156673729c_90,0,primary,centre,0.5988081507112649,
bbbc041,site_a,3b55c42f-ad59-422f-ba99-4f4f4ca9cb2e_124,0,primary,centre,0.5781156827668456,
bbbc041,site_a,eaf4b781-b3aa-41ce-8c5e-287979b4e15a_10,0,primary,centre,0.3649023879704387,
bbbc041,site_a,b6573be3-9e04-49c3-9f48-6a145d065363_44,0,primary,centre,0.5288283658787256,
bbbc041,site_a,b78ba2c8-ecb3-45b2-9cda-2c8088fa95d1_25,0,primary,centre,0.39446944404122514,
bbbc041,site_a,8eeb378e-90f0-47ea-ac1c-2a201eb8d090_58,0,primary,centre,0.6408715251690458,
bbbc041,site_a,deaa1931-5f97-45bf-8c00-be6ddeb37b9a_55,0,primary,centre,0.4854112894175738,
bbbc041,site_a,5836500a-221e-40ca-a8be-caaa37f7d300_80,0,primary,centre,0.5672220626256823,
bbbc041,site_a,50f2f514-6c8e-4c79-b3b3-0be56dd0b78b_41,0,primary,centre,0.4812189054726368,
bbbc041,site_a,46a03374-64c7-49ac-81c9-c3d62542bbf3_123,0,primary,centre,0.6320301783264746,
bbbc041,site_a,d8f7e159-b7e3-49e4-86e8-aed8c5fbcd97_81,0,primary,centre,0.4475338189386056,
bbbc041,site_a,1976cd04-d24f-457c-b423-7e4cdb05de9e_66,0,primary,centre,0.6231011284722222,
bbbc041,site_a,eaf4b781-b3aa-41ce-8c5e-287979b4e15a_95,0,primary,centre,0.7544013441449339,
bbbc041,site_a,8e69098c-fae0-47a3-8833-c2bfdfb1a416_44,0,primary,centre,0.48122849625581865,
bbbc041,site_a,de2b8835-552c-4f01-98b7-67bc4910062e_35,0,primary,centre,0.446984126984127,
bbbc041,site_a,c442e2d6-aaf9-417a-9905-4737a1115f33_70,0,primary,centre,0.6826574215915504,
bbbc041,site_a,c94827ce-d619-4705-a68a-df63a2c95ffa_18,0,primary,centre,0.4519675925925926,
bbbc041,site_a,8190ec37-9a5e-419f-89ed-fbfb079370db_41,0,primary,centre,0.5009538772303894,
bbbc041,site_a,b234b6ea-b54d-470c-8461-ba7f4a024796_29,0,primary,centre,0.4269162210338681,
bbbc041,site_a,46a2d369-4bea-4405-ac78-91bbe130b9a7_107,0,primary,centre,0.5950004058112166,
bbbc041,site_a,6ba5d0b8-cdc7-4266-9d78-db76faa312e9_8,0,primary,centre,0.48134126554894535,
bbbc041,site_a,0901f9d1-be4f-4c19-8e83-dd724dded9f5_28,0,primary,centre,0.5129761639563377,
bbbc041,site_a,58594235-0d32-4a4e-91cd-4c800eaaaa73_5,0,primary,centre,0.44749002310438984,
bbbc041,site_a,f48bf825-13c4-42fc-8dd8-10cc4ae6b202_34,0,primary,centre,0.32234542003795824,
bbbc041,site_a,28bd16ba-2bcf-46af-b889-41b78d2a50c0_12,0,primary,centre,0.42259205514239073,
bbbc041,site_a,7fd2d254-b062-4f3d-8970-687e73c5a00a_52,0,primary,centre,0.5894788062283737,
bbbc041,site_a,edcb4d77-a4d3-465d-9b59-eb3087766b1c_22,0,primary,centre,0.6412914104344376,
bbbc041,site_a,672e4ecf-a56b-462e-b83b-76f4efaa6634_44,0,primary,centre,0.6159320477502296,
bbbc041,site_a,3eba916c-998b-40a7-993c-7ed916c2a04c_25,0,primary,centre,0.37333515470254763,
bbbc041,site_a,2b369d75-9c55-43e0-b352-d981aea544e3_1,0,primary,centre,0.5391467221644121,
bbbc041,site_a,5e974892-0ebe-4037-8427-ea8616d6d3b8_116,0,primary,centre,0.577790375409423,
bbbc041,site_a,c2ec116f-f091-422c-926c-70b548a8f6ef_104,0,primary,centre,0.6008626699198327,
bbbc041,site_a,69b5b3de-ec64-4e5d-bcc2-44f495e06e76_32,0,primary,centre,0.48018320333756576,
bbbc041,site_a,72105bb0-8e39-48be-b7f7-5b32f047b99e_11,0,primary,centre,0.4438668346985927,
bbbc041,site_a,f20a4fcf-ea8e-4c14-883d-d26a9e08ce25_36,0,primary,centre,0.311905276816609,
bbbc041,site_a,f6ab936d-924b-4038-aa47-71b07c26b4e2_108,0,primary,centre,0.7499576007688394,
bbbc041,site_a,fe691faa-3bc7-475e-b558-aa8fe7b795bc_53,0,primary,centre,0.2940779320987654,
bbbc041,site_a,72732579-a812-4496-b2dd-ea1556924337_38,0,primary,centre,0.6683759687663889,
bbbc041,site_a,7e25ced3-5caf-47f8-ad0c-42946bd4468b_68,0,primary,centre,0.6265278406518787,
bbbc041,site_a,191071ab-6515-428c-9f05-8e4309542b75_25,0,primary,centre,0.42004837409298573,
bbbc041,site_a,882b91b7-5906-4091-bad4-688d4375eeb5_22,0,primary,centre,0.5112104949314251,
bbbc041,site_a,dbdfad64-110c-421f-a1c7-f68fd9e82d67_25,0,primary,centre,0.49348422496570643,
bbbc041,site_a,7d9c1422-6332-44e9-b134-3ac94f07b0f0_1,0,primary,centre,0.44746536987916297,
bbbc041,site_a,9e82c996-2cfa-418d-9482-8ee23e9d0a5d_21,0,primary,centre,0.36810279667422524,
bbbc041,site_a,78a5d1c3-44dd-44bc-ad5b-5e25bdcc4fae_56,0,primary,centre,0.5586734693877551,
bbbc041,site_a,d3ed519e-2152-4e30-838d-a3ea23be512f_14,0,primary,centre,0.5739186894416142,
bbbc041,site_a,ed0bee2f-05e0-4392-8357-19750cec577c_102,0,primary,centre,0.5523829969944182,
bbbc041,site_a,6ba5d0b8-cdc7-4266-9d78-db76faa312e9_71,0,primary,centre,0.5900694444444444,
bbbc041,site_a,e4eea7ea-8989-46a9-9c98-25a178146b28_150,0,primary,centre,0.6285922532278218,
bbbc041,site_a,45902b63-be9a-49ae-9ede-3a8015671bc4_40,0,primary,centre,0.3457986472424558,
bbbc041,site_a,b21f6c6e-4b45-407a-b4c7-034a115f3ee4_62,0,primary,nearest,0.3198536310752486,
bbbc041,site_a,8d989997-038c-4924-b2d3-d02629a7cdf5_1,0,primary,centre,0.560715830449827,
bbbc041,site_a,cbde7f7e-2458-4dda-9db2-3d5ccf950ced_57,0,primary,centre,0.48588125292192613,
bbbc041,site_a,f1faab5f-3033-45ea-9673-8b816fea5ce8_11,0,primary,centre,0.6761538461538461,
bbbc041,site_a,b834cbf7-ff97-49d9-9561-566c9343735c_7,0,primary,centre,0.5367626502655857,
bbbc041,site_a,48e2f0bd-2164-40c3-af43-1f2708359978_7,0,primary,centre,0.41810650887573964,
bbbc041,site_a,21cc498b-8cb2-42ed-8f80-bfa27b86ef11_22,0,primary,centre,0.5130503299517384,
bbbc041,site_a,e640ae51-cbf1-4a84-b7cf-d38b17f59c2f_25,0,primary,centre,0.34602419194923656,
bbbc041,site_a,6ba5d0b8-cdc7-4266-9d78-db76faa312e9_63,0,primary,centre,0.5565444656353747,
bbbc041,site_a,ec301f62-1302-4407-96f9-fcfe45c150ae_74,0,primary,centre,0.5577687239072481,
bbbc041,site_a,65e3d6a6-012c-4b40-9a42-83078eb85e31_47,0,primary,centre,0.6277042638101239,
bbbc041,site_a,21cc498b-8cb2-42ed-8f80-bfa27b86ef11_37,0,primary,centre,0.6069333333333333,
bbbc041,site_a,acb16781-11ad-4327-874a-5c9c35dcb085_24,0,primary,centre,0.3950068587105624,
bbbc041,site_a,29648565-fe28-4517-ba72-68df0c82c9c5_72,0,primary,centre,0.8129677419354838,
bbbc041,site_a,7c870293-2665-4a6b-a4fa-336959051dfc_7,0,primary,centre,0.4289489136817381,
bbbc041,site_a,674b0fd3-f247-4b7f-97f7-3e6c57c9ba9e_156,0,primary,centre,0.777043673012318,
bbbc041,site_a,fe691faa-3bc7-475e-b558-aa8fe7b795bc_13,0,primary,centre,0.3766219723183391,
bbbc041,site_a,bd7937db-fca2-44d0-8538-460110210927_5,0,primary,centre,0.654668232530828,
bbbc041,site_a,3b5a8060-dec6-4a83-b7f2-b604e4e69dfc_38,0,primary,centre,0.5283374283374284,
bbbc041,site_a,4c13e22e-dfd1-4fa1-b373-be9d0c272c0f_16,0,primary,centre,0.5190902260774537,
bbbc041,site_a,6274fe0d-0d71-40be-b61b-f0bd5b5df1e2_6,0,primary,centre,0.3892069171138939,
bbbc041,site_a,4aad9589-6b32-4522-bcd7-ca04687a02ca_1,0,primary,centre,0.4757201646090535,
bbbc041,site_a,4a717a39-80f8-4b75-a25e-c46d65d7dcd5_49,0,primary,centre,0.42830188679245285,
bbbc041,site_a,5721e41b-90ef-4851-8587-8dc71227ef90_39,0,primary,centre,0.5403726708074534,
bbbc041,site_a,ee57e743-a876-4f69-9fe5-bf5d01b44689_74,0,primary,centre,0.5054209183673469,
bbbc041,site_a,39cc33be-d752-40fe-b7a8-2e69a3517205_45,0,primary,centre,0.720859375,
bbbc041,site_a,9ecf2006-8d49-4ae8-a14b-ed8b3b14ee7c_17,0,primary,centre,0.34614682249817386,
bbbc041,site_a,20d4f65e-6c63-433a-935c-d568d577967b_133,0,primary,centre,0.6242060485985665,
bbbc041,site_a,25c6cfb1-01d0-4864-87f9-02b7593683c7_51,0,primary,centre,0.592643890427824,
bbbc041,site_a,471f75c6-bd5d-4c20-bcc1-258e836f4d69_37,0,primary,centre,0.3836904011762235,
bbbc041,site_a,84041bf9-dace-4066-9fe0-52170d08f826_69,0,primary,centre,0.5801526717557252,
bbbc041,site_a,8ad7ba46-5db8-4ba9-b3e0-3cac52f7efc3_21,0,primary,centre,0.5336242808966475,
bbbc041,site_a,6c7095cd-ab6b-4f53-bd94-905d0cc95840_12,0,primary,centre,0.34076974803211896,
bbbc041,site_a,b10ea12f-cd36-4f2c-994a-67d1665269ab_33,0,primary,centre,0.6635870564441994,
bbbc041,site_a,313ed8d9-3c00-4415-9de0-0eda07c60ad9_0,0,primary,centre,0.4722969797940963,
bbbc041,site_a,9eb66577-7857-43dc-a879-8f2c9d7f780f_27,0,primary,centre,0.5699168556311414,
bbbc041,site_a,b687c30d-cf15-445c-b3f6-5aca86584708_25,0,primary,nearest,0.38604285251515574,
bbbc041,site_a,3d1b889e-bb4a-4ee6-b899-974ee7d956a7_25,0,primary,centre,0.47072152653548005,
bbbc041,site_a,4372709c-f356-4906-be17-415384d916e8_39,0,primary,centre,0.3527187902187902,
bbbc041,site_a,caeb2d62-1166-43f0-8eac-5b8fc48f02eb_47,0,primary,centre,0.5984272957483673,
bbbc041,site_a,d3283f5b-3b3a-40ea-800b-79960ca851cb_33,0,primary,centre,0.5861446619464112,
bbbc041,site_a,9a1cd456-310c-47b6-a1f8-0fbd8e33d1fd_7,0,primary,centre,0.4702909270216962,
bbbc041,site_a,38d1b930-dd97-4248-9160-e9389a1a8dd7_22,0,primary,centre,0.3985416666666667,
bbbc041,site_a,027ab174-e47a-44f8-b85b-372449eeb7d8_17,0,primary,centre,0.43790849673202614,
bbbc041,site_a,d67398c5-8b0e-463f-a04e-8583c820786c_18,0,primary,centre,0.38478589965397925,
bbbc041,site_a,2e8d6a43-0110-4bf4-8e70-20567e513b81_15,0,primary,centre,0.382464096749811,
bbbc041,site_a,e3c1442a-717f-41dd-bf97-81e1233ac9fa_31,0,primary,centre,0.5303413400758533,
bbbc041,site_a,ac3358f1-ef9a-4ccc-b66c-da5e47e352e0_102,0,primary,centre,0.7716970702045329,
bbbc041,site_a,1b7f47fc-26cd-4273-b848-88a7cbfd9f85_24,0,primary,centre,0.5249187432286024,
bbbc041,site_a,6315a55b-fed1-4355-88fa-8594538acf18_12,0,primary,centre,0.3225410315387314,
bbbc041,site_a,2aeb7b85-7df9-4a63-8d37-2eecaaa190e7_8,0,primary,centre,0.470197083800673,
bbbc041,site_a,32700bc7-7a86-49d3-aded-ccaaed4ddc5c_41,0,primary,centre,0.3714313271604938,
bbbc041,site_a,cfe6086f-eb0b-4cb0-a430-8cd7de6556e2_27,0,primary,centre,0.5290388264149197,
bbbc041,site_a,766d5547-8dd2-4c8d-b78e-3007f83932e8_79,0,primary,centre,0.5979548929663608,
bbbc041,site_a,0a7bfa8a-ee52-4f7a-b9c5-2919ecfa93ef_12,0,primary,centre,0.36339185290234244,
bbbc041,site_a,6231d81d-9e84-4a5a-8cb8-47c6a37a0176_24,0,primary,centre,0.6838709677419355,
bbbc041,site_a,2a02cec2-a09b-483a-ad38-14359a763fa4_10,0,primary,centre,0.5957862281603289,
bbbc041,site_a,04628a94-b674-469b-aff6-b476b70df87d_40,0,primary,centre,0.5270729913587057,
bbbc041,site_a,67582df6-bf13-4c83-a531-1214692b70de_65,0,primary,centre,0.33851413543721237,
bbbc041,site_a,6fd30823-3b77-40c9-ba5d-e1eda9660674_12,0,primary,centre,0.7458632101489244,
bbbc041,site_a,8757be1e-b832-407a-8e95-62abae485b24_36,0,primary,centre,0.5774151953977386,
bbbc041,site_a,2165fe38-b474-467d-be11-d1d728085efd_66,0,primary,centre,0.6176490676866334,
bbbc041,site_a,c2ec116f-f091-422c-926c-70b548a8f6ef_112,0,primary,centre,0.6090636572033151,
bbbc041,site_a,477e541c-0519-4542-9b13-8ee7922644d3_14,0,primary,centre,0.48123190020049006,
bbbc041,site_a,5f17d2fb-22fa-4aa6-9dad-6a1d50c03815_19,0,primary,centre,0.43996009432251043,
bbbc041,site_a,0a7bfa8a-ee52-4f7a-b9c5-2919ecfa93ef_22,0,primary,centre,0.5361319340329835,
bbbc041,site_a,7c870293-2665-4a6b-a4fa-336959051dfc_2,0,primary,centre,0.43491735537190085,
bbbc041,site_a,cbde7f7e-2458-4dda-9db2-3d5ccf950ced_63,0,primary,centre,0.4751540505398835,
bbbc041,site_a,6d91d1f0-636b-4f5a-a526-7c17fc857190_2,0,primary,centre,0.46085759244689223,
bbbc041,site_a,a4d7a7e1-5ae1-486d-b6ee-c9af1476ccad_92,0,primary,centre,0.2940277777777778,
bbbc041,site_a,a5c3b3f8-7ceb-4573-a400-a76b9479af46_49,0,primary,centre,0.6119321563181909,
bbbc041,site_a,f77d7469-d083-4c2d-a4ea-5a9ff162e3e2_66,0,primary,centre,0.3548436308161709,
bbbc041,site_a,25ddc1ca-d368-4fff-b1ad-1dbf1e7c97aa_0,0,primary,centre,0.41448491155046824,
bbbc041,site_a,45f18ac0-f097-4b20-a99d-8837cf488822_6,0,primary,centre,0.47529021558872303,
bbbc041,site_a,205306da-0ed8-475a-ace6-f2f81d4be88a_7,0,primary,centre,0.4166242578456319,
bbbc041,site_a,cfe6086f-eb0b-4cb0-a430-8cd7de6556e2_61,0,primary,centre,0.8309178743961353,
bbbc041,site_a,aa2dfa24-2dc3-4279-a232-f84780ace190_45,0,primary,centre,0.6508387096774193,
bbbc041,site_a,674b0fd3-f247-4b7f-97f7-3e6c57c9ba9e_178,0,primary,centre,0.7996723996723997,
bbbc041,site_a,ef1419e0-3a3a-458a-b3b2-7efddac50404_33,0,primary,centre,0.5956307870370371,
bbbc041,site_a,9147a21d-0de2-4c04-88da-b788311696ac_42,0,primary,centre,0.44047425694331654,
bbbc041,site_a,597bbff8-6592-41cf-8946-e59b0d1f289a_34,0,primary,centre,0.37786812207618625,
bbbc041,site_a,69565501-6e77-4f40-bd80-caa3dda34d8b_8,0,primary,centre,0.5373208779249048,
bbbc041,site_a,00a02700-2ea2-4590-9e15-ffc9160fd3de_23,0,primary,centre,0.5694444444444444,
bbbc041,site_a,24418314-f7a4-49fc-a03e-ec597ca6796e_62,0,primary,centre,0.4953173777315297,
bbbc041,site_a,9f959520-e15e-45c2-bc29-ef3c19154d1c_9,0,primary,centre,0.45319979843789365,
bbbc041,site_a,2d857091-efcd-41c0-ba3f-226de90445c4_68,0,primary,centre,0.3641692527461701,
bbbc041,site_a,c66cb6b2-1480-446a-a9d2-b8032a3de0d7_28,0,primary,centre,0.5676099881093936,
bbbc041,site_a,e871f52c-77a6-4813-80d4-95bd97985f1a_25,0,primary,centre,0.38789275240888144,
bbbc041,site_a,f6f8a69a-3fd2-4684-ac77-3e83ea0fb36d_3,0,primary,centre,0.4752585965893207,
bbbc041,site_a,00d04a90-80e5-4bce-9511-1b64eabb7a47_8,0,primary,centre,0.36962190352020863,
bbbc041,site_a,89f10192-d3dd-4996-a571-4c851dbdc983_10,0,primary,centre,0.4244771982867221,
bbbc041,site_a,7bde7de1-889b-4218-b0e1-e2c04f6a7986_52,0,primary,centre,0.6253719500099186,
bbbc041,site_a,04628a94-b674-469b-aff6-b476b70df87d_31,0,primary,centre,0.40832476875642343,
bbbc041,site_a,8ab5c462-045e-4b59-b53a-9b2bc3ed2487_48,0,primary,centre,0.3789569160997732,
bbbc041,site_a,8cc6fe77-5f2f-4670-b4ac-1b49550241a8_110,0,primary,centre,0.5784912109375,
bbbc041,site_a,aabca37c-f9ef-4415-aab6-3246caa348e9_28,0,primary,centre,0.5041568256967407,
bbbc041,site_a,8eeb378e-90f0-47ea-ac1c-2a201eb8d090_34,0,primary,centre,0.5030864197530864,
bbbc041,site_a,1976cd04-d24f-457c-b423-7e4cdb05de9e_46,0,primary,centre,0.3399393545592376,
bbbc041,site_a,f939782b-f5a2-40a3-9c22-6c6d7e18edc3_19,0,primary,centre,0.49791111111111114,
bbbc041,site_a,5f17d2fb-22fa-4aa6-9dad-6a1d50c03815_17,0,primary,centre,0.513520440856081,
bbbc041,site_a,8190ec37-9a5e-419f-89ed-fbfb079370db_32,0,primary,centre,0.49670967741935484,
bbbc041,site_a,7d041c38-11f2-4186-8a24-29d7d0f5c3cf_75,0,primary,centre,0.42793388429752066,
bbbc041,site_a,b21f6c6e-4b45-407a-b4c7-034a115f3ee4_46,0,primary,centre,0.7759386903682206,
bbbc041,site_a,8cca114a-ed05-4b87-95b7-fae02487f08c_17,0,primary,centre,0.5425514403292181,
bbbc041,site_a,d67398c5-8b0e-463f-a04e-8583c820786c_8,0,primary,centre,0.49539007092198584,
bbbc041,site_a,2f6224be-50d0-4e85-94ef-88315df561b6_33,0,primary,centre,0.5489116181484396,
bbbc041,site_a,8cca114a-ed05-4b87-95b7-fae02487f08c_31,0,primary,centre,0.60381168127647,
bbbc041,site_a,0fa5b35d-6c44-4207-b6f8-d5b355086b5f_20,0,primary,centre,0.3921262573707943,
bbbc041,site_a,1976cd04-d24f-457c-b423-7e4cdb05de9e_78,0,primary,centre,0.7616438356164383,
bbbc041,site_a,9e5437c6-b0d3-473b-b7c3-8f5afeb90c7a_13,0,primary,centre,0.3972617743702081,
bbbc041,site_a,a6fe423a-5204-4378-bcfa-d6d298a3e9aa_5,0,primary,centre,0.41267542882601915,
bbbc041,site_a,0ca25c88-457f-4f03-bbc1-98fb6663f1d1_49,0,primary,centre,0.6429995727104401,
bbbc041,site_a,e3ea07d7-884a-412e-874a-40fd6b856736_16,0,primary,centre,0.5417828511676542,
bbbc041,site_a,445d0db9-e830-4ceb-a845-b23d819e6097_23,0,primary,centre,0.3694029850746269,
bbbc041,site_a,a4851ed0-1499-4eae-9157-dcd34773254f_50,0,primary,centre,0.5212903225806451,
bbbc041,site_a,3090a362-1f3d-49e9-a76e-ce76ff9c2276_6,0,primary,centre,0.6140085076627236,
bbbc041,site_a,95fea6d8-413f-421e-b331-5d51c31df150_9,0,primary,centre,0.41006944444444443,
bbbc041,site_a,95fea6d8-413f-421e-b331-5d51c31df150_17,0,primary,centre,0.33273673257023934,
bbbc041,site_a,de6d3020-9347-473b-9146-8909627790f6_86,0,primary,centre,0.40766460905349794,
bbbc041,site_a,7d4d0646-26b5-46fa-ab25-452d986e887b_17,0,primary,centre,0.5276056014692379,
bbbc041,site_a,caeb2d62-1166-43f0-8eac-5b8fc48f02eb_9,0,primary,centre,0.40991969768540387,
bbbc041,site_a,41ebf9a1-24dc-454e-8bf8-508218f5ee57_39,0,primary,centre,0.5793682526989204,
bbbc041,site_a,c0c3041f-78cd-46de-8e36-0a7dad0c04c4_24,0,primary,centre,0.6351961950059453,
bbbc041,site_a,cbde7f7e-2458-4dda-9db2-3d5ccf950ced_8,0,primary,centre,0.39138792772010766,
bbbc041,site_a,53afd70c-08a7-4b9a-b137-7003b2ecbeab_19,0,primary,centre,0.42528982395878057,
bbbc041,site_a,191f87a4-6f2d-49e7-bba0-08e3aa78ddaf_65,0,primary,centre,0.486639753940792,
bbbc041,site_a,caeb2d62-1166-43f0-8eac-5b8fc48f02eb_13,0,primary,centre,0.4078108941418294,
bbbc041,site_a,ca734448-0d52-42fa-b41c-17b2939e58ae_101,0,primary,centre,0.7101984644357525,
bbbc041,site_a,de81bf7a-7a56-437f-a068-4d9c3e01134c_44,0,primary,centre,0.5326967592592593,
bbbc041,site_a,151f3af5-5e6e-4bcd-9389-4974fc68813e_20,0,primary,centre,0.6620576131687242,
bbbc041,site_a,45651e76-4bd0-45e5-895b-edec65f51987_46,0,primary,centre,0.41772219836839847,
bbbc041,site_a,cc275c45-7511-4070-84af-10b8ffebda53_5,0,primary,centre,0.3891937204694406,
bbbc041,site_a,b10ea12f-cd36-4f2c-994a-67d1665269ab_185,0,primary,centre,0.6674757281553398,
bbbc041,site_a,83d4e1fe-da84-4175-a9e2-8efc18782dcf_21,0,primary,centre,0.3248733345843498,
bbbc041,site_a,de2b8835-552c-4f01-98b7-67bc4910062e_98,0,primary,centre,0.4956628645584318,
bbbc041,site_a,46a03374-64c7-49ac-81c9-c3d62542bbf3_73,0,primary,centre,0.636676798378926,
bbbc041,site_a,b8dd6125-5027-47e2-a283-14e199274c80_8,0,primary,centre,0.40476306909873344,
bbbc041,site_a,5c99cd97-39f6-4809-9528-9d380cc16b16_77,0,primary,centre,0.5841666666666666,
bbbc041,site_a,261562a8-ffd8-4e0e-919b-22e267000b74_154,0,primary,centre,0.5604734945959856,
bbbc041,site_a,f77d7469-d083-4c2d-a4ea-5a9ff162e3e2_36,0,primary,centre,0.4612750771604938,
bbbc041,site_a,de00f9a5-aa8b-4679-8ec6-85528a942d6f_31,0,primary,centre,0.3651832919015441,
bbbc041,site_a,1b369bcf-ced4-4ae2-9196-2664bd2b1738_55,0,primary,centre,0.7100719424460432,
bbbc041,site_a,b4e5e08d-6427-46f3-aca8-a4df165a151d_2,0,primary,centre,0.45485986881335716,
bbbc041,site_a,0a747cb3-c720-4572-a661-ab5670a5c42e_3,0,primary,centre,0.4497668038408779,
bbbc041,site_a,b2103776-9b32-4160-b4f0-0692deda19dc_20,0,primary,centre,0.4546086150995831,
bbbc041,site_a,71cf2467-77d3-4fac-ac6e-1d8767717c34_22,0,primary,centre,0.6065916671377692,
bbbc041,site_a,694222bb-cddf-469a-9526-f873c6fba58e_85,0,primary,centre,0.5877777777777777,
bbbc041,site_a,df3d98b9-3dd7-4107-8d4a-ae1b7f247793_10,0,primary,centre,0.403139765279683,
bbbc041,site_a,a5e05ba8-0c19-41e3-92d5-10e42a03b85e_46,0,primary,centre,0.4437112183591057,
bbbc041,site_a,2ae3e6e6-7482-4ab8-ad73-b530b5c2ee3b_83,0,primary,centre,0.5565251572327043,
bbbc041,site_a,86495bbf-687b-429c-b9d3-6c2681ade7e2_42,0,primary,centre,0.38640533778148456,
bbbc041,site_a,04a567df-5463-4043-81f1-d726223c19a9_32,0,primary,centre,0.3557638888888889,
bbbc041,site_a,05804cf0-f854-4099-97c2-df287f7c8a8c_63,0,primary,centre,0.6733682334595679,
bbbc041,site_a,255d5f0c-87fc-4337-bb51-07c440df4f1b_4,0,primary,centre,0.4214929214929215,
bbbc041,site_a,27cdd837-e40f-491e-8adb-61e493189832_3,0,primary,centre,0.41087962962962965,
bbbc041,site_a,694222bb-cddf-469a-9526-f873c6fba58e_54,0,primary,centre,0.5976946334089192,
bbbc041,site_a,6ba5d0b8-cdc7-4266-9d78-db76faa312e9_25,0,primary,centre,0.3095324612403101,
bbbc041,site_a,21417261-475a-456f-b03f-57ac85a6e106_10,0,primary,centre,0.46069111211709673,
bbbc041,site_a,25132962-ff5d-4737-995f-c54d8490539b_5,0,primary,centre,0.4395188237914903,
bbbc041,site_a,ed0bee2f-05e0-4392-8357-19750cec577c_110,0,primary,centre,0.6269543191545113,
bbbc041,site_a,1a48cbc1-5423-47e5-8ca5-2ab4f83a05a5_53,0,primary,centre,0.6963653229886996,
bbbc041,site_a,3b4440f7-a69b-4042-a9d0-d6958abcdf4e_27,0,primary,centre,0.44986522911051213,
bbbc041,site_a,afd39466-aafa-4d81-9520-483727418723_64,0,primary,centre,0.597151303413061,
bbbc041,site_a,533c47c9-02a6-419b-961b-81797f022f6c_49,0,primary,centre,0.5708150584795322,
bbbc041,site_a,e16c0dab-780d-4035-872e-1bb91e49f9d2_86,0,primary,centre,0.5987543485579621,
bbbc041,site_a,d7c7eb2c-2acd-4f86-8a5a-09ab3dd02d16_23,0,primary,centre,0.5220509972696562,
bbbc041,site_a,2c1eaf87-3fd3-4803-92b8-23bab40bf28c_17,0,primary,centre,0.40115325908756855,
bbbc041,site_a,1c406ce1-023b-47fc-a2cd-5ea2e255de65_14,0,primary,centre,0.4300030483158055,
bbbc041,site_a,b85fc640-de49-4f7e-afc0-978ff020f2e2_45,0,primary,centre,0.4789766794291681,
bbbc041,site_a,ef8fcfa4-8466-4186-8c69-f5f4904eb489_17,0,primary,centre,0.45299952763344353,
bbbc041,site_a,109fbb82-bc3c-41ac-984d-e2da86202873_8,0,primary,centre,0.3291420118343195,
bbbc041,site_a,bb795ddf-ce72-42d5-9006-124db4d5cf1c_40,0,primary,centre,0.5682748976126261,
bbbc041,site_a,f5869ba8-6253-426b-93f3-82af59a86144_6,0,primary,centre,0.5583287369001655,
bbbc041,site_a,eed298b3-35f2-4127-88ad-0c4a9062207b_0,0,primary,centre,0.46564384998688696,
bbbc041,site_a,b21f6c6e-4b45-407a-b4c7-034a115f3ee4_43,0,primary,centre,0.7283950617283951,
bbbc041,site_a,69565501-6e77-4f40-bd80-caa3dda34d8b_19,0,primary,centre,0.5939192924267551,
bbbc041,site_a,711f6b3f-cd63-46d1-834a-bc8e9aa9b43e_94,0,primary,centre,0.7353435399551904,
bbbc041,site_a,f68ae8e9-e760-4106-88e0-4bdef2785f06_17,0,primary,centre,0.6343724805159904,
bbbc041,site_a,e871f52c-77a6-4813-80d4-95bd97985f1a_38,0,primary,centre,0.5009192866335723,
bbbc041,site_a,540a5fee-175b-4b92-bf62-1ea9b59c86c6_124,0,primary,centre,0.6537866224433388,
bbbc041,site_a,24115f58-a7d6-4022-a95a-86b515a78d3e_97,0,primary,centre,0.5553241704845203,
bbbc041,site_a,5107dcb7-164f-4e10-bbff-822b39b76efc_55,0,primary,centre,0.6175689349860866,
bbbc041,site_a,bb795ddf-ce72-42d5-9006-124db4d5cf1c_12,0,primary,centre,0.4864314789687924,
bbbc041,site_a,f0fe292d-85ae-4c3a-a676-037dde2594e6_2,0,primary,centre,0.42979423868312755,
bbbc041,site_a,ca734448-0d52-42fa-b41c-17b2939e58ae_55,0,primary,centre,0.49574759945130314,
bbbc041,site_a,b2e34f5f-904e-4473-9dc7-c6bc1ce12640_72,0,primary,centre,0.711085308380575,
bbbc041,site_a,e5fd5949-4cd0-4cb6-837a-02c26a5eb87a_39,0,primary,centre,0.4805867925401453,
bbbc041,site_a,6b473806-e936-4b19-98cf-a2b94cac35ff_26,0,primary,centre,0.32874227358237035,
bbbc041,site_a,ea6b012a-3425-4bfc-a61d-88563aa2a264_0,0,primary,centre,0.43945130315500686,
bbbc041,site_a,b2e34f5f-904e-4473-9dc7-c6bc1ce12640_64,0,primary,centre,0.7045855379188712,
bbbc041,site_a,1345dc89-a3d9-4b71-8a75-b3bff01ba518_16,0,primary,centre,0.5686019560178642,
bbbc041,site_a,83ec8923-6232-40d7-ba1f-a1b8bf7cb66c_7,0,primary,centre,0.4347351715929379,
bbbc041,site_a,6ad3efc9-4392-4cee-98a5-186564a96373_41,0,primary,centre,0.6398709677419355,
bbbc041,site_a,2b128a1a-95ed-408b-b9f8-8795cc814d80_28,0,primary,centre,0.3751073422069558,
bbbc041,site_a,bb795ddf-ce72-42d5-9006-124db4d5cf1c_44,0,primary,centre,0.4199989940143856,
bbbc041,site_a,0ca25c88-457f-4f03-bbc1-98fb6663f1d1_54,0,primary,nearest,0.7463789831185695,
bbbc041,site_a,30948737-0d0d-4b68-b9ab-50577e0fe026_11,0,primary,centre,0.5044719642242862,
bbbc041,site_a,d67fb447-4dd7-4a82-a305-2b70927b69bb_18,0,primary,centre,0.6341212744090442,
bbbc041,site_a,8e0dfc1f-e3eb-4a3f-a1c4-249bdfbfaa27_37,0,primary,centre,0.6704357418643133,
bbbc041,site_a,e3e9c2de-0a24-4c7e-8a69-3d3093d5bdab_65,0,primary,centre,0.501953125,
bbbc041,site_a,49b03a6e-6b26-4a96-a061-e05647a02138_43,0,primary,centre,0.6880581100892976,
bbbc041,site_a,2d0f600d-f94e-4907-b712-52fb37d9ed52_59,0,primary,centre,0.6853678135729417,
bbbc041,site_a,fb05b297-180a-4171-b633-09d5616d7534_31,0,primary,centre,0.6528925619834711,
bbbc041,site_a,ae17a099-18b5-4a42-a901-850ea056423e_33,0,primary,centre,0.5904541015625,
bbbc041,site_a,e94a811d-3145-4313-ba42-2d5ed283179f_38,0,primary,centre,0.45453954214360043,
bbbc041,site_a,0906111b-bac7-4541-a6dc-da435c0724a8_8,0,primary,centre,0.45954951352792217,
bbbc041,site_a,f6f8a69a-3fd2-4684-ac77-3e83ea0fb36d_13,0,primary,centre,0.5219053367536844,
bbbc041,site_a,99b13257-b9d9-422f-8262-802da0bdc510_17,0,primary,centre,0.437645838734768,
bbbc041,site_a,5a631871-2fc7-4a68-9c39-f3b9a0bf4a04_82,0,primary,centre,0.6507936507936508,
bbbc041,site_a,aa2dfa24-2dc3-4279-a232-f84780ace190_28,0,primary,centre,0.5048035813087873,
bbbc041,site_a,2fdbd9bc-bbaf-44c2-b40c-d193709639fa_43,0,primary,centre,0.8335222978080121,
bbbc041,site_a,d67398c5-8b0e-463f-a04e-8583c820786c_26,0,primary,centre,0.37142857142857144,
bbbc041,site_a,3af90874-59f3-4f0c-a7e6-cc889e80c605_19,0,primary,centre,0.42432060543515654,
bbbc041,site_a,45f18ac0-f097-4b20-a99d-8837cf488822_61,0,primary,centre,0.5968447505584512,
bbbc041,site_a,5a105b89-c592-4d78-b208-7db6c6572752_27,0,primary,centre,0.6201814058956916,
bbbc041,site_a,2a91387a-d30f-418d-ac3a-f7cfa6836261_28,0,primary,centre,0.3663781799108314,
bbbc041,site_a,4d0a1598-e4dd-45c4-8a90-dd7c780fe1da_100,0,primary,centre,0.39190404797601197,
bbbc041,site_a,640c4a52-3742-4f57-aee3-9e3dc0887622_60,0,primary,centre,0.5815742397137746,
bbbc041,site_a,157ac97a-396e-4f6c-94c6-72a4d06ccc5f_13,0,primary,centre,0.49216579191108367,
bbbc041,site_a,79b3a64f-2fb9-46e0-85d4-2bdd59c2075e_4,0,primary,centre,0.4935185185185185,
bbbc041,site_a,452482bc-24a3-413e-ba03-fad4c9d61f3c_49,0,primary,centre,0.49107142857142855,
bbbc041,site_a,20d4f65e-6c63-433a-935c-d568d577967b_94,0,primary,centre,0.7278380102040817,
bbbc041,site_a,184b376b-03cb-4c2d-af51-fc1a62196293_11,0,primary,centre,0.43606366459627327,
bbbc041,site_a,1dd3e6dd-343f-4cc9-b0ed-e4d27fb36f0a_8,0,primary,centre,0.40081053698074975,
bbbc041,site_a,89f10192-d3dd-4996-a571-4c851dbdc983_3,0,primary,centre,0.7524305555555556,
bbbc041,site_a,b59dc3a0-3d54-4e3b-a485-33b3e43966de_15,0,primary,centre,0.5410014170996693,
bbbc041,site_a,468c261d-f5d8-423f-883e-48af2bbbc5d1_71,0,primary,centre,0.4602076124567474,
bbbc041,site_a,a15e0fa8-2620-4f66-896e-175115c9dc3d_61,0,primary,centre,0.3291603501393711,
bbbc041,site_a,bcaefb02-682a-41b9-acc7-e6cc010f5b30_2,0,primary,centre,0.3808489559518366,
bbbc041,site_a,eb77e4a9-acb0-4d83-8055-2c5fcaa54b45_174,0,primary,centre,0.7021683673469388,
bbbc041,site_a,a065c50b-341d-4803-b4b0-0fe8f04fdbb5_4,0,primary,centre,0.4968595041322314,
bbbc041,site_a,db7c5ec1-fefe-4e9d-83c1-da8fb982f1e2_4,0,primary,centre,0.5348696586938995,
bbbc041,site_a,5721e41b-90ef-4851-8587-8dc71227ef90_34,0,primary,centre,0.6376388733026597,
bbbc041,site_a,d9345456-b76d-46cc-b81e-46d4a0a7b652_12,0,primary,centre,0.3635111111111111,
bbbc041,site_a,80da32ce-8c22-470e-9f35-558c5f7a5df9_55,0,primary,centre,0.5007625272331154,
bbbc041,site_a,04018590-4e66-4cb9-ad2d-83570f1b29ae_12,0,primary,centre,0.4065436825617821,
bbbc041,site_a,8f84a2c9-ca38-4405-a488-12fcd101278b_20,0,primary,centre,0.3931421970174333,
bbbc041,site_a,d6942996-5664-4370-ad87-2bdcbd49ac16_93,0,primary,centre,0.7989496959646213,
bbbc041,site_a,e3c1442a-717f-41dd-bf97-81e1233ac9fa_50,0,primary,centre,0.6925207756232687,
bbbc041,site_a,b234b6ea-b54d-470c-8461-ba7f4a024796_39,0,primary,centre,0.5668,
bbbc041,site_a,03b9d6ad-39ca-4097-a98b-77f02b3c00a7_2,0,primary,centre,0.36849604706747563,
bbbc041,site_a,6382976c-ee87-4916-b798-4ef1373b2df0_46,0,primary,centre,0.4962899543378995,
bbbc041,site_a,6ba5d0b8-cdc7-4266-9d78-db76faa312e9_45,0,primary,centre,0.42848575712143927,
bbbc041,site_a,4811fdf2-d7e8-475e-a840-45dda5282bf3_3,0,primary,centre,0.62328001375989,
bbbc041,site_a,b2e34f5f-904e-4473-9dc7-c6bc1ce12640_185,0,primary,centre,0.4573045267489712,
bbbc041,site_a,c776eb78-3323-4571-b39f-7ffc73ae63ce_1,0,primary,centre,0.42748091603053434,
bbbc041,site_a,bb337c84-f727-42a5-9c3d-934323a16c6a_1,0,primary,centre,0.45519435844513245,
bbbc041,site_a,177a3141-fa93-426a-9b52-7da71547ce44_22,0,primary,centre,0.3171947312210751,
bbbc041,site_a,38d1b930-dd97-4248-9160-e9389a1a8dd7_16,0,primary,centre,0.3951232839286934,
bbbc041,site_a,bd856928-96ee-4fc4-a377-f2fc4e84448b_35,0,primary,centre,0.6051086318261891,
bbbc041,site_a,b701b5c5-b922-4315-b12a-aac4ec65ee8b_23,0,primary,centre,0.6559763313609468,
bbbc041,site_a,4d8a4ce8-0f9c-4f21-8844-4cf0e5514bbf_48,0,primary,centre,0.4912375013439415,
bbbc041,site_a,5a631871-2fc7-4a68-9c39-f3b9a0bf4a04_20,0,primary,centre,0.5435509022053909,
bbbc041,site_a,a23f5539-bfe6-4885-9a0e-dba972475ea9_153,0,primary,centre,0.7160493827160493,
bbbc041,site_a,a2754679-68b0-40f4-be01-bafad5ac1261_78,0,primary,centre,0.5834570704865054,
bbbc041,site_a,8939e14b-fcdf-48b1-acb9-6514a2fc2fc0_43,0,primary,centre,0.5567498329249276,
bbbc041,site_a,baa87bf8-786c-444c-81e8-9fa0a41d8149_4,0,primary,centre,0.4125094482237339,
bbbc041,site_a,f6ab936d-924b-4038-aa47-71b07c26b4e2_64,0,primary,centre,0.8243621399176955,
bbbc041,site_a,b10ea12f-cd36-4f2c-994a-67d1665269ab_160,0,primary,centre,0.7714789619551524,
bbbc041,site_a,45ac9409-5537-44ed-90cd-5c8a1ae0e1e0_3,0,primary,centre,0.42371227887617063,
bbbc041,site_a,bb2042c5-35e1-43cc-8171-7de81b764361_14,0,primary,centre,0.41614214529242066,
bbbc041,site_a,f07174a5-f799-4286-ac43-5b0f5c5777ac_19,0,primary,centre,0.5924458711836623,
bbbc041,site_a,7d041c38-11f2-4186-8a24-29d7d0f5c3cf_19,0,primary,centre,0.42622448979591837,
bbbc041,site_a,592c941a-aa54-4971-b499-dc47356f80a3_93,0,primary,centre,0.44636363636363635,
bbbc041,site_a,b4e5e08d-6427-46f3-aca8-a4df165a151d_15,0,primary,centre,0.519730319254412,
bbbc041,site_a,a9daf82a-a46d-4296-bd72-2c374ed0a193_2,0,primary,centre,0.4145431588613407,
bbbc041,site_a,a3ada657-de00-44db-b1e2-54ba17e39983_25,0,primary,centre,0.6158410732714138,
bbbc041,site_a,1c87b997-a8e6-48ca-bf40-19b9a7fd6a96_69,0,primary,centre,0.5177210703526492,
bbbc041,site_a,dce55b59-c6c3-4693-aa75-6b348c8f52cd_3,0,primary,centre,0.46700989025877254,
bbbc041,site_a,3d1b889e-bb4a-4ee6-b899-974ee7d956a7_67,0,primary,centre,0.5220370868046225,
bbbc041,site_a,e3a4b3e7-9500-4b6c-a402-b6d3f45e714b_65,0,primary,centre,0.5392484674787039,
bbbc041,site_a,dcb21739-3c36-459d-b3cc-1be5871d6fe7_3,0,primary,centre,0.6049704142011835,
bbbc041,site_a,e9e78ff8-831b-46e9-9785-3eee9acbfcd8_55,0,primary,centre,0.6906370656370656,
bbbc041,site_a,c442e2d6-aaf9-417a-9905-4737a1115f33_0,0,primary,centre,0.5355800799019026,
bbbc041,site_a,59542a24-b409-4c95-8608-d9691a741526_35,0,primary,centre,0.33575439453125,
bbbc041,site_a,a30da226-b452-408a-a556-bfae4d521464_59,0,primary,centre,0.7098649442160893,
bbbc041,site_a,26799d2b-a289-4eff-9218-0aad77e05e41_22,0,primary,centre,0.3559746877054569,
bbbc041,site_a,bcb447c9-5d37-414f-a513-d7076b04a532_87,0,primary,centre,0.5493818865896264,
bbbc041,site_a,2596eb32-1323-41e9-8c0f-64819abcfc73_29,0,primary,centre,0.7135151333533114,
bbbc041,site_a,5e17f8e6-fd8d-426c-b444-1515d14f04b7_15,0,primary,centre,0.568215972520395,
bbbc041,site_a,a3c0a876-be12-4ede-8aed-18b32a64401b_32,0,primary,centre,0.5369110607205845,
bbbc041,site_a,3006096f-ceeb-42be-b69e-785179d7438b_52,0,primary,centre,0.338009202109752,
bbbc041,site_a,cbb58718-6319-48db-b84b-78ac9b12ff89_85,0,primary,centre,0.6440404040404041,
bbbc041,site_a,e726dac6-f962-449c-acff-4dd56847b685_45,0,primary,centre,0.5418516769012753,
bbbc041,site_a,b834cbf7-ff97-49d9-9561-566c9343735c_30,0,primary,centre,0.4611337567541947,
bbbc041,site_a,78c35732-7e31-4153-842e-55ab1cd656f6_15,0,primary,centre,0.41981199259364765,
bbbc041,site_a,65e3d6a6-012c-4b40-9a42-83078eb85e31_136,0,primary,centre,0.6336363636363637,
bbbc041,site_a,6afd8203-d61a-4e9b-a4cf-dcb53a16b57c_5,0,primary,centre,0.4371913148821172,
bbbc041,site_a,72029aca-f0bc-477f-b790-f345f86228ce_11,0,primary,centre,0.4398902606310014,
bbbc041,site_a,5d1418d3-1559-4725-ad4a-9afb6eaecdfd_28,0,primary,centre,0.4272456306733505,
bbbc041,site_a,3b5a8060-dec6-4a83-b7f2-b604e4e69dfc_87,0,primary,centre,0.6296926177878559,
bbbc041,site_a,c691c8ef-d3c7-47b6-a941-f6a1089f21a9_28,0,primary,centre,0.517384713188909,
bbbc041,site_a,729733ff-a349-4a96-b636-ccabe7d7e167_42,0,primary,centre,0.678696268304204,
bbbc041,site_a,7bcd3735-3134-46d1-8ca2-d4379f2d51c0_37,0,primary,centre,0.6138877782220445,
bbbc041,site_a,55836297-fc8e-4e00-9767-0d12b86e4604_4,0,primary,centre,0.49578125,
bbbc041,site_a,2fdbd9bc-bbaf-44c2-b40c-d193709639fa_56,0,primary,centre,0.7593792007821093,
bbbc041,site_a,5c037ffc-f515-48b3-b231-c110fbd2b8ca_39,0,primary,centre,0.6355027548209367,
bbbc041,site_a,3b55c42f-ad59-422f-ba99-4f4f4ca9cb2e_52,0,primary,centre,0.7253472222222223,
bbbc041,site_a,bc832bde-d3ea-4a8e-be90-7a3329dcc314_7,0,primary,centre,0.3794944820220719,
bbbc041,site_a,b2e34f5f-904e-4473-9dc7-c6bc1ce12640_9,0,primary,centre,0.7053571428571429,
bbbc041,site_a,c244166d-12ca-445f-9ed9-a13d9caa412f_32,0,primary,centre,0.751690251572327,
bbbc041,site_a,49efc89d-9cba-44f7-8257-7f911b73f68a_63,0,primary,centre,0.2499327866648743,
bbbc041,site_a,584d62ed-4329-45dd-94ce-e929d8b2bb74_77,0,primary,centre,0.6320861678004536,
bbbc041,site_a,584d62ed-4329-45dd-94ce-e929d8b2bb74_179,0,primary,centre,0.599843327161373,
bbbc041,site_a,3b5a8060-dec6-4a83-b7f2-b604e4e69dfc_70,0,primary,centre,0.5477315689981096,
bbbc041,site_a,e0ef520d-7b65-485d-9888-e6859f189f70_27,0,primary,centre,0.4404075355632449,
bbbc041,site_a,b62d47f9-2ff5-4902-abdc-b3610acfc7ba_3,0,primary,centre,0.6043939694505058,
bbbc041,site_a,b6364a57-72a9-43f3-8d02-9f53a992dc95_71,0,primary,centre,0.6512345679012346,
bbbc041,site_a,66557580-fd38-4d4b-80d8-88611ecc78c6_23,0,primary,centre,0.46788522012578615,
bbbc041,site_a,5e17f8e6-fd8d-426c-b444-1515d14f04b7_109,0,primary,centre,0.618204804045512,
bbbc041,site_a,a7c3c52f-3b40-4c92-a212-df9462cf25d8_49,0,primary,centre,0.41046995835812017,
bbbc041,site_a,c680004e-6ee2-43d7-877c-edc9b5ebeecc_17,0,primary,centre,0.525729888678849,
bbbc041,site_a,63d36d2c-43a9-49ac-9504-028b4968c860_23,0,primary,centre,0.6440888888888889,
bbbc041,site_a,093a831a-bf71-4333-bc06-942ae70cb164_86,0,primary,centre,0.61328125,
bbbc041,site_a,3003252a-2d2e-4687-ad30-9c38d68f1394_29,0,primary,centre,0.4637990808675321,
bbbc041,site_a,161978c3-3a05-47a5-9fee-be7d25693eae_54,0,primary,centre,0.3708894878706199,
bbbc041,site_a,bd856928-96ee-4fc4-a377-f2fc4e84448b_29,0,primary,centre,0.6122603577880077,
bbbc041,site_a,30948737-0d0d-4b68-b9ab-50577e0fe026_35,0,primary,centre,0.4144114149821641,
bbbc041,site_a,191071ab-6515-428c-9f05-8e4309542b75_50,0,primary,centre,0.468807862127902,
bbbc041,site_a,e9e78ff8-831b-46e9-9785-3eee9acbfcd8_12,0,primary,centre,0.43159486016628873,
bbbc041,site_a,c742ee2c-6814-46cd-af56-ae87bb9972f4_63,0,primary,centre,0.594021294021294,
bbbc041,site_a,a6f8a029-44ee-4fe3-b807-38d137347729_10,0,primary,centre,0.44073245736650823,
bbbc041,site_a,7d9c1422-6332-44e9-b134-3ac94f07b0f0_58,0,primary,centre,0.7043705755617113,
bbbc041,site_a,947348fe-4c70-468e-8009-3c14daeca69b_23,0,primary,centre,0.5015235260770975,
bbbc041,site_a,397f37bc-a3a4-4257-9430-c8fc5716f8b1_44,0,primary,centre,0.4827586206896552,
bbbc041,site_a,c03d9b87-e19b-402b-ad86-b30d6e8aeb59_63,0,primary,centre,0.6924227318045862,
bbbc041,site_a,9f33e0ea-065b-4703-9df9-15829b891860_56,0,primary,centre,0.6288247213779129,
bbbc041,site_a,8b494b40-cab5-49d3-893d-c805000fbe88_47,0,primary,centre,0.804047976011994,
bbbc041,site_a,105af41b-13cc-4ad1-8a1f-8bc4d47cdd94_50,0,primary,centre,0.635230179028133,
bbbc041,site_a,a85cd1ae-0c94-4387-8305-84ab8d96d137_9,0,primary,centre,0.419408579758434,
bbbc041,site_a,ff37dd9b-2e3c-444d-9d29-6db186cfa2fb_30,0,primary,centre,0.5698888608941519,
bbbc041,site_a,68f34a9c-f73d-4238-8f55-4b05a8a2154c_88,0,primary,centre,0.5582219938335046,
bbbc041,site_a,8e4bdd0d-1c72-4836-ae3e-05e2e50e4983_105,0,primary,centre,0.44470391993327774,
bbbc041,site_a,a6391703-0820-4913-a7cd-e843ff0d84ba_25,0,primary,centre,0.34920010490427483,
bbbc041,site_a,0da07970-3146-479c-8a07-f61ed32814a9_15,0,primary,centre,0.34992648603234616,
bbbc041,site_a,3fa1a4e3-c80d-49da-8f7b-a1abb0424f48_42,0,primary,centre,0.5908304498269896,
bbbc041,site_a,e81bf478-27ff-458c-ac30-9e1f8480bc5c_4,0,primary,centre,0.3858456617353059,
bbbc041,site_a,e4eea7ea-8989-46a9-9c98-25a178146b28_37,0,primary,centre,0.3773744792034461,
bbbc041,site_a,72088c26-d2dd-4906-b791-b8947fc7fbe4_48,0,primary,nearest,0.5902972651605232,
bbbc041,site_a,25132962-ff5d-4737-995f-c54d8490539b_38,0,primary,centre,0.5544192156126853,
bbbc041,site_a,d8f7e159-b7e3-49e4-86e8-aed8c5fbcd97_146,0,primary,centre,0.7296851574212894,
bbbc041,site_a,56077789-8580-41b4-89d6-deea227e5c60_70,0,primary,centre,0.7682734719596723,
bbbc041,site_a,4c7d2382-a962-4237-a053-955eea3decd8_21,0,primary,centre,0.6391174716756112,
bbbc041,site_a,a15e0fa8-2620-4f66-896e-175115c9dc3d_6,0,primary,centre,0.4196800208116545,
bbbc041,site_a,e98ea067-82b5-4a0d-87bf-b4bbdc10ddab_73,0,primary,centre,0.7270824388149421,
bbbc041,site_a,584d62ed-4329-45dd-94ce-e929d8b2bb74_72,0,primary,centre,0.6957846368994106,
bbbc041,site_a,4372709c-f356-4906-be17-415384d916e8_40,0,primary,centre,0.37814460964441177,
bbbc041,site_a,deeaa5b3-3895-4aec-a2ce-ed6404862cdf_22,0,primary,centre,0.45636739827173517,
bbbc041,site_a,f6f8a69a-3fd2-4684-ac77-3e83ea0fb36d_46,0,primary,centre,0.6083234244946493,
bbbc041,site_a,ef83ed4c-2724-4d5f-8abe-1a18d25cea35_61,0,primary,centre,0.6347558631295656,
bbbc041,site_a,39cc33be-d752-40fe-b7a8-2e69a3517205_7,0,primary,centre,0.4485363107524864,
bbbc041,site_a,e9916e11-9be6-4dec-9df6-2e7d1a8e1735_36,0,primary,centre,0.2649868641031765,
bbbc041,site_a,ca734448-0d52-42fa-b41c-17b2939e58ae_13,0,primary,centre,0.45620884563836606,
bbbc041,site_a,d3283f5b-3b3a-40ea-800b-79960ca851cb_37,0,primary,centre,0.3385960444783974,
bbbc041,site_a,252071ac-e9f2-41d2-abbb-87ef01b8a997_56,0,primary,centre,0.6047794117647058,
bbbc041,site_a,3de03fa2-3ad3-43fc-8435-b2a80bdd7550_1,0,primary,centre,0.4412235105957617,
bbbc041,site_a,55836297-fc8e-4e00-9767-0d12b86e4604_41,0,primary,centre,0.59881591796875,
bbbc041,site_a,b95ceeeb-8870-4492-9037-2091ff268c5a_49,0,primary,centre,0.7551624199975848,
bbbc041,site_a,a6fe423a-5204-4378-bcfa-d6d298a3e9aa_0,0,primary,centre,0.3975455046883618,
bbbc041,site_a,84c88143-940d-4b62-bbd2-7acc4cadcb6b_6,0,primary,centre,0.4008030231459613,
bbbc041,site_a,252071ac-e9f2-41d2-abbb-87ef01b8a997_85,0,primary,centre,0.7097568482610034,
bbbc041,site_a,d6942996-5664-4370-ad87-2bdcbd49ac16_35,0,primary,centre,0.7532921257726417,
bbbc041,site_a,edd09b2e-2673-4405-8ac0-e476e003e96a_15,0,primary,centre,0.3980444444444444,
bbbc041,site_a,95fea6d8-413f-421e-b331-5d51c31df150_45,0,primary,centre,0.6001571091908877,
bbbc041,site_a,e94a811d-3145-4313-ba42-2d5ed283179f_20,0,primary,centre,0.556547028884923,
bbbc041,site_a,84c88143-940d-4b62-bbd2-7acc4cadcb6b_16,0,primary,centre,0.49877365912351335,
bbbc041,site_a,d8f7e159-b7e3-49e4-86e8-aed8c5fbcd97_105,0,primary,centre,0.6690087145969499,
bbbc041,site_a,a93c35ba-1690-4358-8837-669bcd850bb7_27,0,primary,centre,0.5305148795465281,
bbbc041,site_a,8a7deb24-d2b4-4acf-86c4-3aadd39157fa_42,0,primary,centre,0.43879333512496643,
bbbc041,site_a,81fed4a1-9d48-4938-90c9-c8bf3f5e6b1f_33,0,primary,centre,0.5206207482993197,
bbbc041,site_a,80da32ce-8c22-470e-9f35-558c5f7a5df9_41,0,primary,centre,0.5774535560142616,
bbbc041,site_a,4a717a39-80f8-4b75-a25e-c46d65d7dcd5_24,0,primary,centre,0.4844897959183673,
bbbc041,site_a,7bcd3735-3134-46d1-8ca2-d4379f2d51c0_25,0,primary,centre,0.3664485766758494,
bbbc041,site_a,10891eed-b0f2-4dd0-90cb-da185f6761b2_14,0,primary,centre,0.3918529023424128,
bbbc041,site_a,3abbc4d3-1d7e-40c9-9963-33732da7cc50_30,0,primary,centre,0.4037140403606698,
bbbc041,site_a,672e4ecf-a56b-462e-b83b-76f4efaa6634_13,0,primary,centre,0.5,
bbbc041,site_a,6afd8203-d61a-4e9b-a4cf-dcb53a16b57c_35,0,primary,centre,0.2647663071391885,
bbbc041,site_a,cc882eae-a341-4783-bd19-8bdedf798538_3,0,primary,centre,0.46296296296296297,
bbbc041,site_a,5dec94a3-e3ca-4a58-9702-88e5a83ef612_72,0,primary,centre,0.3421639231824417,
bbbc041,site_a,db0a1123-0b35-48d7-8337-3b1ebd6af0cc_83,0,primary,centre,0.5946552427580579,
bbbc041,site_a,6d91d1f0-636b-4f5a-a526-7c17fc857190_104,0,primary,centre,0.6779367918902802,
bbbc041,site_a,79f63258-24ce-4e69-a5cb-8529635a89a9_32,0,primary,centre,0.5395610350900962,
bbbc041,site_a,cc94eabb-a3dc-4cfc-9fff-55c76b5b4a71_56,0,primary,centre,0.7233774417139256,
bbbc041,site_a,67582df6-bf13-4c83-a531-1214692b70de_37,0,primary,centre,0.6120021822149482,
bbbc041,site_a,9f33e0ea-065b-4703-9df9-15829b891860_53,0,primary,centre,0.3998628257887517,
bbbc041,site_a,94d9fa50-d3e4-4eaf-acfc-92e7f2ed9ea5_34,0,primary,centre,0.3032782820016863,
bbbc041,site_a,261562a8-ffd8-4e0e-919b-22e267000b74_120,0,primary,centre,0.626831370295892,
bbbc041,site_a,9e793460-d94c-47ac-b3a7-0d6ad86357da_22,0,primary,centre,0.45067663817663817,
bbbc041,site_a,4411fea2-d785-4eeb-80c6-c739ab6114c4_13,0,primary,centre,0.4803699897225077,
bbbc041,site_a,56a57a8d-c9b9-432a-a3b0-32a09355806c_53,0,primary,centre,0.6086778703152885,
bbbc041,site_a,8b494b40-cab5-49d3-893d-c805000fbe88_82,0,primary,centre,0.8461233392821733,
bbbc041,site_a,84041bf9-dace-4066-9fe0-52170d08f826_62,0,primary,centre,0.47696109693877553,
bbbc041,site_a,fe1ee954-ba71-47b3-954a-d20ab940cd7b_54,0,primary,centre,0.6333888228299643,
bbbc041,site_a,0f0c949e-018a-4f3f-ab02-3704f49c7754_38,0,primary,centre,0.7049645390070922,
bbbc041,site_a,46a2d369-4bea-4405-ac78-91bbe130b9a7_71,0,primary,centre,0.6130692829457365,
bbbc041,site_a,7eae1169-e294-4594-8e03-1366d23ff2d1_33,0,primary,centre,0.4255885850178359,
bbbc041,site_a,ff3b9d4d-373c-48ef-a75a-d23e2c2ade87_32,0,primary,centre,0.4704647676161919,
bbbc041,site_a,255d5f0c-87fc-4337-bb51-07c440df4f1b_48,0,primary,centre,0.45790816326530615,
bbbc041,site_a,48e2f0bd-2164-40c3-af43-1f2708359978_22,0,primary,centre,0.4061546840958606,
bbbc041,site_a,f07174a5-f799-4286-ac43-5b0f5c5777ac_86,0,primary,centre,0.3147883124627311,
bbbc041,site_a,d31dd2c0-ae8e-4499-86bb-7cabb6e438b9_4,0,primary,centre,0.5532299867964203,
bbbc041,site_a,21f001d6-f568-4ea4-82da-fab54c77c419_136,0,primary,centre,0.632211659373271,
bbbc041,site_a,fed6ba05-36a5-45dc-a4e1-9baa7de2c622_16,0,primary,centre,0.3973634651600753,
bbbc041,site_a,1fe1e118-adb8-4b10-a41e-1e5814e8f067_21,0,primary,centre,0.3772350414544002,
bbbc041,site_a,b338766f-19b9-4874-bcc5-ae22b3c533e6_4,0,primary,centre,0.444264166816898,
bbbc041,site_a,191071ab-6515-428c-9f05-8e4309542b75_80,0,primary,centre,0.42656700760555993,
bbbc041,site_a,74261741-4d6e-4dba-8ad4-4fbdf919c30f_36,0,primary,centre,0.37232258064516127,
bbbc041,site_a,434523fd-d4d9-4961-a7c2-d71d6ae68e13_51,0,primary,centre,0.34637451171875,
bbbc041,site_a,20d4f65e-6c63-433a-935c-d568d577967b_172,0,primary,centre,0.6307004283194759,
bbbc041,site_a,5dec94a3-e3ca-4a58-9702-88e5a83ef612_74,0,primary,centre,0.3979933110367893,
bbbc041,site_a,46a2d369-4bea-4405-ac78-91bbe130b9a7_36,0,primary,centre,0.5492469678795149,
bbbc041,site_a,913099c5-8085-4908-bf4b-1f098bbfcf66_6,0,primary,centre,0.4318333704611272,
bbbc041,site_a,a6ba808f-ec60-42a5-ad91-7b32412ab708_46,0,primary,centre,0.565948275862069,
bbbc041,site_a,216f9d43-6869-4ba1-9106-4f5ea6aac223_67,0,primary,centre,0.5140050336932694,
bbbc041,site_a,1493d140-c9d5-4c3a-9caf-3eafb290a49b_24,0,primary,centre,0.5238651939047004,
bbbc041,site_a,9dc6ed5d-6698-48cf-aab3-fd156673729c_9,0,primary,centre,0.5552037989711119,
bbbc041,site_a,bb2042c5-35e1-43cc-8171-7de81b764361_53,0,primary,centre,0.4221232288535852,
bbbc041,site_a,4736f545-1f1f-4d77-9241-d69cbf4dae35_14,0,primary,centre,0.43709825528007346,
bbbc041,site_a,3b13e20f-ec0d-44ec-b2f4-eaebfa09150e_53,0,primary,centre,0.6180555555555556,
bbbc041,site_a,9106a6bb-1352-411f-ac26-0d6fe48c16a8_9,0,primary,centre,0.40509975920192637,
bbbc041,site_a,56a57a8d-c9b9-432a-a3b0-32a09355806c_19,0,primary,centre,0.4706419063975955,
bbbc041,site_a,6d91d1f0-636b-4f5a-a526-7c17fc857190_160,0,primary,centre,0.7174502099986452,
bbbc041,site_a,c32b8bb8-c89d-4ae9-9c77-5b9356ca35a1_81,0,primary,centre,0.6277419354838709,
bbbc041,site_a,27fab82c-5bf0-426f-aeb9-47da829b6629_28,0,primary,centre,0.442758433816556,
bbbc041,site_a,49b03a6e-6b26-4a96-a061-e05647a02138_15,0,primary,centre,0.5302168312580506,
bbbc041,site_a,c03d9b87-e19b-402b-ad86-b30d6e8aeb59_17,0,primary,centre,0.39334705075445814,
bbbc041,site_a,434523fd-d4d9-4961-a7c2-d71d6ae68e13_34,0,primary,centre,0.5354110478473679,
bbbc041,site_a,b809b407-7b69-4334-873d-d6c49135f04a_12,0,primary,centre,0.4298363973688649,
bbbc041,site_a,df3d98b9-3dd7-4107-8d4a-ae1b7f247793_121,0,primary,centre,0.5718638525564804,
bbbc041,site_a,c17523c5-90a0-4a6b-9b33-2b4a6cf58d36_54,0,primary,centre,0.46175188267934997,
bbbc041,site_a,674b0fd3-f247-4b7f-97f7-3e6c57c9ba9e_74,0,primary,centre,0.6547877734318412,
bbbc041,site_a,45902b63-be9a-49ae-9ede-3a8015671bc4_4,0,primary,centre,0.42826482830385015,
bbbc041,site_a,bcb447c9-5d37-414f-a513-d7076b04a532_115,0,primary,centre,0.6060498450413223,
bbbc041,site_a,c94a5851-b846-4fde-8c89-05bec3a8ac53_37,0,primary,centre,0.6195443155993241,
bbbc041,site_a,b3058064-d817-47dd-a8c4-cdb1f62374f8_36,0,primary,centre,0.3986539270476534,
bbbc041,site_a,e94a811d-3145-4313-ba42-2d5ed283179f_29,0,primary,centre,0.40936279296875,
bbbc041,site_a,ac3358f1-ef9a-4ccc-b66c-da5e47e352e0_54,0,primary,centre,0.517279678756034,
bbbc041,site_a,4272cbd7-5b0a-4bf7-b690-dee1c128f07b_11,0,primary,centre,0.4137902695595003,
bbbc041,site_a,18dbe7c4-89d2-42a6-a969-1e951ab313b1_39,0,primary,centre,0.3805591771693467,
bbbc041,site_a,afd39466-aafa-4d81-9520-483727418723_47,0,primary,centre,0.5300867427088314,
bbbc041,site_a,2fdbd9bc-bbaf-44c2-b40c-d193709639fa_3,0,primary,centre,0.45594020456333595,
bbbc041,site_a,e4827c85-311a-4df1-89c2-99dad0c3558c_35,0,primary,centre,0.3617125984251969,
bbbc041,site_a,f24c8fe0-a534-44cf-9995-b2b314d945ba_13,0,primary,centre,0.3447208071121766,
bbbc041,site_a,afbb264e-ff60-443a-83f5-49d09be1b835_28,0,primary,centre,0.4389604335411689,
bbbc041,site_a,bf002a25-6535-4621-be19-56d468be5413_96,0,primary,centre,0.42604166666666665,
bbbc041,site_a,b5246b58-6f40-4c9e-8024-f49b0ed6bdbd_34,0,primary,centre,0.37947658402203854,
bbbc041,site_a,00c8364b-8c85-4502-bcfe-64736fe76815_39,0,primary,centre,0.6818692577169674,
bbbc041,site_a,6b2ff7ca-c5b3-415c-9481-7b14efc6d7ef_34,0,primary,centre,0.48460905349794237,
bbbc041,site_a,13bab3c3-3f79-44d9-a287-0ae6d71eff31_18,0,primary,centre,0.4988265306122449,
bbbc041,site_a,e6d7c5e1-43fc-4712-86d5-aa70252b978f_4,0,primary,centre,0.4368877551020408,
bbbc041,site_a,dbdfad64-110c-421f-a1c7-f68fd9e82d67_10,0,primary,centre,0.4347933070866142,
bbbc041,site_a,c691c8ef-d3c7-47b6-a941-f6a1089f21a9_5,0,primary,centre,0.4017332960581493,
bbbc041,site_a,ed0bee2f-05e0-4392-8357-19750cec577c_131,0,primary,centre,0.6663053786749763,
bbbc041,site_a,76b24246-8571-4e7b-8815-b185414a2c51_6,0,primary,centre,0.34541163404137165,
bbbc041,site_a,de6d3020-9347-473b-9146-8909627790f6_42,0,primary,centre,0.41186087990487513,
bbbc041,site_a,24418314-f7a4-49fc-a03e-ec597ca6796e_36,0,primary,centre,0.46358471074380164,
bbbc041,site_a,80da32ce-8c22-470e-9f35-558c5f7a5df9_81,0,primary,centre,0.34316134316134317,
bbbc041,site_a,29539cb0-1c52-46b2-9302-552f8349dc71_16,0,primary,centre,0.4702935925411625,
bbbc041,site_a,fc8df086-39e0-43f8-b0c7-2d23a349539b_10,0,primary,centre,0.33641873278236917,
bbbc041,site_a,1c87b997-a8e6-48ca-bf40-19b9a7fd6a96_42,0,primary,centre,0.34814814814814815,
bbbc041,site_a,5e974892-0ebe-4037-8427-ea8616d6d3b8_102,0,primary,centre,0.5223692033293698,
bbbc041,site_a,cecbf663-0751-4e7f-b298-770c88afc2c1_67,0,primary,centre,0.49334716796875,
bbbc041,site_a,3dcd4f1b-ce43-4a34-b1ed-076bb42963b1_34,0,primary,centre,0.6772373018005913,
bbbc041,site_a,715761a2-745e-4743-9849-956a034ad3c4_29,0,primary,centre,0.42970521541950113,
bbbc041,site_a,6795acae-e84d-4e97-b9a1-b4f4f0a72cfd_51,0,primary,centre,0.4660332836562345,
bbbc041,site_a,a30da226-b452-408a-a556-bfae4d521464_11,0,primary,centre,0.6151724137931035,
bbbc041,site_a,f2574be3-81c6-4fc3-8a40-0230d1264f52_58,0,primary,centre,0.6991600020119713,
bbbc041,site_a,4d0a1598-e4dd-45c4-8a90-dd7c780fe1da_49,0,primary,centre,0.45960513565891475,
bbbc041,site_a,a88a48b6-f85c-45c1-b42f-79716c8463f1_65,0,primary,centre,0.5790333677330581,
bbbc041,site_a,0dcbf2c9-f959-4703-a72b-f6a81e66c2ea_8,0,primary,centre,0.5227096774193548,
bbbc041,site_a,597bbff8-6592-41cf-8946-e59b0d1f289a_11,0,primary,centre,0.38201008191556396,
bbbc041,site_a,bc377041-e098-45c4-9651-2b1ea90d1d7e_28,0,primary,centre,0.6081593162944449,
bbbc041,site_a,c10b125d-10c2-474a-9c6a-5249935c638e_35,0,primary,centre,0.40683455615043956,
bbbc041,site_a,b7d0ae11-a393-4aec-8f68-6ba07147f78a_27,0,primary,centre,0.5644970414201184,
bbbc041,site_a,e9e78ff8-831b-46e9-9785-3eee9acbfcd8_8,0,primary,centre,0.37893675988914083,
bbbc041,site_a,b4c52960-bbee-439e-83dc-f89ddaade71b_27,0,primary,centre,0.3358290723155588,
bbbc041,site_a,6dfafdf1-f588-4e80-8cf8-0126e1bf7af9_20,0,primary,centre,0.4105211937716263,
bbbc041,site_a,29648565-fe28-4517-ba72-68df0c82c9c5_64,0,primary,centre,0.7612039728682171,
bbbc041,site_a,71bbdc58-11af-41f2-9a93-3fe9257c5cf3_43,0,primary,centre,0.5905695611577965,
bbbc041,site_a,3fa1a4e3-c80d-49da-8f7b-a1abb0424f48_93,0,primary,centre,0.7245768359322937,
bbbc041,site_a,aaade430-4c49-4038-97b7-f8cdd937db57_44,0,primary,centre,0.5617785670377706,
bbbc041,site_a,bfe65b11-8aff-46aa-908b-1e989d25fdc4_51,0,primary,centre,0.7043360280400248,
bbbc041,site_a,43158031-a335-4533-9c20-48bebba90123_79,0,primary,centre,0.5670805941076211,
bbbc041,site_a,61cd8c7d-394d-42d3-9ed4-e09559110bed_29,0,primary,centre,0.5067515432098766,
bbbc041,site_a,45651e76-4bd0-45e5-895b-edec65f51987_36,0,primary,centre,0.39919354838709675,
bbbc041,site_a,46a03374-64c7-49ac-81c9-c3d62542bbf3_124,0,primary,nearest,0.7009314330602626,
bbbc041,site_a,84c88143-940d-4b62-bbd2-7acc4cadcb6b_0,0,primary,centre,0.502856648199446,
bbbc041,site_a,34df8890-272d-423a-ae78-ff8d068d3306_93,0,primary,centre,0.6138806772373018,
bbbc041,site_a,686ed568-d5f8-475e-81ad-edab9dd473a0_124,0,primary,centre,0.6859993153699447,
bbbc041,site_a,3911fcd2-4e26-4ad9-aaf0-d1c5bf41defc_21,0,primary,centre,0.4775840029218408,
bbbc041,site_a,eeac81a5-9202-4965-b7de-35b12910cdf6_11,0,primary,centre,0.5301146193771626,
bbbc041,site_a,795d0331-da56-4d45-a58a-54803408ffd9_7,0,primary,centre,0.34128826969384246,
bbbc041,site_a,4823c1fe-a7f9-4b92-959f-0d9be09cd14b_125,0,primary,centre,0.6938168846611177,
bbbc041,site_a,eba73bff-fbe1-436d-9a5f-0a61331a0ea2_20,0,primary,centre,0.47526617526617526,
bbbc041,site_a,9cdee92c-6267-4188-a41e-125bc0abb9ae_44,0,primary,centre,0.3121021829210987,
bbbc041,site_a,143f5959-5b6d-4f95-bcee-9e110450fc22_64,0,primary,centre,0.9250157529930687,
bbbc041,site_a,f4a27dfd-4c52-459f-96b5-ee6b452a3395_14,0,primary,centre,0.5422039277921047,
bbbc041,site_a,631340cc-cedf-4bca-a3d8-a0731a5482b4_33,0,primary,centre,0.5318859157186349,
bbbc041,site_a,20d4f65e-6c63-433a-935c-d568d577967b_9,0,primary,centre,0.5479281405717283,
bbbc041,site_a,749df49e-5212-49ea-9e88-7d66f258f1df_1,0,primary,nearest,0.3416363163371488,
bbbc041,site_a,29d4b75f-d400-4702-a9ac-e5a4ed1a1db1_34,0,primary,centre,0.46987871518059443,
bbbc041,site_a,46a03374-64c7-49ac-81c9-c3d62542bbf3_5,0,primary,centre,0.3871721820439769,
bbbc041,site_a,883d9731-a04d-4f84-83c9-d3bef954759d_55,0,primary,centre,0.500240371775012,
bbbc041,site_a,de5d19b7-e670-4ac7-843b-7ce7bcebdf45_21,0,primary,centre,0.823701043653911,
bbbc041,site_a,f2574be3-81c6-4fc3-8a40-0230d1264f52_61,0,primary,centre,0.4913194444444444,
bbbc041,site_a,1e978dfa-d339-4025-809d-09cee76728ed_48,0,primary,centre,0.726027397260274,
bbbc041,site_a,29d4b75f-d400-4702-a9ac-e5a4ed1a1db1_5,0,primary,centre,0.4165455426356589,
bbbc041,site_a,f234a2de-f3c8-4521-a306-8cfdf52dd597_50,0,primary,centre,0.4116666666666667,
bbbc041,site_a,61dfc937-a428-44b4-94fb-d682bdb8dff0_53,0,primary,centre,0.6576388888888889,
bbbc041,site_a,b234b6ea-b54d-470c-8461-ba7f4a024796_47,0,primary,centre,0.4781772623972962,
bbbc041,site_a,5ff7c0c8-d208-4e7d-958d-ca3c2260ff39_73,0,primary,centre,0.6353371280484983,
bbbc041,site_a,3f26fbbc-deb1-494f-b71c-c7cb3d4819fb_31,0,primary,centre,0.5281522855675398,
bbbc041,site_a,e9e78ff8-831b-46e9-9785-3eee9acbfcd8_76,0,primary,centre,0.7068418268383001,
bbbc041,site_a,f939782b-f5a2-40a3-9c22-6c6d7e18edc3_31,0,primary,centre,0.5065773387451709,
bbbc041,site_a,24115f58-a7d6-4022-a95a-86b515a78d3e_90,0,primary,centre,0.4640395428986033,
bbbc041,site_a,85a4d82e-cfb7-4983-b272-626c9e8c7583_0,0,primary,centre,0.4674091243145458,
bbbc041,site_a,49b03a6e-6b26-4a96-a061-e05647a02138_49,0,primary,centre,0.6355119825708061,
bbbc041,site_a,2bed2796-75a9-4d93-bb2d-e3ccbe1a5cbe_5,0,primary,centre,0.3988112580851932,
bbbc041,site_a,319c9c52-f316-49f3-baad-4444ab19f85b_7,0,primary,centre,0.5156983277149845,
bbbc041,site_a,2f68686f-1fe8-46e7-ad92-a08e3523ea79_28,0,primary,centre,0.45993055555555556,
bbbc041,site_a,4257342d-6d77-4671-a84b-1f0c36ccb367_39,0,primary,centre,0.6468085106382979,
bbbc041,site_a,783ae4ad-6a35-4b3c-b19f-754974b67b2d_41,0,primary,centre,0.5854067654459044,
bbbc041,site_a,aa4a023b-55bd-4259-b15d-7086a9b491e0_27,0,primary,centre,0.5486028182469549,
bbbc041,site_a,fbb1b44c-d75a-4550-a6c0-0eb62b96bfce_16,0,primary,centre,0.3917333333333333,
bbbc041,site_a,58d75854-be99-484e-89f0-4ab208fe07e0_30,0,primary,centre,0.40549120071285366,
bbbc041,site_a,1345dc89-a3d9-4b71-8a75-b3bff01ba518_2,0,primary,centre,0.4280613316530141,
bbbc041,site_a,e3e9c2de-0a24-4c7e-8a69-3d3093d5bdab_11,0,primary,centre,0.42724867724867727,
bbbc041,site_a,e0ff3476-226f-4125-b182-8e524d5503dd_83,0,primary,centre,0.5167584940312213,
bbbc041,site_a,95d5e689-c1d1-4ae8-a659-cc20c62a99f0_22,0,primary,centre,0.5977392977392978,
bbbc041,site_a,3061aac0-cda3-47d1-8c48-6293e9ffdf36_15,0,primary,centre,0.5867768595041323,
bbbc041,site_a,c35ee701-fde2-46b5-b178-1fe3f1ea7da2_70,0,primary,centre,0.4367079280872384,
bbbc041,site_a,16244280-6c74-47d3-b544-9fd6831a6bf9_15,0,primary,centre,0.40402777777777776,
bbbc041,site_a,6f67a66b-56ec-4c36-ae7c-f250d3b86a23_26,0,primary,centre,0.4221232288535852,
bbbc041,site_a,471f75c6-bd5d-4c20-bcc1-258e836f4d69_49,0,primary,centre,0.4082907820478366,
bbbc041,site_a,3911fcd2-4e26-4ad9-aaf0-d1c5bf41defc_22,0,primary,centre,0.23947093630351549,
bbbc041,site_a,07a80340-f65e-4f58-9317-94bb6ebd5a28_88,0,primary,centre,0.453420523138833,
bbbc041,site_a,dbdfad64-110c-421f-a1c7-f68fd9e82d67_14,0,primary,centre,0.5803957612456747,
bbbc041,site_a,397f37bc-a3a4-4257-9430-c8fc5716f8b1_41,0,primary,centre,0.3470394736842105,
bbbc041,site_a,d79b4e90-c45d-4f5d-a498-49c3e323c291_46,0,primary,centre,0.5736664683720007,
bbbc041,site_a,0fa5b35d-6c44-4207-b6f8-d5b355086b5f_55,0,primary,centre,0.6646842560553633,
bbbc041,site_a,e16c0dab-780d-4035-872e-1bb91e49f9d2_26,0,primary,centre,0.4035181872391175,
bbbc041,site_a,b8339d7b-85ec-48d0-83e8-c8f831070459_40,0,primary,centre,0.32940998943715105,
bbbc041,site_a,3768c577-4e5e-4d70-8c4d-93d8aacd5baa_14,0,primary,centre,0.39819420415224915,
bbbc041,site_a,de5d19b7-e670-4ac7-843b-7ce7bcebdf45_85,0,primary,centre,0.7814563059318304,
bbbc041,site_a,fcc2b245-f47f-447f-8527-275b0005677c_32,0,primary,centre,0.5078571428571429,
bbbc041,site_a,ac3358f1-ef9a-4ccc-b66c-da5e47e352e0_49,0,primary,centre,0.8262741046831956,
bbbc041,site_a,da111ca5-520f-4ea8-97ad-ae5fce58ee91_21,0,primary,centre,0.49044318420499894,
bbbc041,site_a,631340cc-cedf-4bca-a3d8-a0731a5482b4_61,0,primary,centre,0.3824424163407214,
bbbc041,site_a,ad8731b7-0dae-4983-9dc6-dec31767d761_38,0,primary,centre,0.386837087776287,
bbbc041,site_a,e13f2327-fbf4-4d84-a8c1-09cb1e449c8c_24,0,primary,centre,0.48224954044117646,
bbbc041,site_a,d31dd2c0-ae8e-4499-86bb-7cabb6e438b9_39,0,primary,centre,0.647874852420307,
bbbc041,site_a,56adbb1e-96a8-40a5-a5a2-243c97ea889b_15,0,primary,centre,0.4660888888888889,
bbbc041,site_a,b21f6c6e-4b45-407a-b4c7-034a115f3ee4_52,0,primary,centre,0.6041103934233705,
bbbc041,site_a,9c48fdf4-621d-4f40-bcd7-6a28cd530de7_42,0,primary,centre,0.6482134273353629,
bbbc041,site_a,05804cf0-f854-4099-97c2-df287f7c8a8c_76,0,primary,centre,0.7038806264158377,
bbbc041,site_a,d532e31c-10ce-4313-9a36-bd5e01230254_19,0,primary,centre,0.7453751284686536,
bbbc041,site_a,29861cf9-9a1e-4733-8309-4bd10706b4a3_37,0,primary,centre,0.43596089090835327,
bbbc041,site_a,91e93160-eb8d-4de0-b6bc-b98ec33d1663_44,0,primary,centre,0.40321030372933486,
bbbc041,site_a,8e0dfc1f-e3eb-4a3f-a1c4-249bdfbfaa27_0,0,primary,centre,0.3783327246165084,
bbbc041,site_a,25132962-ff5d-4737-995f-c54d8490539b_25,0,primary,centre,0.4304701448125372,
bbbc041,site_a,bc832bde-d3ea-4a8e-be90-7a3329dcc314_8,0,primary,centre,0.49197093803507796,
bbbc041,site_a,50715879-2300-4dba-8f4a-3314ff8cfcce_28,0,primary,centre,0.4240180634320521,
bbbc041,site_a,2aeb7b85-7df9-4a63-8d37-2eecaaa190e7_31,0,primary,centre,0.396508487654321,
bbbc041,site_a,d3ed519e-2152-4e30-838d-a3ea23be512f_6,0,primary,centre,0.6056397306397306,
bbbc041,site_a,003a89b0-a095-417a-8dd6-f408339bbc68_44,0,primary,centre,0.547573083287369,
bbbc041,site_a,bb337c84-f727-42a5-9c3d-934323a16c6a_9,0,primary,centre,0.3898615916955017,
bbbc041,site_a,fc8df086-39e0-43f8-b0c7-2d23a349539b_30,0,primary,centre,0.42415252561211975,
bbbc041,site_a,9af4b8ae-c912-41fd-b4c0-34864c75360f_21,0,primary,centre,0.5127450980392156,
bbbc041,site_a,9c48fdf4-621d-4f40-bcd7-6a28cd530de7_78,0,primary,centre,0.6384722222222222,
bbbc041,site_a,ad36bd67-594b-4f63-93e3-886af0bc618e_35,0,primary,centre,0.6643786982248521,
bbbc041,site_a,46a03374-64c7-49ac-81c9-c3d62542bbf3_111,0,primary,centre,0.6930828861061419,
bbbc041,site_a,b5acf759-1115-42f0-a753-656736192528_23,0,primary,centre,0.7091571279916753,
bbbc041,site_a,370277f8-436b-4103-8210-b4feb5ab95ea_1,0,primary,centre,0.3688365051903114,
bbbc041,site_a,73dd09d3-2bff-4b5e-b996-9da0b8b54a8f_34,0,primary,centre,0.5251141552511416,
bbbc041,site_a,4a49841f-216c-4815-8140-b8762c4f6603_84,0,primary,centre,0.5046382189239332,
bbbc041,site_a,f632981c-1330-4078-8a12-691beb2dab02_64,0,primary,centre,0.7775790101371497,
bbbc041,site_a,b4e5e08d-6427-46f3-aca8-a4df165a151d_35,0,primary,centre,0.3730619493204016,
bbbc041,site_a,5a539312-6cfa-43e6-8d5d-db883f343ad9_30,0,primary,centre,0.38055309199387244,
bbbc041,site_a,29dc8176-dfe1-40e0-8247-2dc3c530057e_33,0,primary,centre,0.5470465018852115,
bbbc041,site_a,9e0e1928-d19a-4100-b093-0b962ac09e05_76,0,primary,centre,0.5788611740992693,
bbbc041,site_a,ec301f62-1302-4407-96f9-fcfe45c150ae_33,0,primary,centre,0.5868791088385683,
bbbc041,site_a,4b346035-b8c0-46ca-8fdb-a01b1421ee4a_15,0,primary,centre,0.37615320100642996,
bbbc041,site_a,a3c0a876-be12-4ede-8aed-18b32a64401b_28,0,primary,centre,0.37840120097579283,
bbbc041,site_a,034c8d57-04d5-4786-93a4-6ae8fde2c258_58,0,primary,centre,0.6434426229508197,
bbbc041,site_a,3a8f468f-f9de-46a8-a7c8-f2be239fa207_136,0,primary,centre,0.52391554151106,
bbbc041,site_a,17ef5841-bd19-4610-ba47-7d321231847b_35,0,primary,nearest,0.4464564156732559,
bbbc041,site_a,2f3ebec8-ef64-420d-9aa0-c2fcadc27d74_17,0,primary,centre,0.43737501829000636,
bbbc041,site_a,3317d733-ec0d-45e6-b631-40457392f343_36,0,primary,centre,0.4186991869918699,
bbbc041,site_a,1dd3e6dd-343f-4cc9-b0ed-e4d27fb36f0a_73,0,primary,centre,0.45220641602554795,
bbbc041,site_a,c776eb78-3323-4571-b39f-7ffc73ae63ce_9,0,primary,centre,0.5061111111111111,
bbbc041,site_a,58f7e1da-3478-48f4-958c-e9b1cb8696aa_25,0,primary,centre,0.3555111111111111,
bbbc041,site_a,f23ae29e-1bda-4784-b10c-d736757d39b8_37,0,primary,centre,0.6897669706180345,
bbbc041,site_a,ed0bee2f-05e0-4392-8357-19750cec577c_19,0,primary,centre,0.5307911461757615,
bbbc041,site_a,ac3358f1-ef9a-4ccc-b66c-da5e47e352e0_90,0,primary,centre,0.6383584104938271,
bbbc041,site_a,a2fc0093-8645-43c7-bdee-ec8ca9484815_68,0,primary,centre,0.5137031209021767,
bbbc041,site_a,b5143aae-6e98-4dc6-b546-980cb472de67_43,0,primary,centre,0.605840220385675,
bbbc041,site_a,3f8c5ae1-b9fd-464b-8e91-98143ddd8d29_41,0,primary,centre,0.1996775880097595,
bbbc041,site_a,01b38a56-13eb-447b-89ee-fc21cb40dcc1_95,0,primary,centre,0.575933075933076,
bbbc041,site_a,effd6334-516f-4d48-9f3c-5272a99780fb_29,0,primary,centre,0.34755940082644626,
bbbc041,site_a,c22f7031-9cf8-48ce-b03b-1b12d0db4951_102,0,primary,centre,0.5709027777777778,
bbbc041,site_a,d82c657e-5678-41da-9a6e-3ad29430b759_9,0,primary,centre,0.38195757193866836,
bbbc041,site_a,3d1b889e-bb4a-4ee6-b899-974ee7d956a7_72,0,primary,centre,0.4845746517785196,
bbbc041,site_a,b8dd6125-5027-47e2-a283-14e199274c80_17,0,primary,centre,0.522750905374879,
bbbc041,site_a,a2a20600-f851-4db7-90f9-6f7be027c8b5_113,0,primary,centre,0.5849382716049383,
bbbc041,site_a,66183740-e1e5-43c9-8539-a87028bb3621_49,0,primary,centre,0.6129776728209532,
bbbc041,site_a,93f7e207-0d8e-47f8-8258-09a0e03dbdd6_30,0,primary,centre,0.3392094017094017,
bbbc041,site_a,deaa1931-5f97-45bf-8c00-be6ddeb37b9a_54,0,primary,centre,0.33396678883308445,
bbbc041,site_a,24115f58-a7d6-4022-a95a-86b515a78d3e_11,0,primary,centre,0.41257777777777777,
bbbc041,site_a,1a27ebe9-93a1-4898-af69-f276057d4012_54,0,primary,centre,0.6254305977710233,
bbbc041,site_a,9c48fdf4-621d-4f40-bcd7-6a28cd530de7_70,0,primary,centre,0.8089118000141233,
bbbc041,site_a,0546d843-d778-4aca-b8b5-bfe23d7c87da_52,0,primary,centre,0.5330610021786493,
bbbc041,site_a,de2b8835-552c-4f01-98b7-67bc4910062e_75,0,primary,centre,0.33899176954732513,
bbbc041,site_a,93b47b14-7f78-4b31-8897-d63a81fdab01_26,0,primary,centre,0.3817150244182706,
bbbc041,site_a,261562a8-ffd8-4e0e-919b-22e267000b74_52,0,primary,centre,0.564992203163288,
bbbc041,site_a,2d2e81f3-e329-4765-9ba1-2c95f12dc9f3_3,0,primary,centre,0.4001902497027348,
bbbc041,site_a,36569710-a574-40be-ad42-897a6e74a128_26,0,primary,centre,0.6909735571788629,
bbbc041,site_a,7eae1169-e294-4594-8e03-1366d23ff2d1_53,0,primary,centre,0.38504598160735704,
bbbc041,site_a,b2103776-9b32-4160-b4f0-0692deda19dc_15,0,primary,centre,0.3439972480220158,
bbbc041,site_a,c84edeb4-311c-4e82-88f9-ae0505b3ad13_1,0,primary,centre,0.5880645161290322,
bbbc041,site_a,d75933ed-d26e-4d1f-bda3-96bc0d77fb36_22,0,primary,centre,0.5865148780600675,
bbbc041,site_a,c7a2d648-47cb-4b39-afa4-1b7fcfe51934_26,0,primary,centre,0.4605435156518748,
bbbc041,site_a,082e1f81-4f49-44ad-b5bb-9dfc155b2ed8_44,0,primary,centre,0.7071568353368745,
bbbc041,site_a,c4d34e35-4db2-41de-ba77-1a94aa9ef788_81,0,primary,centre,0.7321084104938271,
bbbc041,site_a,c680004e-6ee2-43d7-877c-edc9b5ebeecc_24,0,primary,centre,0.4315904139433551,
bbbc041,site_a,550cf4ce-b641-44a3-8487-3e16d4049187_21,0,primary,centre,0.5660377358490566,
bbbc041,site_a,34a70114-d3e3-4351-b8db-f6caab17e743_24,0,primary,centre,0.620242214532872,
bbbc041,site_a,2102e5d1-8bec-4ab6-ab35-2705485da1f8_12,0,primary,centre,0.5095029239766082,
bbbc041,site_a,63055d1b-5221-4c80-8b39-37ac069a1b5c_31,0,primary,centre,0.5615942028985508,
bbbc041,site_a,b687c30d-cf15-445c-b3f6-5aca86584708_13,0,primary,centre,0.5547132293543777,
bbbc041,site_a,8855c685-5a8c-4967-a356-942ed89e3471_32,0,primary,centre,0.5519586104951959,
bbbc041,site_a,c8af0297-ce1f-40ea-bf44-9256dcdae4e9_21,0,primary,centre,0.4399196493791088,
bbbc041,site_a,471f75c6-bd5d-4c20-bcc1-258e836f4d69_61,0,primary,centre,0.35434738064339866,
bbbc041,site_a,9dc6ed5d-6698-48cf-aab3-fd156673729c_22,0,primary,centre,0.3333333333333333,
bbbc041,site_a,3b55c42f-ad59-422f-ba99-4f4f4ca9cb2e_22,0,primary,centre,0.39385807990459154,
bbbc041,site_a,795d0331-da56-4d45-a58a-54803408ffd9_27,0,primary,centre,0.4277198211624441,
bbbc041,site_a,d75933ed-d26e-4d1f-bda3-96bc0d77fb36_9,0,primary,centre,0.43499458288190684,
bbbc041,site_a,252071ac-e9f2-41d2-abbb-87ef01b8a997_193,0,primary,centre,0.7220272904483431,
bbbc041,site_a,318de807-7232-4ab1-843e-a901547c0125_12,0,primary,centre,0.39212869864981326,
bbbc041,site_a,1c90231b-2830-42d9-884e-7301edb16933_40,0,primary,centre,0.29974048442906576,
bbbc041,site_a,883d9731-a04d-4f84-83c9-d3bef954759d_25,0,primary,centre,0.5858966208616558,
bbbc041,site_a,694222bb-cddf-469a-9526-f873c6fba58e_31,0,primary,centre,0.4870816929133858,
bbbc041,site_a,c442e2d6-aaf9-417a-9905-4737a1115f33_32,0,primary,centre,0.7775599128540305,
bbbc041,site_a,4b3a49bc-8536-4760-9553-440a6f64db37_10,0,primary,centre,0.5384253919432697,
bbbc041,site_a,4a49841f-216c-4815-8140-b8762c4f6603_99,0,primary,centre,0.3866292660121552,
bbbc041,site_a,5f491efd-a21c-4a80-aaba-70b8876238ac_19,0,primary,centre,0.39923664122137403,
bbbc041,site_a,640c4a52-3742-4f57-aee3-9e3dc0887622_159,0,primary,centre,0.4923013923013923,
bbbc041,site_a,7624ac36-1cf9-42fb-844d-376078309553_39,0,primary,centre,0.5426793981481481,
bbbc041,site_a,947348fe-4c70-468e-8009-3c14daeca69b_72,0,primary,centre,0.6751375988992088,
bbbc041,site_a,70a95e58-ba60-4c1f-adcd-49c198dc2ba0_7,0,primary,centre,0.38326333089846604,
bbbc041,site_a,3b55c42f-ad59-422f-ba99-4f4f4ca9cb2e_156,0,primary,nearest,0.46226350659107984,
bbbc041,site_a,a1669b59-fe09-4fe6-ba9f-06bec6725502_21,0,primary,centre,0.33810921902524954,
bbbc041,site_a,082e1f81-4f49-44ad-b5bb-9dfc155b2ed8_49,0,primary,centre,0.6127134890205647,
bbbc041,site_a,8f84a2c9-ca38-4405-a488-12fcd101278b_30,0,primary,centre,0.5613119275091106,
bbbc041,site_a,3911fcd2-4e26-4ad9-aaf0-d1c5bf41defc_9,0,primary,centre,0.37856833910034604,
bbbc041,site_a,ff3b9d4d-373c-48ef-a75a-d23e2c2ade87_51,0,primary,centre,0.4915599030470914,
bbbc041,site_a,5f300fd1-7eec-41ac-bbd1-0f4a943c757c_14,0,primary,centre,0.32774205572640014,
bbbc041,site_a,2518f6e4-29cc-4ae4-a914-b215a4c56099_133,0,primary,centre,0.7325694444444445,
bbbc041,site_a,24418314-f7a4-49fc-a03e-ec597ca6796e_29,0,primary,centre,0.42302847064751825,
bbbc041,site_a,eef2ac0b-42de-4bc3-a3c3-d5fcd597fbe4_27,0,primary,centre,0.4561189313415685,
bbbc041,site_a,32700bc7-7a86-49d3-aded-ccaaed4ddc5c_30,0,primary,centre,0.4180856553147575,
bbbc041,site_a,8271d0d8-9985-43eb-94b3-c702adca139f_52,0,primary,centre,0.6908522650893938,
bbbc041,site_a,e3c1442a-717f-41dd-bf97-81e1233ac9fa_43,0,primary,centre,0.5991769547325103,
bbbc041,site_a,46f5bd4f-8bea-48d1-a1da-4dea28e3b814_58,0,primary,centre,0.7273464532871973,
bbbc041,site_a,06a3effb-996c-4767-afd2-6aa3b697cb4e_48,0,primary,centre,0.33349139682969786,
bbbc041,site_a,24418314-f7a4-49fc-a03e-ec597ca6796e_47,0,primary,centre,0.4675252844500632,
bbbc041,site_a,fe851c88-692d-4199-87e0-d19d9c4eb591_19,0,primary,centre,0.6021728861596599,
bbbc041,site_a,e0ff3476-226f-4125-b182-8e524d5503dd_51,0,primary,centre,0.35085367985548627,
bbbc041,site_a,5c037ffc-f515-48b3-b231-c110fbd2b8ca_18,0,primary,centre,0.4033989266547406,
bbbc041,site_a,5721e41b-90ef-4851-8587-8dc71227ef90_81,0,primary,centre,0.6205197413847217,
bbbc041,site_a,41ebf9a1-24dc-454e-8bf8-508218f5ee57_78,0,primary,centre,0.44509688784497947,
bbbc041,site_a,aa4a023b-55bd-4259-b15d-7086a9b491e0_22,0,primary,centre,0.6324035812672176,
bbbc041,site_a,90171428-f208-428a-b40e-f57ee3bea457_23,0,primary,centre,0.5854119425547997,
bbbc041,site_a,686ed568-d5f8-475e-81ad-edab9dd473a0_8,0,primary,centre,0.4836686390532544,
bbbc041,site_a,5e042380-6ef2-496f-8231-0ca550fbfa71_33,0,primary,centre,0.570857607370275,
bbbc041,site_a,27388ff2-4000-4c9a-a2e3-addc448a5f92_19,0,primary,centre,0.4123627664573455,
bbbc041,site_a,7d4d0646-26b5-46fa-ab25-452d986e887b_15,0,primary,centre,0.43438720703125,
bbbc041,site_a,a9daf82a-a46d-4296-bd72-2c374ed0a193_61,0,primary,centre,0.6856676575158828,
bbbc041,site_a,a0eedcb9-b85c-4612-b945-7e8227f53c35_6,0,primary,centre,0.4076861058855146,
bbbc041,site_a,b634137b-bc8b-4e88-b0e3-b536ad6e7e18_7,0,primary,centre,0.45218934911242603,
bbbc041,site_a,edcb4d77-a4d3-465d-9b59-eb3087766b1c_1,0,primary,centre,0.48810803547433484,
bbbc041,site_a,4d8a4ce8-0f9c-4f21-8844-4cf0e5514bbf_50,0,primary,centre,0.45384615384615384,
bbbc041,site_a,a89cace5-c818-4f23-a432-052b3433b81e_7,0,primary,centre,0.3996892874796978,
bbbc041,site_a,169d541c-daed-468e-8b41-0f1abccdf319_60,0,primary,centre,0.680857310628303,
bbbc041,site_a,b87fb62d-2c36-4f68-aba9-37fcd7d46eef_48,0,primary,centre,0.38592152199762186,
bbbc041,site_a,a4fbb9f2-9b75-4fdc-877d-2feaafac25b3_53,0,primary,centre,0.6270833333333333,
bbbc041,site_a,b34e65f6-c32e-42f1-a437-4a037c75a231_45,0,primary,centre,0.5572706782323612,
bbbc041,site_a,7029feb3-9ffe-46e4-9883-6a9df84f7b62_23,0,primary,centre,0.5629424438288704,
bbbc041,site_a,7c1cd7c7-7452-4428-a98e-dd7675c8ddea_50,0,primary,centre,0.6462809917355372,
bbbc041,site_a,b834cbf7-ff97-49d9-9561-566c9343735c_20,0,primary,centre,0.5040174471992653,
bbbc041,site_a,c7a2d648-47cb-4b39-afa4-1b7fcfe51934_2,0,primary,centre,0.3396143250688705,
bbbc041,site_a,67acd5bc-4658-4c6e-a9b9-cd8ea3a03418_65,0,primary,centre,0.7038567493112947,
bbbc041,site_a,a4409217-be11-4478-90a5-b406057d154d_12,0,primary,centre,0.35741916286451103,
bbbc041,site_a,452482bc-24a3-413e-ba03-fad4c9d61f3c_16,0,primary,centre,0.3789419392867669,
bbbc041,site_a,319c9c52-f316-49f3-baad-4444ab19f85b_64,0,primary,centre,0.5072381893934044,
bbbc041,site_a,07d15855-eb9b-46a9-b894-7cfe4d097826_40,0,primary,centre,0.5030276816608996,
bbbc041,site_a,46a2d369-4bea-4405-ac78-91bbe130b9a7_116,0,primary,centre,0.640492619442746,
bbbc041,site_a,e98baeb2-aa58-4cce-8c61-66685dd2b239_16,0,primary,centre,0.6349986886965644,
bbbc041,site_a,0d7bf56f-3b5a-40bd-971c-2ca33dd89b2c_4,0,primary,centre,0.5581259833343045,
bbbc041,site_a,7e837856-3519-4dc0-b357-4cdcfd30b4eb_26,0,primary,centre,0.42269993316997106,
bbbc041,site_a,b7d0ae11-a393-4aec-8f68-6ba07147f78a_57,0,primary,centre,0.7192749778956675,
bbbc041,site_a,a2a20600-f851-4db7-90f9-6f7be027c8b5_123,0,primary,centre,0.4641300882134127,
bbbc041,site_a,c84edeb4-311c-4e82-88f9-ae0505b3ad13_35,0,primary,centre,0.5887504356918787,
bbbc041,site_a,c244166d-12ca-445f-9ed9-a13d9caa412f_22,0,primary,centre,0.4109375,
bbbc041,site_a,a51d6c18-f9e8-4714-9dbb-38e1577445f2_54,0,primary,centre,0.3615669240669241,
bbbc041,site_a,af2e63a3-9fde-46aa-a867-81c5c259d1dc_32,0,primary,centre,0.5919756758543195,
bbbc041,site_a,191f87a4-6f2d-49e7-bba0-08e3aa78ddaf_56,0,primary,centre,0.38185505201904424,
bbbc041,site_a,a1669b59-fe09-4fe6-ba9f-06bec6725502_36,0,primary,centre,0.6119203329369798,
bbbc041,site_a,89f10192-d3dd-4996-a571-4c851dbdc983_1,0,primary,centre,0.389692378328742,
bbbc041,site_a,c6530038-6d4e-49e1-8427-d1d3acc9fa21_71,0,primary,centre,0.3866631075735883,
bbbc041,site_a,c35ee701-fde2-46b5-b178-1fe3f1ea7da2_46,0,primary,centre,0.4098592345525468,
bbbc041,site_a,ca9626bc-21a4-46f4-ba94-e7ee7a4cf735_36,0,primary,centre,0.4845225127087872,
bbbc041,site_a,a63ce82f-f3d1-4818-9035-d3d230e5f686_57,0,primary,centre,0.4843028624192059,
bbbc041,site_a,24115f58-a7d6-4022-a95a-86b515a78d3e_46,0,primary,centre,0.4629903978052126,
bbbc041,site_a,f0fe292d-85ae-4c3a-a676-037dde2594e6_15,0,primary,centre,0.3906756756756757,
bbbc041,site_a,6303f964-98ef-47c6-bb2d-283aa393f918_126,0,primary,centre,0.7278911564625851,
bbbc041,site_a,3a8f468f-f9de-46a8-a7c8-f2be239fa207_108,0,primary,centre,0.6174011849687525,
bbbc041,site_a,dec61ae1-5037-4c3a-8952-15371becca7d_78,0,primary,centre,0.6477407847800237,
bbbc041,site_a,00d04a90-80e5-4bce-9511-1b64eabb7a47_59,0,primary,centre,0.272292158405455,
bbbc041,site_a,e597f7ce-46c6-4dce-9063-50a2703fdd45_27,0,primary,centre,0.43960068945705255,
bbbc041,site_a,9f959520-e15e-45c2-bc29-ef3c19154d1c_12,0,primary,centre,0.5059976009596161,
bbbc041,site_a,72088c26-d2dd-4906-b791-b8947fc7fbe4_84,0,primary,centre,0.6224301618741889,
bbbc041,site_a,261562a8-ffd8-4e0e-919b-22e267000b74_108,0,primary,centre,0.6228431950172545,
bbbc041,site_a,e3e9c2de-0a24-4c7e-8a69-3d3093d5bdab_8,0,primary,centre,0.4274837219071624,
bbbc041,site_a,65e3d6a6-012c-4b40-9a42-83078eb85e31_37,0,primary,centre,0.43512958280657393,
bbbc041,site_a,e3a4b3e7-9500-4b6c-a402-b6d3f45e714b_21,0,primary,centre,0.6371111111111111,
bbbc041,site_a,64113b22-03b1-4ab8-89ab-b2f32154fbbd_20,0,primary,centre,0.440877914951989,
bbbc041,site_a,ee57e743-a876-4f69-9fe5-bf5d01b44689_24,0,primary,centre,0.41365800436421346,
bbbc041,site_a,11e517bf-943b-4928-929a-e9f72c097880_0,0,primary,centre,0.45070018365472914,
bbbc041,site_a,94d9fa50-d3e4-4eaf-acfc-92e7f2ed9ea5_37,0,primary,centre,0.400390625,
bbbc041,site_a,ef815e3a-02a6-4cf8-9262-45bc74c50b00_79,0,primary,centre,0.7714240705734089,
bbbc041,site_a,5a043d69-f435-46d4-8691-395c1602a76a_8,0,primary,centre,0.3788852149267832,
bbbc041,site_a,6fb707b1-5c07-479f-8385-5404bf5747b0_6,0,primary,centre,0.5230524642289348,
bbbc041,site_a,5721e41b-90ef-4851-8587-8dc71227ef90_54,0,primary,centre,0.6175854037267081,
bbbc041,site_a,c5084fb8-2b62-464c-8a77-1a07ea653266_17,0,primary,centre,0.47760543743464623,
bbbc041,site_a,a23f5539-bfe6-4885-9a0e-dba972475ea9_144,0,primary,centre,0.7759799833194329,
bbbc041,site_a,f11d05e4-538a-4024-8711-b08a4ce3c540_22,0,primary,centre,0.560376492194674,
bbbc041,site_a,e9916e11-9be6-4dec-9df6-2e7d1a8e1735_13,0,primary,centre,0.41273818542043006,
bbbc041,site_a,ed0d8763-e734-4506-b61b-53fc32a8d8c9_35,0,primary,centre,0.32155555555555554,
bbbc041,site_a,68f34a9c-f73d-4238-8f55-4b05a8a2154c_30,0,primary,centre,0.38126732174351224,
bbbc041,site_a,4849866a-73a2-4fcf-a407-2d0a25a09a89_61,0,primary,centre,0.3515288468328508,
bbbc041,site_a,b5246b58-6f40-4c9e-8024-f49b0ed6bdbd_56,0,primary,centre,0.4927360774818402,
bbbc041,site_a,2518f6e4-29cc-4ae4-a914-b215a4c56099_92,0,primary,centre,0.7397299626544096,
bbbc041,site_a,8f84a2c9-ca38-4405-a488-12fcd101278b_3,0,primary,centre,0.4382028546712803,
bbbc041,site_a,18dbe7c4-89d2-42a6-a969-1e951ab313b1_52,0,primary,centre,0.35323588895017466,
bbbc041,site_a,b10ea12f-cd36-4f2c-994a-67d1665269ab_99,0,primary,centre,0.5506430013816559,
bbbc041,site_a,3d4d7ba7-6c7c-4ddd-b282-31fb5d80edb5_16,0,primary,centre,0.4445700717960314,
bbbc041,site_a,c890ee00-daa5-4b20-9cd5-930748ecc4e0_31,0,primary,centre,0.383964296706679,
bbbc041,site_a,452482bc-24a3-413e-ba03-fad4c9d61f3c_67,0,primary,centre,0.7531799423370457,
bbbc041,site_a,49b03a6e-6b26-4a96-a061-e05647a02138_4,0,primary,centre,0.462890625,
bbbc041,site_a,afd39466-aafa-4d81-9520-483727418723_94,0,primary,centre,0.45519460138104206,
bbbc041,site_a,fb05b297-180a-4171-b633-09d5616d7534_10,0,primary,centre,0.4451610110803324,
bbbc041,site_a,8271d0d8-9985-43eb-94b3-c702adca139f_56,0,primary,centre,0.8261935841145525,
bbbc041,site_a,0154dd8e-72f8-4d78-a4dd-93e139577bd1_12,0,primary,centre,0.4332244008714597,
bbbc041,site_a,9af1ee02-87fd-42bc-963e-fa9ac3eb45bb_60,0,primary,centre,0.5364921281625673,
bbbc041,site_a,5dec94a3-e3ca-4a58-9702-88e5a83ef612_14,0,primary,centre,0.4394007406576142,
bbbc041,site_a,dd090806-e4ac-4a78-b2ee-55a30626369c_45,0,primary,centre,0.3457821457821458,
bbbc041,site_a,b634137b-bc8b-4e88-b0e3-b536ad6e7e18_33,0,primary,centre,0.44076849489795916,
bbbc041,site_a,5c037ffc-f515-48b3-b231-c110fbd2b8ca_101,0,primary,centre,0.6097126308754733,
bbbc041,site_a,01b38a56-13eb-447b-89ee-fc21cb40dcc1_30,0,primary,centre,0.4314188303173354,
bbbc041,site_a,4f62b14e-c6f4-4155-8f50-881558f83fae_14,0,primary,centre,0.3732262988297812,
bbbc041,site_a,9615ff33-b3fc-4d1e-9c05-0b8e3ef936df_20,0,primary,centre,0.47568995889606575,
bbbc041,site_a,319c9c52-f316-49f3-baad-4444ab19f85b_75,0,primary,centre,0.5910798626019751,
bbbc041,site_a,63d36d2c-43a9-49ac-9504-028b4968c860_18,0,primary,centre,0.3889299802761341,
bbbc041,site_a,8a7deb24-d2b4-4acf-86c4-3aadd39157fa_37,0,primary,centre,0.32647073206513766,
bbbc041,site_a,7d65d296-0f7b-41cc-9073-a547e24326c8_33,0,primary,centre,0.7269214255045083,
bbbc041,site_a,f20a4fcf-ea8e-4c14-883d-d26a9e08ce25_10,0,primary,centre,0.4152653548002385,
bbbc041,site_a,7625dfc4-858a-4c8e-907c-8943d665e9a7_14,0,primary,centre,0.41525377229080934,
bbbc041,site_a,4a717a39-80f8-4b75-a25e-c46d65d7dcd5_71,0,primary,centre,0.3914609053497942,
bbbc041,site_a,f0fe292d-85ae-4c3a-a676-037dde2594e6_7,0,primary,centre,0.45318733554027674,
bbbc041,site_a,bd432159-5956-457c-bdeb-1b5e702ba513_40,0,primary,centre,0.6637770897832818,
bbbc041,site_a,f2574be3-81c6-4fc3-8a40-0230d1264f52_36,0,primary,centre,0.5474910820451843,
bbbc041,site_a,e16c0dab-780d-4035-872e-1bb91e49f9d2_85,0,primary,centre,0.4467268318965517,
bbbc041,site_a,f234a2de-f3c8-4521-a306-8cfdf52dd597_24,0,primary,centre,0.522842056932966,
bbbc041,site_a,f1cda808-69a9-4d10-ba0a-6607c98e362d_33,0,primary,centre,0.5302222222222223,
bbbc041,site_a,a4409217-be11-4478-90a5-b406057d154d_46,0,primary,centre,0.5021808999081726,
bbbc041,site_a,0d2aba33-6920-4001-bd54-59fe0bf9f50e_8,0,primary,centre,0.4470195272353546,
bbbc041,site_a,c956e531-6805-4fe1-b61c-8b96a9815a77_10,0,primary,centre,0.4519509221155312,
bbbc041,site_a,eb77e4a9-acb0-4d83-8055-2c5fcaa54b45_25,0,primary,centre,0.4724756992660186,
bbbc041,site_a,bf002a25-6535-4621-be19-56d468be5413_75,0,primary,centre,0.6145063397632354,
bbbc041,site_a,e5fd5949-4cd0-4cb6-837a-02c26a5eb87a_24,0,primary,centre,0.4200591715976331,
bbbc041,site_a,a7c3c52f-3b40-4c92-a212-df9462cf25d8_79,0,primary,centre,0.42503246428928176,
bbbc041,site_a,dec61ae1-5037-4c3a-8952-15371becca7d_72,0,primary,centre,0.5256347256347257,
bbbc041,site_a,2bd26501-2fbc-4c1a-bef0-4ad57e02b4d0_40,0,primary,centre,0.3552740965328378,
bbbc041,site_a,e640ae51-cbf1-4a84-b7cf-d38b17f59c2f_33,0,primary,centre,0.38171809358250036,
bbbc041,site_a,d67398c5-8b0e-463f-a04e-8583c820786c_47,0,primary,centre,0.31416719176643565,
bbbc041,site_a,fd1c4c7a-24bc-43f2-b84f-fee182207aee_12,0,primary,centre,0.391705069124424,
bbbc041,site_b,3e03b313-66eb-471f-a97a-7b2bf20dcff5_59,0,primary,centre,0.3614682175288236,
bbbc041,site_b,51a42643-256f-463a-bf22-7fd295caead0_45,0,primary,centre,0.7067708333333333,
bbbc041,site_b,bc820fb6-5ba8-4438-affe-e250d2ad5eb0_32,0,primary,centre,0.36009942438513864,
bbbc041,site_b,a1265844-329c-4a49-a37f-e0541b83a50c_2,0,primary,centre,0.539361377838744,
bbbc041,site_b,511b6e13-acd7-4dd3-b1d0-c4aa10a514c7_53,0,primary,centre,0.6590708243908597,
bbbc041,site_b,74bf1267-d98b-4532-a81d-9d8df63e0f75_16,0,primary,centre,0.35801004962391936,
bbbc041,site_b,010961af-b38c-49de-aca0-e3732d73d414_41,0,primary,centre,0.5374378071487439,
bbbc041,site_b,37df4ffb-f268-4557-94d6-bf68d005feae_2,0,primary,centre,0.3602133568993814,
bbbc041,site_b,f0ee03d6-c57b-43a0-8812-359330bdb93a_41,0,primary,centre,0.9576430782980625,
bbbc041,site_b,e93e617e-ed36-43d9-bd1a-4ffd2fba64e9_29,0,primary,centre,0.802439024390244,
bbbc041,site_b,3ce76f1d-636a-48b9-b0e3-fc7eb791a169_16,0,primary,centre,0.38987012987012987,
bbbc041,site_b,5c399ab9-492c-4bfc-a452-83aba574a3bc_31,0,primary,centre,0.3896514161220044,
bbbc041,site_b,c8d1b7ec-be9f-4c88-a39b-2c6bf46b2998_13,0,primary,centre,0.37013250405624665,
bbbc041,site_b,b910c1db-9c66-4207-892f-18a03ecc75bc_43,0,primary,centre,0.634683520061285,
bbbc041,site_b,c11081a1-4fd9-4003-8bd9-0727eae62d0a_37,0,primary,centre,0.4178890876565295,
bbbc041,site_b,b9025f55-789d-4acb-9c0a-34e877c95c5c_58,0,primary,centre,0.6049353701527614,
bbbc041,site_b,6e20a860-1f9a-4a74-b167-4c6a79bd8778_17,0,primary,centre,0.5198963827595893,
bbbc041,site_b,23e581e7-0fb7-42ff-ba55-a86beefc0619_36,0,primary,centre,0.3589443897637795,
bbbc041,site_b,294bc238-efdb-4f88-b83b-f41fe5750106_43,0,primary,centre,0.3797837900335299,
bbbc041,site_b,8874ea02-d263-4830-99d1-e1b14230a56b_17,0,primary,centre,0.39616883116883117,
bbbc041,site_b,5bfde411-aa51-45d0-8b67-a57c5f1e628b_15,0,primary,centre,0.6016013411955139,
bbbc041,site_b,deab75c9-00bc-488c-8b20-ff4515d85212_53,0,primary,centre,0.7748672566371682,
bbbc041,site_b,c70894fa-50e8-4eed-a5a8-159a20153a49_25,0,primary,centre,0.6770384311820776,
bbbc041,site_b,47112c6b-aaf6-488d-8f3b-f9ed0cce9a95_8,0,primary,centre,0.4334126040428062,
bbbc041,site_b,78ae52cf-8dad-4070-a40e-9af02faec1f0_30,0,primary,centre,0.32782455341904654,
bbbc041,site_b,3ce76f1d-636a-48b9-b0e3-fc7eb791a169_11,0,primary,centre,0.42964187327823694,
bbbc041,site_b,f0ee03d6-c57b-43a0-8812-359330bdb93a_83,0,primary,nearest,0.00048355899419729207,
bbbc041,site_b,baab0701-3fd4-4940-8b90-b9c42d95888f_64,0,primary,centre,0.5436828365005161,
bbbc041,site_b,d9255d7f-1282-442d-b152-73d7388526f9_20,0,primary,centre,0.939988095654914,
bbbc041,site_b,a612e0d5-6a95-43cc-96a6-6fbcb8d45ff4_45,0,primary,centre,0.5285342173810088,
bbbc041,site_b,deab75c9-00bc-488c-8b20-ff4515d85212_65,0,primary,centre,0.7074382716049382,
bbbc041,site_b,efb85f8e-c780-4a19-b6ce-555a154b0d10_68,0,primary,centre,0.9255948380158624,
bbbc041,site_b,06bbcd42-3ba8-4476-8804-8455f56dd928_4,0,primary,centre,0.543004359889021,
bbbc041,site_b,604478c7-1259-441a-8ad0-7059e191c9e4_1,0,primary,centre,0.33496315192743764,
bbbc041,site_b,b47c1011-0cc6-400d-9300-1c72f873a6e5_26,0,primary,centre,0.392525,
bbbc041,site_b,e93e617e-ed36-43d9-bd1a-4ffd2fba64e9_3,0,primary,centre,0.6281835048068815,
bbbc041,site_b,25865b39-56fb-409a-8800-3d368dd264ed_1,0,primary,centre,0.6960207612456747,
bbbc041,site_b,df4fd610-fa16-45ca-b3a3-a25a14e5c4e9_21,0,primary,centre,0.8228772990677753,
bbbc041,site_b,f2b1ae99-8169-42ea-bdb4-3351175e4cb6_44,0,primary,centre,0.3800183654729109,
bbbc041,site_b,37a5a96b-f76e-4607-82fd-f47f7f2903c6_57,0,primary,centre,0.8123557041636812,
bbbc041,site_b,ef55f2ac-5a04-4986-99ab-0d2b5052ab3e_28,0,primary,centre,0.2605025125628141,
bbbc041,site_b,351d6536-3a5c-46eb-a6e4-d71dd999908a_44,0,primary,centre,0.8044986127625843,
bbbc041,site_b,bfbf234a-cbc4-4d00-ab7f-9043d1304b41_23,0,primary,centre,0.3544447430499567,
bbbc041,site_b,ebb53337-1d4f-4ab5-9b6d-83a66f48fe2e_3,0,primary,centre,0.3673874231303313,
bbbc041,site_b,8e1e0fd3-52fb-4ebb-82de-67bbd66fcf4d_11,0,primary,centre,0.38169753086419755,
bbbc041,site_b,a3548f89-1cb5-4e67-b460-482df95b10ee_19,0,primary,centre,0.3661490683229814,
bbbc041,site_b,a612e0d5-6a95-43cc-96a6-6fbcb8d45ff4_17,0,primary,centre,0.503024600080656,
bbbc041,site_b,f0ee03d6-c57b-43a0-8812-359330bdb93a_32,0,primary,centre,0.6958542905044963,
bbbc041,site_b,23e581e7-0fb7-42ff-ba55-a86beefc0619_3,0,primary,centre,0.4003952932524361,
bbbc041,site_b,37b4142a-2c7d-400d-8f01-4e438845a484_27,0,primary,centre,0.4376690102758248,
bbbc041,site_b,e02301ac-68f7-4daf-b2ba-254b917f1cca_4,0,primary,centre,0.42192829794639747,
bbbc041,site_b,bc820fb6-5ba8-4438-affe-e250d2ad5eb0_25,0,primary,centre,0.5428331163194444,
bbbc041,site_b,c736848a-437c-4121-b99f-58f186eb3a1d_16,0,primary,centre,0.39429168116950924,
bbbc041,site_b,a612e0d5-6a95-43cc-96a6-6fbcb8d45ff4_18,0,primary,centre,0.29066944155393687,
bbbc041,site_b,34950f4e-fe44-49ec-9d49-14bd4a8ce7c0_29,0,primary,centre,0.8712178339146008,
bbbc041,site_b,7d16d1e8-4abf-46fc-81bc-d71bd08ed6f2_12,0,primary,centre,0.41712690951821385,
bbbc041,site_b,deab75c9-00bc-488c-8b20-ff4515d85212_17,0,primary,centre,0.678529194382853,
bbbc041,site_b,37a5a96b-f76e-4607-82fd-f47f7f2903c6_5,0,primary,centre,0.570626963938351,
bbbc041,site_b,4da8f6c5-5f85-4280-92d0-1ba008e8c404_24,0,primary,centre,0.6835116924296473,
bbbc041,site_b,1b814efc-7bf9-40ae-8e13-49dc2c04732f_19,0,primary,centre,0.3501920614596671,
bbbc041,site_b,9cf0b006-cb5c-47e7-b076-1dcacf1fbfb1_43,0,primary,centre,0.32239017477562587,
bbbc041,site_b,4b3de416-ac61-43eb-80d0-36b81c4baf82_16,0,primary,centre,0.4619415333701048,
bbbc041,site_b,294bc238-efdb-4f88-b83b-f41fe5750106_30,0,primary,centre,0.4985496736765772,
bbbc041,site_b,55078c19-bfaf-4988-a779-767e1c6d22f6_25,0,primary,centre,0.3418005540166205,
bbbc041,site_b,9cf0b006-cb5c-47e7-b076-1dcacf1fbfb1_9,0,primary,centre,0.37276918500892325,
bbbc041,site_b,9cf3f75a-354c-46f9-8b53-0a9711ac8bee_33,0,primary,centre,0.5428583168967784,
bbbc041,site_b,41be1bd3-0d31-4881-bf1f-3ccdfa21ff12_15,0,primary,centre,0.6948002754820937,
bbbc041,site_b,224c80b8-6c55-48cf-b719-96a47d223dc3_49,0,primary,centre,0.4376606001401601,
bbbc041,site_b,c70894fa-50e8-4eed-a5a8-159a20153a49_15,0,primary,centre,0.6467584940312213,
bbbc041,site_b,3e03b313-66eb-471f-a97a-7b2bf20dcff5_38,0,primary,centre,0.651861545857593,
bbbc041,site_b,91fd0c2e-8e9c-452d-97ab-304b05a049b3_31,0,primary,centre,0.40331491712707185,
bbbc041,site_b,e26b88c6-5884-4b5c-94d7-ad780379c8ad_10,0,primary,centre,0.4107700312174818,
bbbc041,site_b,41be1bd3-0d31-4881-bf1f-3ccdfa21ff12_39,0,primary,centre,0.610222116073561,
bbbc041,site_b,34950f4e-fe44-49ec-9d49-14bd4a8ce7c0_17,0,primary,centre,0.6410463137149511,
bbbc041,site_b,c3631a04-b757-407b-8e7e-1ed3a6c463d4_28,0,primary,nearest,0.31237997256515776,
bbbc041,site_b,37a5a96b-f76e-4607-82fd-f47f7f2903c6_14,0,primary,centre,0.6412337662337663,
bbbc041,site_b,78ae52cf-8dad-4070-a40e-9af02faec1f0_27,0,primary,centre,0.39742058753283976,
bbbc041,site_b,010961af-b38c-49de-aca0-e3732d73d414_8,0,primary,centre,0.3642171444023797,
bbbc041,site_b,d9255d7f-1282-442d-b152-73d7388526f9_12,0,primary,centre,0.6930440499671269,
bbbc041,site_b,511b6e13-acd7-4dd3-b1d0-c4aa10a514c7_36,0,primary,centre,0.743515625,
bbbc041,site_b,55078c19-bfaf-4988-a779-767e1c6d22f6_22,0,primary,centre,0.3866540089395198,
bbbc041,site_b,c70894fa-50e8-4eed-a5a8-159a20153a49_23,0,primary,centre,0.7319466248037677,
bbbc041,site_b,9cf0b006-cb5c-47e7-b076-1dcacf1fbfb1_40,0,primary,centre,0.42025089605734767,
bbbc041,site_b,f0ee03d6-c57b-43a0-8812-359330bdb93a_8,0,primary,centre,0.4615837503679717,
bbbc041,site_b,21116b9d-e6be-483f-8394-e74622b2e182_6,0,primary,centre,0.5074685534591195,
bbbc041,site_b,2c03b3c9-7786-4e1b-ac2b-c98e9f8358f2_23,0,primary,centre,0.31116314024742747,
bbbc041,site_b,0346611b-ea43-45bd-9f16-c6e8086273d2_18,0,primary,nearest,0.3436889907478143,
bbbc041,site_b,25865b39-56fb-409a-8800-3d368dd264ed_16,0,primary,centre,0.6712150747238467,
bbbc041,site_b,ebc4056e-d766-43cf-b6b4-5dac79d96e84_60,0,primary,centre,0.7293257439030034,
bbbc041,site_b,8448ac8c-fa7a-475a-9ca2-dc0174f78a39_47,0,primary,nearest,0.4945606341710238,
bbbc041,site_b,8874ea02-d263-4830-99d1-e1b14230a56b_31,0,primary,centre,0.44527535922226374,
bbbc041,site_b,c3631a04-b757-407b-8e7e-1ed3a6c463d4_25,0,primary,centre,0.4625354810027017,
bbbc041,site_b,c3631a04-b757-407b-8e7e-1ed3a6c463d4_6,0,primary,centre,0.4292178623332012,
bbbc041,site_b,efb85f8e-c780-4a19-b6ce-555a154b0d10_50,0,primary,centre,0.7046231155778895,
bbbc041,site_b,294bc238-efdb-4f88-b83b-f41fe5750106_65,0,primary,centre,0.6821974148061105,
bbbc041,site_b,8e22f8cc-b6ef-48cb-a06d-a44cb1fb5f2f_31,0,primary,centre,0.9606734212594986,
bbbc041,site_b,03be08c8-2cf3-4de6-8ac6-5f7817a6a643_10,0,primary,centre,0.4129286014531916,
bbbc041,site_b,291fe50c-2134-4708-bfa4-09b36ffea123_23,0,primary,centre,0.3483582089552239,
bbbc041,site_b,e26b88c6-5884-4b5c-94d7-ad780379c8ad_2,0,primary,centre,0.48795915256820604,
bbbc041,site_b,f8ebe0c8-a90d-4a64-9f6a-f9985e38c340_42,0,primary,centre,0.42985356636750116,
bbbc041,site_b,8874ea02-d263-4830-99d1-e1b14230a56b_8,0,primary,centre,0.6707126342989256,
bbbc041,site_b,f08e873b-9617-42b3-9c7a-55d0e39c2663_12,0,primary,centre,0.48171127624269533,
bbbc041,site_b,deab75c9-00bc-488c-8b20-ff4515d85212_19,0,primary,centre,0.6282371109527204,
bbbc041,site_b,abb72ce2-4193-4dd3-a34c-61c2ee22ccff_7,0,primary,centre,0.5211522108843537,
bbbc041,site_b,9cf0b006-cb5c-47e7-b076-1dcacf1fbfb1_18,0,primary,centre,0.4048964218455744,
bbbc041,site_b,408745a6-79fb-4804-9c24-e2d6673f8f2e_5,0,primary,centre,0.4258477508650519,
bbbc041,site_b,41be1bd3-0d31-4881-bf1f-3ccdfa21ff12_42,0,primary,centre,0.8713800012142554,
bbbc041,site_b,446734b7-6bc9-4a66-a3a0-49f6aa90db33_39,0,primary,centre,0.313046875,
bbbc041,site_b,baab0701-3fd4-4940-8b90-b9c42d95888f_14,0,primary,centre,0.8172886159659896,
bbbc041,site_b,06bbcd42-3ba8-4476-8804-8455f56dd928_7,0,primary,centre,0.6686153628117913,
bbbc041,site_b,294bc238-efdb-4f88-b83b-f41fe5750106_38,0,primary,centre,0.4601601077360467,
bbbc041,site_b,b910c1db-9c66-4207-892f-18a03ecc75bc_52,0,primary,centre,0.6404429703133138,
bbbc041,site_b,15a5849d-8bc7-4e01-938b-c1f55067787d_35,0,primary,centre,0.3794685990338164,
bbbc041,site_b,a5c8bf78-61e2-492d-bae5-0ffeea81212b_40,0,primary,centre,0.8397810606865767,
bbbc041,site_b,bc820fb6-5ba8-4438-affe-e250d2ad5eb0_14,0,primary,centre,0.5305627373998532,
bbbc041,site_b,e6a7743e-4040-40fa-b097-ca6874c469b7_32,0,primary,centre,0.28397490732820074,
bbbc041,site_b,d9255d7f-1282-442d-b152-73d7388526f9_40,0,primary,nearest,0.25678669054576303,
bbbc041,site_b,623982a0-1f73-4246-92cb-28f7c219efaf_7,0,primary,centre,0.57,
bbbc041,site_b,8448ac8c-fa7a-475a-9ca2-dc0174f78a39_33,0,primary,centre,0.6662581699346405,
bbbc041,site_b,41be1bd3-0d31-4881-bf1f-3ccdfa21ff12_29,0,primary,centre,0.4735785590277778,
bbbc041,site_b,37df4ffb-f268-4557-94d6-bf68d005feae_23,0,primary,centre,0.5091059602649006,
bbbc041,site_b,e93e617e-ed36-43d9-bd1a-4ffd2fba64e9_26,0,primary,centre,0.49143110410716045,
bbbc041,site_b,aa57ec7c-8f35-4990-a790-62efc9df8fe8_13,0,primary,centre,0.4459509831329792,
bbbc041,site_b,abb72ce2-4193-4dd3-a34c-61c2ee22ccff_19,0,primary,centre,0.5671243901212213,
bbbc041,site_b,a612e0d5-6a95-43cc-96a6-6fbcb8d45ff4_36,0,primary,centre,0.5777350347157065,
bbbc041,site_b,03be08c8-2cf3-4de6-8ac6-5f7817a6a643_35,0,primary,centre,0.6772250566893424,
bbbc041,site_b,a1265844-329c-4a49-a37f-e0541b83a50c_33,0,primary,centre,0.8374093439028504,
bbbc041,site_b,8db76867-671a-4488-a7b6-991e4dd2e05f_6,0,primary,centre,0.37470016412069185,
bbbc041,site_b,c328260d-bafa-4aaa-9e7a-79bc165d7fdb_13,0,primary,centre,0.3575361604207758,
bbbc041,site_b,a612e0d5-6a95-43cc-96a6-6fbcb8d45ff4_32,0,primary,centre,0.6140095007917327,
bbbc041,site_b,1e647046-333b-4102-a0c6-4c29405c37b3_47,0,primary,centre,0.6891708542713568,
bbbc041,site_b,51a42643-256f-463a-bf22-7fd295caead0_44,0,primary,centre,0.7055950673056378,
bbbc041,site_b,a5c8bf78-61e2-492d-bae5-0ffeea81212b_36,0,primary,centre,0.4012121212121212,
bbbc041,site_b,b9025f55-789d-4acb-9c0a-34e877c95c5c_65,0,primary,centre,0.9413292814429958,
bbbc041,site_b,15625643-d964-4b14-9839-c126384ae35b_26,0,primary,centre,0.3198883666274971,
bbbc041,site_b,c736848a-437c-4121-b99f-58f186eb3a1d_7,0,primary,centre,0.38513513513513514,
bbbc041,site_b,78ae52cf-8dad-4070-a40e-9af02faec1f0_20,0,primary,centre,0.32569879902221277,
bbbc041,site_b,693da701-2020-404c-866d-b64c12da951d_28,0,primary,centre,0.34534615905703836,
bbbc041,site_b,0864c569-2ad7-48ed-b12a-e40aa5b93756_1,0,primary,centre,0.4703301606186794,
bbbc041,site_b,0864c569-2ad7-48ed-b12a-e40aa5b93756_38,0,primary,centre,0.44450743260267067,
bbbc041,site_b,25865b39-56fb-409a-8800-3d368dd264ed_3,0,primary,centre,0.5064129818594104,
bbbc041,site_b,15625643-d964-4b14-9839-c126384ae35b_4,0,primary,centre,0.48943985307621674,
bbbc041,site_b,abb72ce2-4193-4dd3-a34c-61c2ee22ccff_22,0,primary,centre,0.42053965322663384,
bbbc041,site_b,a612e0d5-6a95-43cc-96a6-6fbcb8d45ff4_25,0,primary,nearest,0.2697190426638918,
bbbc041,site_b,96afe167-6a2f-4770-aa74-e083fbd5e926_0,0,primary,centre,0.44749872738210933,
bbbc041,site_b,5c399ab9-492c-4bfc-a452-83aba574a3bc_37,0,primary,centre,0.6794945987654321,
bbbc041,site_b,351d6536-3a5c-46eb-a6e4-d71dd999908a_12,0,primary,centre,0.3934035923111936,
bbbc041,site_b,e93e617e-ed36-43d9-bd1a-4ffd2fba64e9_52,0,primary,centre,0.46702410707086994,
bbbc041,site_b,bdfbad30-fa2f-4285-bf02-6064ab6d869c_22,0,primary,centre,0.3712061098988296,
bbbc041,site_b,4da8f6c5-5f85-4280-92d0-1ba008e8c404_47,0,primary,centre,0.36569808646350105,
bbbc041,site_b,efb85f8e-c780-4a19-b6ce-555a154b0d10_17,0,primary,centre,0.49791066574708914,
bbbc041,site_b,6040cf0d-9dd6-4798-9406-1afbbcd24d4c_10,0,primary,centre,0.36983989197530864,
bbbc041,site_b,351d6536-3a5c-46eb-a6e4-d71dd999908a_36,0,primary,centre,0.9612085769980507,
bbbc041,site_b,bdfbad30-fa2f-4285-bf02-6064ab6d869c_39,0,primary,centre,0.5034072022160665,
bbbc041,site_b,294bc238-efdb-4f88-b83b-f41fe5750106_10,0,primary,centre,0.4365295031055901,
bbbc041,site_b,37b4142a-2c7d-400d-8f01-4e438845a484_37,0,primary,centre,0.3649327619329097,
bbbc041,site_b,e02301ac-68f7-4daf-b2ba-254b917f1cca_64,0,primary,nearest,0.004894013090734403,
bbbc041,site_b,51a42643-256f-463a-bf22-7fd295caead0_63,0,primary,centre,0.7543674045138888,
bbbc041,site_b,446734b7-6bc9-4a66-a3a0-49f6aa90db33_7,0,primary,centre,0.43229859571322987,
bbbc041,site_b,a5c8bf78-61e2-492d-bae5-0ffeea81212b_50,0,primary,centre,0.39891129032258066,
bbbc041,site_b,74bf1267-d98b-4532-a81d-9d8df63e0f75_36,0,primary,centre,0.5929971569654346,
bbbc041,site_b,b910c1db-9c66-4207-892f-18a03ecc75bc_2,0,primary,centre,0.3913303080964891,
bbbc041,site_b,9fd32265-07f2-442b-80b5-35069891d452_28,0,primary,centre,0.5037923854848304,
bbbc041,site_b,446734b7-6bc9-4a66-a3a0-49f6aa90db33_2,0,primary,centre,0.3446624388954948,
bbbc041,site_b,bdfbad30-fa2f-4285-bf02-6064ab6d869c_25,0,primary,centre,0.7146754535147393,
bbbc041,site_b,3e03b313-66eb-471f-a97a-7b2bf20dcff5_41,0,primary,centre,0.7216990065598045,
bbbc041,site_b,a3548f89-1cb5-4e67-b460-482df95b10ee_23,0,primary,centre,0.6196143250688705,
bbbc041,site_b,51c6bc6b-4f37-4ce3-b624-840b27c1584a_21,0,primary,centre,0.4467120181405896,
bbbc041,site_b,f0ee03d6-c57b-43a0-8812-359330bdb93a_68,0,primary,centre,0.8806138719107095,
bbbc041,site_b,3e03b313-66eb-471f-a97a-7b2bf20dcff5_33,0,primary,centre,0.5567208593409784,
bbbc041,site_b,f0ee03d6-c57b-43a0-8812-359330bdb93a_33,0,primary,centre,0.7172944849115505,
bbbc041,site_b,96957ec3-de17-41cf-855b-1388814e5918_50,0,primary,centre,0.3017819336626676,
bbbc041,site_b,df4fd610-fa16-45ca-b3a3-a25a14e5c4e9_10,0,primary,centre,0.6635618972123134,
bbbc041,site_b,604478c7-1259-441a-8ad0-7059e191c9e4_70,0,primary,centre,0.34455379785050116,
bbbc041,site_b,0897f682-5301-49fc-a8d5-9df7762040bb_9,0,primary,centre,0.4966449164699894,
bbbc041,site_b,b910c1db-9c66-4207-892f-18a03ecc75bc_9,0,primary,centre,0.6355188246097337,
bbbc041,site_b,291fe50c-2134-4708-bfa4-09b36ffea123_1,0,primary,centre,0.35831111111111114,
bbbc041,site_b,6d9a2241-2cce-42b3-a11d-a3a6b432dd89_40,0,primary,centre,0.8845862563775511,
bbbc041,site_b,5c399ab9-492c-4bfc-a452-83aba574a3bc_42,0,primary,nearest,0.293978419770275,
bbbc041,site_b,f8ebe0c8-a90d-4a64-9f6a-f9985e38c340_11,0,primary,centre,0.3298337950138504,
bbbc041,site_b,efb85f8e-c780-4a19-b6ce-555a154b0d10_43,0,primary,centre,0.6372356254649804,
bbbc041,site_b,d1394e1a-dedd-4458-a024-044dae2cd69d_22,0,primary,centre,0.30827553379572964,
bbbc041,site_b,8298aca0-5099-4d45-88ca-ec8ac7922e77_22,0,primary,centre,0.7729752066115703,
bbbc041,site_b,78ae52cf-8dad-4070-a40e-9af02faec1f0_39,0,primary,centre,0.4057782876464195,
bbbc041,site_b,408745a6-79fb-4804-9c24-e2d6673f8f2e_38,0,primary,centre,0.3554994764960133,
bbbc041,site_b,51a42643-256f-463a-bf22-7fd295caead0_56,0,primary,centre,0.9611358145723189,
bbbc041,site_b,9cf0b006-cb5c-47e7-b076-1dcacf1fbfb1_31,0,primary,centre,0.42026915508157175,
bbbc041,site_b,96287315-87a1-4045-9e16-119e045bf12a_42,0,primary,centre,0.4956632653061224,
bbbc041,site_b,a612e0d5-6a95-43cc-96a6-6fbcb8d45ff4_24,0,primary,centre,0.381537613667677,
bbbc041,site_b,6040cf0d-9dd6-4798-9406-1afbbcd24d4c_23,0,primary,centre,0.41960365491871365,
bbbc041,site_b,a3548f89-1cb5-4e67-b460-482df95b10ee_14,0,primary,centre,0.4477213839353757,
bbbc041,site_b,23e581e7-0fb7-42ff-ba55-a86beefc0619_24,0,primary,centre,0.603822295528703,
bbbc041,site_b,b910c1db-9c66-4207-892f-18a03ecc75bc_19,0,primary,centre,0.3528517422748192,
bbbc041,site_b,0864c569-2ad7-48ed-b12a-e40aa5b93756_9,0,primary,centre,0.35409128419983493,
bbbc041,site_b,91fd0c2e-8e9c-452d-97ab-304b05a049b3_22,0,primary,centre,0.3581677117653311,
bbbc041,site_b,010961af-b38c-49de-aca0-e3732d73d414_52,0,primary,centre,0.801754002684061,
bbbc041,site_b,a3548f89-1cb5-4e67-b460-482df95b10ee_22,0,primary,centre,0.4827827087442472,
bbbc041,site_b,34950f4e-fe44-49ec-9d49-14bd4a8ce7c0_27,0,primary,centre,0.45328054298642534,
bbbc041,site_b,8874ea02-d263-4830-99d1-e1b14230a56b_2,0,primary,centre,0.41602337493687325,
bbbc041,site_b,291fe50c-2134-4708-bfa4-09b36ffea123_2,0,primary,centre,0.34108698396667086,
bbbc041,site_b,96957ec3-de17-41cf-855b-1388814e5918_22,0,primary,centre,0.5030222222222223,
bbbc041,site_b,224c80b8-6c55-48cf-b719-96a47d223dc3_34,0,primary,centre,0.4334256055363322,
bbbc041,site_b,06bbcd42-3ba8-4476-8804-8455f56dd928_20,0,primary,centre,0.43792275267130676,
bbbc041,site_b,25865b39-56fb-409a-8800-3d368dd264ed_31,0,primary,centre,0.7273977987421384,
bbbc041,site_b,e93e617e-ed36-43d9-bd1a-4ffd2fba64e9_47,0,primary,centre,0.4991480611045828,
bbbc041,site_b,c6807595-100a-4aa1-a5f6-882a20ca3d32_19,0,primary,centre,0.4412820512820513,
bbbc041,site_b,c8d1b7ec-be9f-4c88-a39b-2c6bf46b2998_2,0,primary,centre,0.399417701863354,
bbbc041,site_b,34f334e6-a163-4af7-a1ed-51a7ef15934a_31,0,primary,centre,0.4452634811987188,
bbbc041,site_b,aa57ec7c-8f35-4990-a790-62efc9df8fe8_8,0,primary,centre,0.4092414818820984,
bbbc041,site_b,b9025f55-789d-4acb-9c0a-34e877c95c5c_47,0,primary,centre,0.5556885859888254,
bbbc041,site_b,51f6463c-1622-4c0d-8482-b864e0ed2e74_36,0,primary,centre,0.5488720041273861,
bbbc041,site_b,78ae52cf-8dad-4070-a40e-9af02faec1f0_0,0,primary,centre,0.3821831763008234,
bbbc041,site_b,693da701-2020-404c-866d-b64c12da951d_20,0,primary,centre,0.3466565349544073,
bbbc041,site_b,294bc238-efdb-4f88-b83b-f41fe5750106_11,0,primary,centre,0.7169524114725204,
bbbc041,site_b,294bc238-efdb-4f88-b83b-f41fe5750106_77,0,primary,nearest,0.0013366750208855473,
bbbc041,site_b,d9ecacb0-14c7-4862-930b-18bb51d5f392_44,0,primary,centre,0.5544516129032258,
bbbc041,site_b,a1265844-329c-4a49-a37f-e0541b83a50c_25,0,primary,centre,0.5227543129089828,
bbbc041,site_b,e26b88c6-5884-4b5c-94d7-ad780379c8ad_68,0,primary,centre,0.5024133066013218,
bbbc041,site_b,408745a6-79fb-4804-9c24-e2d6673f8f2e_10,0,primary,centre,0.42965256277949776,
bbbc041,site_b,4da8f6c5-5f85-4280-92d0-1ba008e8c404_6,0,primary,centre,0.43522450400278456,
bbbc041,site_b,bc820fb6-5ba8-4438-affe-e250d2ad5eb0_0,0,primary,centre,0.41910703675409555,
bbbc041,site_b,1b814efc-7bf9-40ae-8e13-49dc2c04732f_32,0,primary,centre,0.4825840244434745,
bbbc041,site_b,f2b1ae99-8169-42ea-bdb4-3351175e4cb6_19,0,primary,centre,0.4026666666666667,
bbbc041,site_b,738b7be5-59b5-4d8c-8769-cbf2385b9fc7_39,0,primary,centre,0.6098790322580645,
bbbc041,site_b,15a5849d-8bc7-4e01-938b-c1f55067787d_29,0,primary,centre,0.4177777777777778,
bbbc041,site_b,8448ac8c-fa7a-475a-9ca2-dc0174f78a39_66,0,primary,centre,0.9205637411915438,
bbbc041,site_b,ef55f2ac-5a04-4986-99ab-0d2b5052ab3e_24,0,primary,centre,0.3925259515570934,
bbbc041,site_b,e6a7743e-4040-40fa-b097-ca6874c469b7_0,0,primary,centre,0.39671875,
bbbc041,site_b,a612e0d5-6a95-43cc-96a6-6fbcb8d45ff4_30,0,primary,centre,0.41112650046168053,
bbbc041,site_b,ef55f2ac-5a04-4986-99ab-0d2b5052ab3e_20,0,primary,centre,0.36280174627632256,
bbbc041,site_b,623982a0-1f73-4246-92cb-28f7c219efaf_42,0,primary,centre,0.5030839002267574,
bbbc041,site_b,d9ecacb0-14c7-4862-930b-18bb51d5f392_29,0,primary,centre,0.34660304799886055,
bbbc041,site_b,64985a1e-16bb-4016-a01c-c21a5b86e572_6,0,primary,centre,0.38516069788797064,
bbbc041,site_b,0a3b53c7-e7ab-4135-80aa-fd2079d727d6_7,0,primary,centre,0.40177422320279466,
bbbc041,site_b,deab75c9-00bc-488c-8b20-ff4515d85212_9,0,primary,centre,0.5246532540771224,
bbbc041,site_b,dea9006d-c360-4118-b77b-8bc959fa5f8a_1,0,primary,centre,0.36408428136516585,
bbbc041,site_b,087602a2-288b-4a4d-b01a-524f0d799d89_0,0,primary,centre,0.4940469127012381,
bbbc041,site_b,ebc4056e-d766-43cf-b6b4-5dac79d96e84_22,0,primary,centre,0.6125649810964083,
bbbc041,site_b,deab75c9-00bc-488c-8b20-ff4515d85212_33,0,primary,centre,0.6564223798266351,
bbbc041,site_b,da2197c7-7911-4be6-8bb9-164f47fd270a_5,0,primary,centre,0.4445997577113037,
bbbc041,site_b,e93e617e-ed36-43d9-bd1a-4ffd2fba64e9_2,0,primary,centre,0.7174025974025974,
bbbc041,site_b,604478c7-1259-441a-8ad0-7059e191c9e4_20,0,primary,centre,0.3539102546531071,
bbbc041,site_b,74bf1267-d98b-4532-a81d-9d8df63e0f75_27,0,primary,centre,0.3875962539021852,
bbbc041,site_b,1e647046-333b-4102-a0c6-4c29405c37b3_40,0,primary,centre,0.5570088518958911,
bbbc041,site_b,37b4142a-2c7d-400d-8f01-4e438845a484_21,0,primary,centre,0.37036271266540643,
bbbc041,site_b,a6e72060-5bde-490c-bdd7-7d9cb0fce7fc_33,0,primary,centre,0.9185802469135802,
bbbc041,site_b,b9025f55-789d-4acb-9c0a-34e877c95c5c_39,0,primary,centre,0.3812590831021271,
bbbc041,site_b,4da8f6c5-5f85-4280-92d0-1ba008e8c404_38,0,primary,nearest,0.34643327686805947,
bbbc041,site_b,c328260d-bafa-4aaa-9e7a-79bc165d7fdb_28,0,primary,centre,0.4671495225694444,
bbbc041,site_b,446734b7-6bc9-4a66-a3a0-49f6aa90db33_15,0,primary,centre,0.7110391671427665,
bbbc041,site_b,3e03b313-66eb-471f-a97a-7b2bf20dcff5_32,0,primary,centre,0.6757628713536765,
bbbc041,site_b,9fd32265-07f2-442b-80b5-35069891d452_4,0,primary,centre,0.3773616065530453,
bbbc041,site_b,511b6e13-acd7-4dd3-b1d0-c4aa10a514c7_106,0,primary,nearest,0.15278364054218846,
bbbc041,site_b,bdfbad30-fa2f-4285-bf02-6064ab6d869c_24,0,primary,centre,0.3223847975229191,
bbbc041,site_b,55078c19-bfaf-4988-a779-767e1c6d22f6_20,0,primary,centre,0.4044077134986226,
bbbc041,site_b,087602a2-288b-4a4d-b01a-524f0d799d89_36,0,primary,centre,0.42517301038062283,
bbbc041,site_b,9fd32265-07f2-442b-80b5-35069891d452_29,0,primary,centre,0.3725393050601136,
bbbc041,site_b,8111cff9-4c04-448e-990b-9d5010f7be56_17,0,primary,centre,0.5802545579635363,
bbbc041,site_b,b1d312cf-1f52-4955-bf42-58d3664c254a_19,0,primary,centre,0.5019798136645963,
bbbc041,site_b,df4fd610-fa16-45ca-b3a3-a25a14e5c4e9_7,0,primary,centre,0.35960098140495866,
bbbc041,site_b,f0ee03d6-c57b-43a0-8812-359330bdb93a_35,0,primary,centre,0.769910250354275,
bbbc041,site_b,9fd32265-07f2-442b-80b5-35069891d452_3,0,primary,centre,0.389323467230444,
bbbc041,site_b,96287315-87a1-4045-9e16-119e045bf12a_4,0,primary,centre,0.4933952528379773,
bbbc041,site_b,06bbcd42-3ba8-4476-8804-8455f56dd928_46,0,primary,centre,0.8423541349568747,
bbbc041,site_b,c8d1b7ec-be9f-4c88-a39b-2c6bf46b2998_18,0,primary,centre,0.45100168114317735,
bbbc041,site_b,8298aca0-5099-4d45-88ca-ec8ac7922e77_25,0,primary,centre,0.7034309714722086,
bbbc041,site_b,c8d1b7ec-be9f-4c88-a39b-2c6bf46b2998_34,0,primary,centre,0.4420454545454545,
bbbc041,site_b,34950f4e-fe44-49ec-9d49-14bd4a8ce7c0_41,0,primary,centre,0.9493450390189521,
bbbc041,site_b,55078c19-bfaf-4988-a779-767e1c6d22f6_24,0,primary,centre,0.43332991347765126,
bbbc041,site_b,78ae52cf-8dad-4070-a40e-9af02faec1f0_36,0,primary,centre,0.3606499565972222,
bbbc041,site_b,5c399ab9-492c-4bfc-a452-83aba574a3bc_29,0,primary,centre,0.3937279846790465,
bbbc041,site_b,8298aca0-5099-4d45-88ca-ec8ac7922e77_15,0,primary,centre,0.7654174703775145,
bbbc041,site_b,ebb53337-1d4f-4ab5-9b6d-83a66f48fe2e_4,0,primary,centre,0.3689777777777778,
bbbc041,site_b,31c62771-4e90-4038-9abc-d196beda9898_1,0,primary,centre,0.4027968297515623,
bbbc041,site_b,a5c8bf78-61e2-492d-bae5-0ffeea81212b_33,0,primary,centre,0.27934727610052285,
bbbc041,site_b,deab75c9-00bc-488c-8b20-ff4515d85212_23,0,primary,centre,0.3576532756860626,
bbbc041,site_b,df4fd610-fa16-45ca-b3a3-a25a14e5c4e9_52,0,primary,centre,0.6600195051842727,
bbbc041,site_b,8111cff9-4c04-448e-990b-9d5010f7be56_46,0,primary,centre,0.8350081276784395,
bbbc041,site_b,e26b88c6-5884-4b5c-94d7-ad780379c8ad_44,0,primary,centre,0.4866597294484912,
bbbc041,site_b,f8ebe0c8-a90d-4a64-9f6a-f9985e38c340_30,0,primary,centre,0.2908671973188102,
bbbc041,site_b,5c399ab9-492c-4bfc-a452-83aba574a3bc_22,0,primary,centre,0.402232976736288,
bbbc041,site_b,deab75c9-00bc-488c-8b20-ff4515d85212_62,0,primary,centre,0.8163311688311689,
bbbc041,site_b,b910c1db-9c66-4207-892f-18a03ecc75bc_7,0,primary,centre,0.5009464575446188,
bbbc041,site_b,64985a1e-16bb-4016-a01c-c21a5b86e572_0,0,primary,centre,0.3880506020423716,
bbbc041,site_b,51c6bc6b-4f37-4ce3-b624-840b27c1584a_9,0,primary,centre,0.3872863247863248,
bbbc041,site_b,d9ecacb0-14c7-4862-930b-18bb51d5f392_38,0,primary,centre,0.5715111111111111,
bbbc041,site_b,604478c7-1259-441a-8ad0-7059e191c9e4_55,0,primary,centre,0.30061394355601934,
bbbc041,site_b,ebc4056e-d766-43cf-b6b4-5dac79d96e84_15,0,primary,centre,0.38800048828125,
bbbc041,site_b,b47c1011-0cc6-400d-9300-1c72f873a6e5_14,0,primary,centre,0.30822619183069744,
bbbc041,site_b,baab0701-3fd4-4940-8b90-b9c42d95888f_10,0,primary,centre,0.81122396634862,
bbbc041,site_b,96957ec3-de17-41cf-855b-1388814e5918_38,0,primary,centre,0.33596318211702825,
bbbc041,site_b,0864c569-2ad7-48ed-b12a-e40aa5b93756_8,0,primary,centre,0.5126099706744868,
bbbc041,site_b,ebc4056e-d766-43cf-b6b4-5dac79d96e84_13,0,primary,centre,0.7249752060463048,
bbbc041,site_b,a612e0d5-6a95-43cc-96a6-6fbcb8d45ff4_27,0,primary,centre,0.6332320162107397,
bbbc041,site_b,b1d312cf-1f52-4955-bf42-58d3664c254a_17,0,primary,centre,0.40720674234606125,
bbbc041,site_b,f0ee03d6-c57b-43a0-8812-359330bdb93a_96,0,primary,nearest,0.01164021164021164,
bbbc041,site_b,51f6463c-1622-4c0d-8482-b864e0ed2e74_21,0,primary,centre,0.46243920014411816,
bbbc041,site_b,55078c19-bfaf-4988-a779-767e1c6d22f6_10,0,primary,centre,0.4093671555027084,
bbbc041,site_b,51a42643-256f-463a-bf22-7fd295caead0_34,0,primary,centre,0.8573534512660423,
bbbc041,site_b,0346611b-ea43-45bd-9f16-c6e8086273d2_20,0,primary,centre,0.2701364859669358,
bbbc041,site_b,b9025f55-789d-4acb-9c0a-34e877c95c5c_70,0,primary,centre,0.5088575732728209,
bbbc041,site_b,b9025f55-789d-4acb-9c0a-34e877c95c5c_9,0,primary,centre,0.6610538539700973,
bbbc041,site_b,37df4ffb-f268-4557-94d6-bf68d005feae_18,0,primary,centre,0.41987654320987655,
bbbc041,site_b,408745a6-79fb-4804-9c24-e2d6673f8f2e_36,0,primary,centre,0.6279981360160083,
bbbc041,site_b,1e647046-333b-4102-a0c6-4c29405c37b3_46,0,primary,centre,0.40828481384541426,
bbbc041,site_b,ef55f2ac-5a04-4986-99ab-0d2b5052ab3e_54,0,primary,centre,0.49613636363636365,
bbbc041,site_b,c70894fa-50e8-4eed-a5a8-159a20153a49_29,0,primary,centre,0.6160451570287636,
bbbc041,site_b,4da8f6c5-5f85-4280-92d0-1ba008e8c404_19,0,primary,centre,0.5540443163393983,
bbbc041,site_b,51c6bc6b-4f37-4ce3-b624-840b27c1584a_32,0,primary,centre,0.3940522154807869,
bbbc041,site_b,78ae52cf-8dad-4070-a40e-9af02faec1f0_23,0,primary,centre,0.6230864197530864,
bbbc041,site_b,3ce76f1d-636a-48b9-b0e3-fc7eb791a169_28,0,primary,centre,0.6025091240875913,
bbbc041,site_b,06bbcd42-3ba8-4476-8804-8455f56dd928_33,0,primary,centre,0.8727887617065556,
bbbc041,site_b,a5c8bf78-61e2-492d-bae5-0ffeea81212b_3,0,primary,centre,0.4526687805522526,
bbbc041,site_b,e6a7743e-4040-40fa-b097-ca6874c469b7_29,0,primary,centre,0.379051971516633,
bbbc041,site_b,ef55f2ac-5a04-4986-99ab-0d2b5052ab3e_3,0,primary,centre,0.4295921924015336,
bbbc041,site_b,f0ee03d6-c57b-43a0-8812-359330bdb93a_49,0,primary,centre,0.9577661014250458,
bbbc041,site_b,6040cf0d-9dd6-4798-9406-1afbbcd24d4c_4,0,primary,centre,0.471304260349077,
bbbc041,site_b,408745a6-79fb-4804-9c24-e2d6673f8f2e_34,0,primary,centre,0.37558601331780583,
bbbc041,site_b,446734b7-6bc9-4a66-a3a0-49f6aa90db33_41,0,primary,centre,0.9543449266440956,
bbbc041,site_b,6e20a860-1f9a-4a74-b167-4c6a79bd8778_37,0,primary,centre,0.5358564458140729,
bbbc041,site_b,738b7be5-59b5-4d8c-8769-cbf2385b9fc7_38,0,primary,centre,0.4193891548388903,
bbbc041,site_b,291fe50c-2134-4708-bfa4-09b36ffea123_21,0,primary,centre,0.5573045559657592,
bbbc041,site_b,f8ebe0c8-a90d-4a64-9f6a-f9985e38c340_17,0,primary,centre,0.6001554894537587,
bbbc041,site_b,23e581e7-0fb7-42ff-ba55-a86beefc0619_6,0,primary,centre,0.43866449068407454,
bbbc041,site_b,3e03b313-66eb-471f-a97a-7b2bf20dcff5_19,0,primary,centre,0.7338909068709746,
bbbc041,site_b,b1d312cf-1f52-4955-bf42-58d3664c254a_2,0,primary,centre,0.39108315975004004,
bbbc041,site_b,0e0bc36f-6fb2-4763-b0a1-b4c67b2d2d2a_15,0,primary,centre,0.39861111111111114,
bbbc041,site_b,cea1cd9b-9b03-407b-ad8d-348155567dab_56,0,primary,nearest,0.18916204070843246,
bbbc041,site_b,e6a7743e-4040-40fa-b097-ca6874c469b7_30,0,primary,centre,0.3946409989594173,
bbbc041,site_b,7d16d1e8-4abf-46fc-81bc-d71bd08ed6f2_6,0,primary,centre,0.4199057334710744,
bbbc041,site_b,15625643-d964-4b14-9839-c126384ae35b_27,0,primary,centre,0.4878780407626562,
bbbc041,site_b,446734b7-6bc9-4a66-a3a0-49f6aa90db33_62,0,primary,centre,0.9397743383742911,
bbbc041,site_b,224c80b8-6c55-48cf-b719-96a47d223dc3_22,0,primary,centre,0.34847944880019005,
bbbc041,site_b,03be08c8-2cf3-4de6-8ac6-5f7817a6a643_41,0,primary,centre,0.5505444976344447,
bbbc041,site_b,291fe50c-2134-4708-bfa4-09b36ffea123_20,0,primary,centre,0.38160493827160497,
bbbc041,site_b,b9025f55-789d-4acb-9c0a-34e877c95c5c_69,0,primary,centre,0.95643016980387,
bbbc041,site_b,8e1e0fd3-52fb-4ebb-82de-67bbd66fcf4d_18,0,primary,centre,0.4541923472008218,
bbbc041,site_b,3e03b313-66eb-471f-a97a-7b2bf20dcff5_17,0,primary,centre,0.6718293395675043,
bbbc041,site_b,aa57ec7c-8f35-4990-a790-62efc9df8fe8_16,0,primary,centre,0.3057909604519774,
bbbc041,site_b,e26b88c6-5884-4b5c-94d7-ad780379c8ad_5,0,primary,centre,0.46526089660240827,
bbbc041,site_b,f0ee03d6-c57b-43a0-8812-359330bdb93a_99,0,primary,nearest,0.19968587917305866,
bbbc041,site_b,c70894fa-50e8-4eed-a5a8-159a20153a49_35,0,primary,centre,0.7275519848771267,
bbbc041,site_b,3147f1e4-6fc4-4eff-a9dd-ddeee5e2de13_27,0,primary,centre,0.36027777777777775,
bbbc041,site_b,c8d1b7ec-be9f-4c88-a39b-2c6bf46b2998_40,0,primary,centre,0.5155170581358274,
bbbc041,site_b,c70894fa-50e8-4eed-a5a8-159a20153a49_19,0,primary,centre,0.4708347785871199,
bbbc041,site_b,37a5a96b-f76e-4607-82fd-f47f7f2903c6_61,0,primary,centre,0.644174651228114,
bbbc041,site_b,0e0bc36f-6fb2-4763-b0a1-b4c67b2d2d2a_11,0,primary,centre,0.3649219079780498,
bbbc041,site_b,224c80b8-6c55-48cf-b719-96a47d223dc3_1,0,primary,centre,0.5297591830513642,
bbbc041,site_b,96afe167-6a2f-4770-aa74-e083fbd5e926_25,0,primary,centre,0.5406461698801459,
bbbc041,site_b,f0ee03d6-c57b-43a0-8812-359330bdb93a_55,0,primary,centre,0.9282037139179996,
bbbc041,site_b,224c80b8-6c55-48cf-b719-96a47d223dc3_12,0,primary,centre,0.43046826222684703,
bbbc041,site_b,b47c1011-0cc6-400d-9300-1c72f873a6e5_1,0,primary,centre,0.3742690058479532,
bbbc041,site_b,9fd32265-07f2-442b-80b5-35069891d452_36,0,primary,centre,0.46681870743929077,
bbbc041,site_b,c736848a-437c-4121-b99f-58f186eb3a1d_18,0,primary,centre,0.42810563016528924,
bbbc041,site_b,a4bd99a0-226a-4044-914b-8073d5890734_5,0,primary,centre,0.6572431633407243,
bbbc041,site_b,8e1e0fd3-52fb-4ebb-82de-67bbd66fcf4d_32,0,primary,centre,0.1906292866941015,
bbbc041,site_b,c11081a1-4fd9-4003-8bd9-0727eae62d0a_24,0,primary,nearest,0.27804037814452814,
bbbc041,site_b,e6a7743e-4040-40fa-b097-ca6874c469b7_11,0,primary,centre,0.4130071905495634,
bbbc041,site_b,b47c1011-0cc6-400d-9300-1c72f873a6e5_33,0,primary,centre,0.3736744610593573,
bbbc041,site_b,8448ac8c-fa7a-475a-9ca2-dc0174f78a39_30,0,primary,centre,0.60720999405116,
bbbc041,site_b,baab0701-3fd4-4940-8b90-b9c42d95888f_27,0,primary,centre,0.6184106222750694,
bbbc041,site_b,d9ecacb0-14c7-4862-930b-18bb51d5f392_31,0,primary,centre,0.45513443472627146,
bbbc041,site_b,5a2447bf-a92b-4a47-a384-4b2ff020ecdc_4,0,primary,centre,0.40821114369501466,
bbbc041,site_b,51a42643-256f-463a-bf22-7fd295caead0_39,0,primary,centre,0.6222376524574327,
bbbc041,site_b,f8ebe0c8-a90d-4a64-9f6a-f9985e38c340_0,0,primary,centre,0.7503991871098853,
bbbc041,site_b,9fd32265-07f2-442b-80b5-35069891d452_33,0,primary,centre,0.4206935255198488,
bbbc041,site_b,4da8f6c5-5f85-4280-92d0-1ba008e8c404_21,0,primary,centre,0.4228031536276294,
bbbc041,site_b,0a3b53c7-e7ab-4135-80aa-fd2079d727d6_10,0,primary,centre,0.519131963223364,
bbbc041,site_b,a3548f89-1cb5-4e67-b460-482df95b10ee_36,0,primary,centre,0.7497624138750297,
bbbc041,site_b,f0ee03d6-c57b-43a0-8812-359330bdb93a_51,0,primary,centre,0.8822553897180763,
bbbc041,site_b,bdfbad30-fa2f-4285-bf02-6064ab6d869c_49,0,primary,centre,0.3549468212441435,
bbbc041,site_b,408745a6-79fb-4804-9c24-e2d6673f8f2e_17,0,primary,centre,0.3655598958333333,
bbbc041,site_b,010961af-b38c-49de-aca0-e3732d73d414_14,0,primary,centre,0.5610756278124547,
bbbc041,site_b,78ae52cf-8dad-4070-a40e-9af02faec1f0_2,0,primary,centre,0.3659617202268431,
bbbc041,site_b,bfbf234a-cbc4-4d00-ab7f-9043d1304b41_0,0,primary,centre,0.45562435500515996,
bbbc041,site_b,47112c6b-aaf6-488d-8f3b-f9ed0cce9a95_19,0,primary,centre,0.3494291283764968,
bbbc041,site_b,3147f1e4-6fc4-4eff-a9dd-ddeee5e2de13_18,0,primary,centre,0.34923318439801954,
bbbc041,site_b,e93e617e-ed36-43d9-bd1a-4ffd2fba64e9_34,0,primary,centre,0.4806597222222222,
bbbc041,site_b,f0ee03d6-c57b-43a0-8812-359330bdb93a_2,0,primary,centre,0.44681603773584905,
bbbc041,site_b,a5c8bf78-61e2-492d-bae5-0ffeea81212b_48,0,primary,centre,0.5342058298631767,
bbbc041,site_b,74bf1267-d98b-4532-a81d-9d8df63e0f75_10,0,primary,centre,0.3526121409874861,
bbbc041,site_b,bc820fb6-5ba8-4438-affe-e250d2ad5eb0_44,0,primary,centre,0.6627943485086342,
bbbc041,site_b,15625643-d964-4b14-9839-c126384ae35b_30,0,primary,centre,0.6322015334063527,
bbbc041,site_b,78ae52cf-8dad-4070-a40e-9af02faec1f0_31,0,primary,centre,0.3720923288243901,
bbbc041,site_b,cc453255-b583-425e-bc3e-284ccf120944_13,0,primary,centre,0.433627688363481,
bbbc041,site_b,8db76867-671a-4488-a7b6-991e4dd2e05f_0,0,primary,centre,0.3871108988137887,
bbbc041,site_b,cea1cd9b-9b03-407b-ad8d-348155567dab_32,0,primary,centre,0.822827087442472,
bbbc041,site_b,291fe50c-2134-4708-bfa4-09b36ffea123_19,0,primary,centre,0.4481891129906745,
bbbc041,site_b,91fd0c2e-8e9c-452d-97ab-304b05a049b3_2,0,primary,centre,0.4162385073012439,
bbbc041,site_b,a4bd99a0-226a-4044-914b-8073d5890734_11,0,primary,centre,0.6380303980411478,
bbbc041,site_b,0346611b-ea43-45bd-9f16-c6e8086273d2_39,0,primary,centre,0.4393491124260355,
bbbc041,site_b,6e20a860-1f9a-4a74-b167-4c6a79bd8778_33,0,primary,centre,0.5624617098301309,
bbbc041,site_b,604478c7-1259-441a-8ad0-7059e191c9e4_36,0,primary,centre,0.39756671899529045,
bbbc041,site_b,e02301ac-68f7-4daf-b2ba-254b917f1cca_5,0,primary,centre,0.7621867464363115,
bbbc041,site_b,224c80b8-6c55-48cf-b719-96a47d223dc3_51,0,primary,centre,0.7219666931007137,
bbbc041,site_b,2c03b3c9-7786-4e1b-ac2b-c98e9f8358f2_15,0,primary,centre,0.36957704338365294,
bbbc041,site_b,224c80b8-6c55-48cf-b719-96a47d223dc3_19,0,primary,centre,0.41076257436452135,
bbbc041,site_b,ef55f2ac-5a04-4986-99ab-0d2b5052ab3e_6,0,primary,centre,0.44166773463197917,
bbbc041,site_b,010961af-b38c-49de-aca0-e3732d73d414_4,0,primary,centre,0.38477546549835706,
bbbc041,site_b,c8d1b7ec-be9f-4c88-a39b-2c6bf46b2998_8,0,primary,centre,0.5391156462585034,
bbbc041,site_b,96afe167-6a2f-4770-aa74-e083fbd5e926_2,0,primary,centre,0.3866805411030177,
bbbc041,site_b,e02301ac-68f7-4daf-b2ba-254b917f1cca_22,0,primary,centre,0.6810851877266935,
bbbc041,site_b,f2b1ae99-8169-42ea-bdb4-3351175e4cb6_11,0,primary,centre,0.44921875,
bbbc041,site_b,887cc81a-bae3-4360-a115-23ae05ac3a4f_22,0,primary,centre,0.40236702868281815,
bbbc041,site_b,5a2447bf-a92b-4a47-a384-4b2ff020ecdc_1,0,primary,centre,0.44627919135587313,
bbbc041,site_b,37a5a96b-f76e-4607-82fd-f47f7f2903c6_67,0,primary,nearest,0.00280974043350281,
bbbc041,site_b,d9255d7f-1282-442d-b152-73d7388526f9_7,0,primary,centre,0.7448804333465451,
bbbc041,site_b,1b814efc-7bf9-40ae-8e13-49dc2c04732f_27,0,primary,centre,0.36920895809304116,
bbbc041,site_b,51a42643-256f-463a-bf22-7fd295caead0_15,0,primary,centre,0.7205908845253107,
bbbc041,site_b,cea1cd9b-9b03-407b-ad8d-348155567dab_6,0,primary,centre,0.42430801248699274,
bbbc041,site_b,9cf3f75a-354c-46f9-8b53-0a9711ac8bee_4,0,primary,centre,0.5361230202317259,
bbbc041,site_b,3147f1e4-6fc4-4eff-a9dd-ddeee5e2de13_31,0,primary,centre,0.3622879684418146,
bbbc041,site_b,ebc4056e-d766-43cf-b6b4-5dac79d96e84_19,0,primary,centre,0.65006746500253,
bbbc041,site_b,b47c1011-0cc6-400d-9300-1c72f873a6e5_13,0,primary,centre,0.43811347024016706,
bbbc041,site_b,37b4142a-2c7d-400d-8f01-4e438845a484_12,0,primary,centre,0.42055555555555557,
bbbc041,site_b,087602a2-288b-4a4d-b01a-524f0d799d89_6,0,primary,centre,0.5266615882689012,
bbbc041,site_b,c70894fa-50e8-4eed-a5a8-159a20153a49_24,0,primary,centre,0.6013452662388833,
bbbc041,site_b,41be1bd3-0d31-4881-bf1f-3ccdfa21ff12_66,0,primary,centre,0.5934042462300825,
bbbc041,site_b,bdfbad30-fa2f-4285-bf02-6064ab6d869c_44,0,primary,centre,0.553179012345679,
bbbc041,site_b,b6fe541f-3be2-41a8-8124-757fc1ad875e_0,0,primary,centre,0.34626065306904147,
bbbc041,site_b,8448ac8c-fa7a-475a-9ca2-dc0174f78a39_32,0,primary,centre,0.595725,
bbbc041,site_b,b9025f55-789d-4acb-9c0a-34e877c95c5c_25,0,primary,centre,0.8758856778918875,
bbbc041,site_b,64985a1e-16bb-4016-a01c-c21a5b86e572_32,0,primary,centre,0.5046604938271605,
bbbc041,site_b,0346611b-ea43-45bd-9f16-c6e8086273d2_1,0,primary,centre,0.3981745162468054,
bbbc041,site_b,34f334e6-a163-4af7-a1ed-51a7ef15934a_4,0,primary,centre,0.3915522248915343,
bbbc041,site_b,edea6ca9-3d52-4b4f-bec3-93799b1c26e3_4,0,primary,centre,0.4100939784197703,
bbbc041,site_b,51a42643-256f-463a-bf22-7fd295caead0_64,0,primary,centre,0.9264572864321609,
bbbc041,site_b,738b7be5-59b5-4d8c-8769-cbf2385b9fc7_33,0,primary,centre,0.6435072082472013,
bbbc041,site_b,b9025f55-789d-4acb-9c0a-34e877c95c5c_51,0,primary,centre,0.7634292046056752,
bbbc041,site_b,f070a212-e4e2-4743-804c-80789a36f495_13,0,primary,centre,0.3512396694214876,
bbbc041,site_b,4b3de416-ac61-43eb-80d0-36b81c4baf82_0,0,primary,centre,0.39188246097337004,
bbbc041,site_b,8874ea02-d263-4830-99d1-e1b14230a56b_30,0,primary,centre,0.3863322350940589,
bbbc041,site_b,351d6536-3a5c-46eb-a6e4-d71dd999908a_55,0,primary,centre,0.9733165829145729,
bbbc041,site_b,f8ebe0c8-a90d-4a64-9f6a-f9985e38c340_45,0,primary,centre,0.7463671875,
bbbc041,site_b,25865b39-56fb-409a-8800-3d368dd264ed_5,0,primary,centre,0.8168181818181818,
bbbc041,site_b,b9025f55-789d-4acb-9c0a-34e877c95c5c_56,0,primary,centre,0.704825,
bbbc041,site_b,a1265844-329c-4a49-a37f-e0541b83a50c_11,0,primary,centre,0.586917701863354,
bbbc041,site_b,64985a1e-16bb-4016-a01c-c21a5b86e572_47,0,primary,centre,0.5413816180844735,
bbbc041,site_b,511b6e13-acd7-4dd3-b1d0-c4aa10a514c7_107,0,primary,nearest,0.005646287414243215,
bbbc041,site_b,6e20a860-1f9a-4a74-b167-4c6a79bd8778_29,0,primary,centre,0.6269410427976265,
bbbc041,site_b,a3548f89-1cb5-4e67-b460-482df95b10ee_40,0,primary,centre,0.20194617680603752,
bbbc041,site_b,df4fd610-fa16-45ca-b3a3-a25a14e5c4e9_37,0,primary,centre,0.7131072932074184,
bbbc041,site_b,738b7be5-59b5-4d8c-8769-cbf2385b9fc7_16,0,primary,centre,0.5501700680272109,
bbbc041,site_b,96afe167-6a2f-4770-aa74-e083fbd5e926_15,0,primary,centre,0.4105387906116314,
bbbc041,site_b,b9025f55-789d-4acb-9c0a-34e877c95c5c_40,0,primary,centre,0.36646796292250555,
bbbc041,site_b,deab75c9-00bc-488c-8b20-ff4515d85212_69,0,primary,centre,0.6218338399189463,
bbbc041,site_b,bc820fb6-5ba8-4438-affe-e250d2ad5eb0_16,0,primary,centre,0.4809931100023759,
bbbc041,site_b,96957ec3-de17-41cf-855b-1388814e5918_25,0,primary,centre,0.406699085498621,
bbbc041,site_b,4dcd5df9-c56c-471b-8d44-fa4b1ca9a600_2,0,primary,centre,0.39975635224504,
bbbc041,site_b,f8ebe0c8-a90d-4a64-9f6a-f9985e38c340_24,0,primary,centre,0.7613528938062393,
bbbc041,site_b,ebc4056e-d766-43cf-b6b4-5dac79d96e84_59,0,primary,centre,0.7809546313799622,
bbbc041,site_b,b9025f55-789d-4acb-9c0a-34e877c95c5c_88,0,primary,centre,0.823857641425209,
bbbc041,site_b,03be08c8-2cf3-4de6-8ac6-5f7817a6a643_20,0,primary,centre,0.4444444444444444,
bbbc041,site_b,b910c1db-9c66-4207-892f-18a03ecc75bc_31,0,primary,centre,0.501907756173499,
bbbc041,site_b,0a3b53c7-e7ab-4135-80aa-fd2079d727d6_6,0,primary,centre,0.4774424630391709,
bbbc041,site_b,9fd32265-07f2-442b-80b5-35069891d452_18,0,primary,centre,0.6134058950784208,
bbbc041,site_b,4dcd5df9-c56c-471b-8d44-fa4b1ca9a600_4,0,primary,centre,0.39453333333333335,
bbbc041,site_b,deab75c9-00bc-488c-8b20-ff4515d85212_44,0,primary,centre,0.7580561714708056,
bbbc041,site_b,23e581e7-0fb7-42ff-ba55-a86beefc0619_42,0,primary,centre,0.5215686274509804,
bbbc041,site_b,cc453255-b583-425e-bc3e-284ccf120944_9,0,primary,centre,0.39357208448117537,
bbbc041,site_b,37df4ffb-f268-4557-94d6-bf68d005feae_3,0,primary,centre,0.42531626276482243,
bbbc041,site_b,294bc238-efdb-4f88-b83b-f41fe5750106_83,0,primary,nearest,0.28098778703454863,
bbbc041,site_b,8298aca0-5099-4d45-88ca-ec8ac7922e77_21,0,primary,centre,0.778089801898599,
bbbc041,site_b,0897f682-5301-49fc-a8d5-9df7762040bb_29,0,primary,centre,0.5986159169550173,
bbbc041,site_b,0e0bc36f-6fb2-4763-b0a1-b4c67b2d2d2a_18,0,primary,centre,0.5252946775020133,
bbbc041,site_b,e02301ac-68f7-4daf-b2ba-254b917f1cca_10,0,primary,centre,0.7670131714876033,
bbbc041,site_b,8298aca0-5099-4d45-88ca-ec8ac7922e77_31,0,primary,centre,0.9096073517126149,
bbbc041,site_b,f8ebe0c8-a90d-4a64-9f6a-f9985e38c340_13,0,primary,centre,0.5747178104085506,
bbbc041,site_b,0a3b53c7-e7ab-4135-80aa-fd2079d727d6_34,0,primary,centre,0.36979010494752623,
bbbc041,site_b,a1265844-329c-4a49-a37f-e0541b83a50c_13,0,primary,centre,0.36486486486486486,
bbbc041,site_b,47112c6b-aaf6-488d-8f3b-f9ed0cce9a95_7,0,primary,centre,0.4007142857142857,
bbbc041,site_b,cea1cd9b-9b03-407b-ad8d-348155567dab_53,0,primary,centre,0.8266051518646674,
bbbc041,site_b,c11081a1-4fd9-4003-8bd9-0727eae62d0a_15,0,primary,centre,0.4120676100628931,
bbbc041,site_b,a4bd99a0-226a-4044-914b-8073d5890734_45,0,primary,centre,0.4618158834027365,
bbbc041,site_b,bdfbad30-fa2f-4285-bf02-6064ab6d869c_13,0,primary,centre,0.5879663231238206,
bbbc041,site_b,96957ec3-de17-41cf-855b-1388814e5918_33,0,primary,centre,0.3835463733650416,
bbbc041,site_b,8db76867-671a-4488-a7b6-991e4dd2e05f_42,0,primary,centre,0.46180926387405563,
bbbc041,site_b,3ce76f1d-636a-48b9-b0e3-fc7eb791a169_22,0,primary,centre,0.37816510579257717,
bbbc041,site_b,cea1cd9b-9b03-407b-ad8d-348155567dab_19,0,primary,centre,0.8722878946580876,
bbbc041,site_b,6d9a2241-2cce-42b3-a11d-a3a6b432dd89_22,0,primary,centre,0.8156028368794326,
bbbc041,site_b,604478c7-1259-441a-8ad0-7059e191c9e4_71,0,primary,centre,0.6496693351896972,
bbbc041,site_b,ebc4056e-d766-43cf-b6b4-5dac79d96e84_61,0,primary,centre,0.9848044909020519,
bbbc041,site_b,2c03b3c9-7786-4e1b-ac2b-c98e9f8358f2_3,0,primary,centre,0.42008318478906714,
bbbc041,site_b,9cf0b006-cb5c-47e7-b076-1dcacf1fbfb1_34,0,primary,centre,0.39283640586442153,
bbbc041,site_b,51f6463c-1622-4c0d-8482-b864e0ed2e74_14,0,primary,centre,0.8277843836702339,
bbbc041,site_b,37b4142a-2c7d-400d-8f01-4e438845a484_42,0,primary,centre,0.3246414602346806,
bbbc041,site_b,03be08c8-2cf3-4de6-8ac6-5f7817a6a643_39,0,primary,centre,0.5730431263729912,
bbbc041,site_b,224c80b8-6c55-48cf-b719-96a47d223dc3_33,0,primary,centre,0.5195996993789802,
bbbc041,site_b,f08e873b-9617-42b3-9c7a-55d0e39c2663_19,0,primary,centre,0.5109567901234567,
bbbc041,site_b,c70894fa-50e8-4eed-a5a8-159a20153a49_18,0,primary,centre,0.4774649665446282,
bbbc041,site_b,2c03b3c9-7786-4e1b-ac2b-c98e9f8358f2_9,0,primary,centre,0.41485859643872514,
bbbc041,site_b,6e20a860-1f9a-4a74-b167-4c6a79bd8778_14,0,primary,centre,0.5313429773263568,
bbbc041,site_b,a1265844-329c-4a49-a37f-e0541b83a50c_12,0,primary,centre,0.39117911117761484,
bbbc041,site_b,b9025f55-789d-4acb-9c0a-34e877c95c5c_1,0,primary,centre,0.5471345204249588,
bbbc041,site_b,f0ee03d6-c57b-43a0-8812-359330bdb93a_38,0,primary,centre,0.8397181982797646,
bbbc041,site_b,d9255d7f-1282-442d-b152-73d7388526f9_3,0,primary,centre,0.6550517692570258,
bbbc041,site_b,087602a2-288b-4a4d-b01a-524f0d799d89_20,0,primary,centre,0.323129520052597,
bbbc041,site_b,e26b88c6-5884-4b5c-94d7-ad780379c8ad_18,0,primary,centre,0.3746506211180124,
bbbc041,site_b,deab75c9-00bc-488c-8b20-ff4515d85212_25,0,primary,centre,0.38558894079030426,
bbbc041,site_b,df4fd610-fa16-45ca-b3a3-a25a14e5c4e9_15,0,primary,centre,0.5694306246545052,
bbbc041,site_b,d9ecacb0-14c7-4862-930b-18bb51d5f392_26,0,primary,centre,0.3687840120097579,
bbbc041,site_b,3e03b313-66eb-471f-a97a-7b2bf20dcff5_5,0,primary,centre,0.6941753308128544,
bbbc041,site_b,c6807595-100a-4aa1-a5f6-882a20ca3d32_20,0,primary,centre,0.3698883666274971,
bbbc041,site_b,3147f1e4-6fc4-4eff-a9dd-ddeee5e2de13_15,0,primary,centre,0.3816189236111111,
bbbc041,site_b,5a2447bf-a92b-4a47-a384-4b2ff020ecdc_37,0,primary,centre,0.5634375,
bbbc041,site_b,087602a2-288b-4a4d-b01a-524f0d799d89_35,0,primary,centre,0.5818957578734115,
bbbc041,site_b,294bc238-efdb-4f88-b83b-f41fe5750106_0,0,primary,centre,0.4172780778843828,
bbbc041,site_b,f070a212-e4e2-4743-804c-80789a36f495_2,0,primary,centre,0.37307346999850366,
bbbc041,site_b,b1d312cf-1f52-4955-bf42-58d3664c254a_35,0,primary,centre,0.4698222222222222,
bbbc041,site_b,aa57ec7c-8f35-4990-a790-62efc9df8fe8_28,0,primary,centre,0.2969806881678267,
bbbc041,site_b,010961af-b38c-49de-aca0-e3732d73d414_36,0,primary,centre,0.4510833663627956,
bbbc041,site_b,96287315-87a1-4045-9e16-119e045bf12a_43,0,primary,centre,0.3609851347946586,
bbbc041,site_b,74bf1267-d98b-4532-a81d-9d8df63e0f75_17,0,primary,centre,0.4421541532319975,
bbbc041,site_b,294bc238-efdb-4f88-b83b-f41fe5750106_3,0,primary,centre,0.5316961498439126,
bbbc041,site_b,511b6e13-acd7-4dd3-b1d0-c4aa10a514c7_43,0,primary,centre,0.9438636363636363,
bbbc041,site_b,4dcd5df9-c56c-471b-8d44-fa4b1ca9a600_10,0,primary,centre,0.3842208642514186,
bbbc041,site_b,34950f4e-fe44-49ec-9d49-14bd4a8ce7c0_2,0,primary,centre,0.5795068027210885,
bbbc041,site_b,c11081a1-4fd9-4003-8bd9-0727eae62d0a_3,0,primary,centre,0.3892247149985801,
bbbc041,site_b,a4bd99a0-226a-4044-914b-8073d5890734_39,0,primary,centre,0.5889830508474576,
bbbc041,site_b,e02301ac-68f7-4daf-b2ba-254b917f1cca_34,0,primary,centre,0.5589603283173734,
bbbc041,site_b,baab0701-3fd4-4940-8b90-b9c42d95888f_30,0,primary,centre,0.698637875839558,
bbbc041,site_b,f8ebe0c8-a90d-4a64-9f6a-f9985e38c340_40,0,primary,centre,0.5132023933402705,
bbbc041,site_b,f08e873b-9617-42b3-9c7a-55d0e39c2663_14,0,primary,centre,0.40566785572730873,
bbbc041,site_b,b910c1db-9c66-4207-892f-18a03ecc75bc_40,0,primary,centre,0.4726070309780717,
bbbc041,site_b,6d9a2241-2cce-42b3-a11d-a3a6b432dd89_33,0,primary,centre,0.5397116823065415,
bbbc041,site_b,b1d312cf-1f52-4955-bf42-58d3664c254a_30,0,primary,centre,0.34650515176830965,
bbbc041,site_b,37a5a96b-f76e-4607-82fd-f47f7f2903c6_62,0,primary,centre,0.9211464463558171,
bbbc041,site_b,efb85f8e-c780-4a19-b6ce-555a154b0d10_47,0,primary,centre,0.7795478683052648,
bbbc041,site_b,51a42643-256f-463a-bf22-7fd295caead0_66,0,primary,centre,0.7684217058111755,
bbbc041,site_b,74bf1267-d98b-4532-a81d-9d8df63e0f75_29,0,primary,centre,0.4625548413427201,
bbbc041,site_b,f0ee03d6-c57b-43a0-8812-359330bdb93a_12,0,primary,centre,0.7294345839090233,
bbbc041,site_b,1e647046-333b-4102-a0c6-4c29405c37b3_44,0,primary,centre,0.380202958376333,
bbbc041,site_b,37a5a96b-f76e-4607-82fd-f47f7f2903c6_22,0,primary,centre,0.849876899057227,
bbbc041,site_b,8448ac8c-fa7a-475a-9ca2-dc0174f78a39_44,0,primary,centre,0.39402366863905325,
bbbc041,site_b,b6fe541f-3be2-41a8-8124-757fc1ad875e_13,0,primary,nearest,0.24355031071495825,
bbbc041,site_b,c6807595-100a-4aa1-a5f6-882a20ca3d32_8,0,primary,centre,0.36395919421487605,
bbbc041,site_b,f08e873b-9617-42b3-9c7a-55d0e39c2663_23,0,primary,centre,0.3746607823250459,
bbbc041,site_b,c70894fa-50e8-4eed-a5a8-159a20153a49_40,0,primary,centre,0.8132916998848436,
bbbc041,site_b,d1394e1a-dedd-4458-a024-044dae2cd69d_16,0,primary,centre,0.5234090909090909,
bbbc041,site_b,37b4142a-2c7d-400d-8f01-4e438845a484_56,0,primary,centre,0.41631111111111113,
bbbc041,site_b,0346611b-ea43-45bd-9f16-c6e8086273d2_9,0,primary,centre,0.3975635224504003,
bbbc041,site_b,31c62771-4e90-4038-9abc-d196beda9898_5,0,primary,centre,0.4168526106535762,
bbbc041,site_b,abb72ce2-4193-4dd3-a34c-61c2ee22ccff_28,0,primary,centre,0.3927248760278702,
bbbc041,site_b,408745a6-79fb-4804-9c24-e2d6673f8f2e_15,0,primary,centre,0.3240711669283098,
bbbc041,site_b,d9ecacb0-14c7-4862-930b-18bb51d5f392_48,0,primary,centre,0.6254841549295774,
bbbc041,site_b,224c80b8-6c55-48cf-b719-96a47d223dc3_4,0,primary,centre,0.5464673913043478,
bbbc041,site_b,37b4142a-2c7d-400d-8f01-4e438845a484_22,0,primary,centre,0.4163369629914919,
bbbc041,site_b,06bbcd42-3ba8-4476-8804-8455f56dd928_8,0,primary,centre,0.40857472683830437,
bbbc041,site_b,738b7be5-59b5-4d8c-8769-cbf2385b9fc7_15,0,primary,centre,0.5647330811265238,
bbbc041,site_b,91fd0c2e-8e9c-452d-97ab-304b05a049b3_14,0,primary,centre,0.4203778883428467,
bbbc041,site_b,edea6ca9-3d52-4b4f-bec3-93799b1c26e3_1,0,primary,centre,0.40733590733590735,
bbbc041,site_b,deab75c9-00bc-488c-8b20-ff4515d85212_34,0,primary,centre,0.6770942513907926,
bbbc041,site_b,df4fd610-fa16-45ca-b3a3-a25a14e5c4e9_48,0,primary,centre,0.876765505091224,
bbbc041,site_b,604478c7-1259-441a-8ad0-7059e191c9e4_52,0,primary,centre,0.4420193066601906,
bbbc041,site_b,47112c6b-aaf6-488d-8f3b-f9ed0cce9a95_0,0,primary,centre,0.4151918500892326,
bbbc041,site_b,291fe50c-2134-4708-bfa4-09b36ffea123_10,0,primary,centre,0.5881557598702001,
bbbc041,site_b,2c03b3c9-7786-4e1b-ac2b-c98e9f8358f2_12,0,primary,centre,0.4200390625,
bbbc041,site_b,b1d312cf-1f52-4955-bf42-58d3664c254a_27,0,primary,centre,0.38035495716034273,
bbbc041,site_b,3ce76f1d-636a-48b9-b0e3-fc7eb791a169_21,0,primary,centre,0.6378030847098253,
bbbc041,site_b,9fd32265-07f2-442b-80b5-35069891d452_10,0,primary,centre,0.4199025974025974,
bbbc041,site_b,8448ac8c-fa7a-475a-9ca2-dc0174f78a39_59,0,primary,centre,0.3897058823529412,
bbbc041,site_b,0864c569-2ad7-48ed-b12a-e40aa5b93756_26,0,primary,centre,0.3903395061728395,
bbbc041,site_b,a4bd99a0-226a-4044-914b-8073d5890734_9,0,primary,centre,0.5598802395209581,
bbbc041,site_b,446734b7-6bc9-4a66-a3a0-49f6aa90db33_18,0,primary,centre,0.6010921231326392,
bbbc041,site_b,623982a0-1f73-4246-92cb-28f7c219efaf_20,0,primary,centre,0.609394129415629,
bbbc041,site_b,8e1e0fd3-52fb-4ebb-82de-67bbd66fcf4d_0,0,primary,centre,0.3694558756287151,
bbbc041,site_b,ef55f2ac-5a04-4986-99ab-0d2b5052ab3e_36,0,primary,centre,0.4179320987654321,
bbbc041,site_b,da2197c7-7911-4be6-8bb9-164f47fd270a_11,0,primary,centre,0.49502720960780633,
bbbc041,site_b,294bc238-efdb-4f88-b83b-f41fe5750106_18,0,primary,centre,0.5746904024767802,
bbbc041,site_b,15a5849d-8bc7-4e01-938b-c1f55067787d_37,0,primary,centre,0.41108490566037736,
bbbc041,site_b,4da8f6c5-5f85-4280-92d0-1ba008e8c404_54,0,primary,centre,0.5655517108804307,
bbbc041,site_b,ef55f2ac-5a04-4986-99ab-0d2b5052ab3e_43,0,primary,centre,0.23169421487603306,
bbbc041,site_b,54c88d45-30c3-46f8-8fef-b3e9c07781f2_2,0,primary,centre,0.5532258064516129,
bbbc041,site_b,deab75c9-00bc-488c-8b20-ff4515d85212_37,0,primary,centre,0.6991015986259743,
bbbc041,site_b,a4bd99a0-226a-4044-914b-8073d5890734_31,0,primary,centre,0.5463708290333678,
bbbc041,site_b,baab0701-3fd4-4940-8b90-b9c42d95888f_8,0,primary,centre,0.9126696363824718,
bbbc041,site_b,96957ec3-de17-41cf-855b-1388814e5918_18,0,primary,centre,0.3388808271358607,
bbbc041,site_b,f0ee03d6-c57b-43a0-8812-359330bdb93a_62,0,primary,centre,0.907879523644352,
bbbc041,site_b,a1265844-329c-4a49-a37f-e0541b83a50c_35,0,primary,centre,0.89120189756874,
bbbc041,site_b,6e20a860-1f9a-4a74-b167-4c6a79bd8778_8,0,primary,centre,0.5099191063174114,
bbbc041,site_b,deab75c9-00bc-488c-8b20-ff4515d85212_6,0,primary,centre,0.6486098286652303,
bbbc041,site_b,6040cf0d-9dd6-4798-9406-1afbbcd24d4c_33,0,primary,centre,0.47875,
bbbc041,site_b,f070a212-e4e2-4743-804c-80789a36f495_6,0,primary,centre,0.3638636363636364,
bbbc041,site_b,51f6463c-1622-4c0d-8482-b864e0ed2e74_28,0,primary,centre,0.7066680839002267,
bbbc041,site_b,c70894fa-50e8-4eed-a5a8-159a20153a49_21,0,primary,centre,0.726427179058758,
bbbc041,site_b,edea6ca9-3d52-4b4f-bec3-93799b1c26e3_5,0,primary,centre,0.48762119113573404,
bbbc041,site_b,25865b39-56fb-409a-8800-3d368dd264ed_43,0,primary,centre,0.8847907036466358,
bbbc041,site_b,bdfbad30-fa2f-4285-bf02-6064ab6d869c_35,0,primary,centre,0.509462881514061,
bbbc041,site_b,a612e0d5-6a95-43cc-96a6-6fbcb8d45ff4_31,0,primary,centre,0.9158016147635525,
bbbc041,site_b,8e22f8cc-b6ef-48cb-a06d-a44cb1fb5f2f_23,0,primary,centre,0.5885452406626801,
bbbc041,site_b,c70894fa-50e8-4eed-a5a8-159a20153a49_33,0,primary,centre,0.7650673045354346,
bbbc041,site_b,8111cff9-4c04-448e-990b-9d5010f7be56_40,0,primary,centre,0.6158219782374277,
bbbc041,site_b,bfbf234a-cbc4-4d00-ab7f-9043d1304b41_8,0,primary,centre,0.4198214835333949,
bbbc041,site_b,e02301ac-68f7-4daf-b2ba-254b917f1cca_38,0,primary,centre,0.7339082356824559,
bbbc041,site_b,96957ec3-de17-41cf-855b-1388814e5918_51,0,primary,centre,0.6513877207737595,
bbbc041,site_b,c3631a04-b757-407b-8e7e-1ed3a6c463d4_16,0,primary,centre,0.40676414028875796,
bbbc041,site_b,96957ec3-de17-41cf-855b-1388814e5918_41,0,primary,centre,0.29519331243469177,
bbbc041,site_b,74bf1267-d98b-4532-a81d-9d8df63e0f75_34,0,primary,centre,0.39745950500920696,
bbbc041,site_b,e93e617e-ed36-43d9-bd1a-4ffd2fba64e9_8,0,primary,centre,0.5622619263558861,
bbbc041,site_b,4dcd5df9-c56c-471b-8d44-fa4b1ca9a600_14,0,primary,centre,0.4035952103675834,
bbbc041,site_b,a6e72060-5bde-490c-bdd7-7d9cb0fce7fc_24,0,primary,centre,0.6602286949596086,
bbbc041,site_b,bc820fb6-5ba8-4438-affe-e250d2ad5eb0_7,0,primary,centre,0.45797902494331066,
bbbc041,site_b,0e0bc36f-6fb2-4763-b0a1-b4c67b2d2d2a_8,0,primary,centre,0.4823404947916667,
bbbc041,site_b,3e03b313-66eb-471f-a97a-7b2bf20dcff5_46,0,primary,centre,0.8347042179377508,
bbbc041,site_b,f0ee03d6-c57b-43a0-8812-359330bdb93a_9,0,primary,centre,0.6696594427244582,
bbbc041,site_b,f8ebe0c8-a90d-4a64-9f6a-f9985e38c340_26,0,primary,centre,0.5159555555555555,
bbbc041,site_b,010961af-b38c-49de-aca0-e3732d73d414_23,0,primary,centre,0.6412808910546467,
bbbc041,site_b,f0ee03d6-c57b-43a0-8812-359330bdb93a_87,0,primary,nearest,0.02855,
bbbc041,site_b,ef55f2ac-5a04-4986-99ab-0d2b5052ab3e_8,0,primary,centre,0.37287163386064487,
bbbc041,site_b,8448ac8c-fa7a-475a-9ca2-dc0174f78a39_46,0,primary,centre,0.7750144175317186,
bbbc041,site_b,511b6e13-acd7-4dd3-b1d0-c4aa10a514c7_67,0,primary,centre,0.831275720164609,
bbbc041,site_b,511b6e13-acd7-4dd3-b1d0-c4aa10a514c7_41,0,primary,centre,0.6970537719645924,
bbbc041,site_b,d1394e1a-dedd-4458-a024-044dae2cd69d_8,0,primary,centre,0.3998898071625344,
bbbc041,site_b,6e20a860-1f9a-4a74-b167-4c6a79bd8778_36,0,primary,centre,0.16745283018867924,
bbbc041,site_b,a1265844-329c-4a49-a37f-e0541b83a50c_21,0,primary,centre,0.747265221878225,
bbbc041,site_b,8111cff9-4c04-448e-990b-9d5010f7be56_38,0,primary,centre,0.8456532663316583,
bbbc041,site_b,d1394e1a-dedd-4458-a024-044dae2cd69d_1,0,primary,centre,0.3967603172469418,
bbbc041,site_b,ef55f2ac-5a04-4986-99ab-0d2b5052ab3e_49,0,primary,centre,0.4713220164609053,
bbbc041,site_b,e26b88c6-5884-4b5c-94d7-ad780379c8ad_67,0,primary,centre,0.31053760416300413,
bbbc041,site_b,8db76867-671a-4488-a7b6-991e4dd2e05f_24,0,primary,centre,0.38148999459167116,
bbbc041,site_b,bfbf234a-cbc4-4d00-ab7f-9043d1304b41_19,0,primary,centre,0.42373376623376624,
bbbc041,site_b,1e647046-333b-4102-a0c6-4c29405c37b3_3,0,primary,centre,0.4735171413023762,
bbbc041,site_b,96287315-87a1-4045-9e16-119e045bf12a_1,0,primary,centre,0.4217020937823422,
bbbc041,site_b,351d6536-3a5c-46eb-a6e4-d71dd999908a_20,0,primary,centre,0.42826057391540867,
bbbc041,site_b,1b814efc-7bf9-40ae-8e13-49dc2c04732f_22,0,primary,centre,0.362800918989112,
bbbc041,site_b,cea1cd9b-9b03-407b-ad8d-348155567dab_23,0,primary,centre,0.8002659266967279,
bbbc041,site_b,0864c569-2ad7-48ed-b12a-e40aa5b93756_10,0,primary,centre,0.46336878978170787,
bbbc041,site_b,8448ac8c-fa7a-475a-9ca2-dc0174f78a39_21,0,primary,centre,0.5013481363996828,
bbbc041,site_b,d1394e1a-dedd-4458-a024-044dae2cd69d_30,0,primary,centre,0.4413248697916667,
bbbc041,site_b,4da8f6c5-5f85-4280-92d0-1ba008e8c404_23,0,primary,centre,0.5602267359470949,
bbbc041,site_b,d9255d7f-1282-442d-b152-73d7388526f9_2,0,primary,centre,0.6820809248554913,
bbbc041,site_b,010961af-b38c-49de-aca0-e3732d73d414_37,0,primary,centre,0.5617462204858162,
bbbc041,site_b,41be1bd3-0d31-4881-bf1f-3ccdfa21ff12_12,0,primary,centre,0.5458339381622878,
bbbc041,site_b,693da701-2020-404c-866d-b64c12da951d_35,0,primary,centre,0.26600365797896663,
bbbc041,site_b,e6a7743e-4040-40fa-b097-ca6874c469b7_41,0,primary,centre,0.18688476274683172,
bbbc041,site_b,edea6ca9-3d52-4b4f-bec3-93799b1c26e3_7,0,primary,centre,0.4096444444444444,
bbbc041,site_b,03be08c8-2cf3-4de6-8ac6-5f7817a6a643_1,0,primary,centre,0.5878047946376663,
bbbc041,site_b,8298aca0-5099-4d45-88ca-ec8ac7922e77_13,0,primary,centre,0.5628550667195138,
bbbc041,site_b,deab75c9-00bc-488c-8b20-ff4515d85212_50,0,primary,centre,0.5663376397154885,
bbbc041,site_b,010961af-b38c-49de-aca0-e3732d73d414_35,0,primary,centre,0.5646922915353917,
bbbc041,site_b,b9025f55-789d-4acb-9c0a-34e877c95c5c_80,0,primary,centre,0.925364758698092,
bbbc041,site_b,a6e72060-5bde-490c-bdd7-7d9cb0fce7fc_15,0,primary,centre,0.8446954683577751,
bbbc041,site_b,41be1bd3-0d31-4881-bf1f-3ccdfa21ff12_4,0,primary,centre,0.4923699209413495,
bbbc041,site_b,087602a2-288b-4a4d-b01a-524f0d799d89_5,0,primary,centre,0.42952681812071514,
bbbc041,site_b,f0ee03d6-c57b-43a0-8812-359330bdb93a_102,0,primary,centre,0.9931366764995083,
bbbc041,site_b,06bbcd42-3ba8-4476-8804-8455f56dd928_26,0,primary,centre,0.6850828729281768,
bbbc041,site_b,d9255d7f-1282-442d-b152-73d7388526f9_32,0,primary,centre,0.8354603549408745,
bbbc041,site_b,96afe167-6a2f-4770-aa74-e083fbd5e926_14,0,primary,centre,0.4039833531510107,
bbbc041,site_b,8111cff9-4c04-448e-990b-9d5010f7be56_47,0,primary,centre,0.6582278481012658,
bbbc041,site_b,25865b39-56fb-409a-8800-3d368dd264ed_35,0,primary,centre,0.6084104938271605,
bbbc041,site_b,f2b1ae99-8169-42ea-bdb4-3351175e4cb6_14,0,primary,centre,0.3895927601809955,
bbbc041,site_b,8e22f8cc-b6ef-48cb-a06d-a44cb1fb5f2f_25,0,primary,centre,0.8058908612754767,
bbbc041,site_b,8e1e0fd3-52fb-4ebb-82de-67bbd66fcf4d_19,0,primary,centre,0.4516629711751663,
bbbc041,site_b,a5c8bf78-61e2-492d-bae5-0ffeea81212b_38,0,primary,centre,0.4514935064935065,
bbbc041,site_b,bdfbad30-fa2f-4285-bf02-6064ab6d869c_27,0,primary,centre,0.49940023990403837,
bbbc041,site_b,087602a2-288b-4a4d-b01a-524f0d799d89_42,0,primary,centre,0.39863383369876876,
bbbc041,site_b,d9ecacb0-14c7-4862-930b-18bb51d5f392_2,0,primary,centre,0.5867555555555556,
bbbc041,site_b,15a5849d-8bc7-4e01-938b-c1f55067787d_17,0,primary,centre,0.35253684807256236,
bbbc041,site_b,5bfde411-aa51-45d0-8b67-a57c5f1e628b_10,0,primary,centre,0.37905056759545924,
bbbc041,site_b,e6a7743e-4040-40fa-b097-ca6874c469b7_4,0,primary,centre,0.4713144517066086,
bbbc041,site_b,51a42643-256f-463a-bf22-7fd295caead0_43,0,primary,centre,0.9474710167230943,
bbbc041,site_b,41be1bd3-0d31-4881-bf1f-3ccdfa21ff12_44,0,primary,centre,0.5790759483476067,
bbbc041,site_b,b9025f55-789d-4acb-9c0a-34e877c95c5c_71,0,primary,centre,0.8920697858842189,
bbbc041,site_b,aa57ec7c-8f35-4990-a790-62efc9df8fe8_25,0,primary,centre,0.29402039129236707,
bbbc041,site_b,a612e0d5-6a95-43cc-96a6-6fbcb8d45ff4_43,0,primary,centre,0.598369538446382,
bbbc041,site_b,8e22f8cc-b6ef-48cb-a06d-a44cb1fb5f2f_27,0,primary,centre,0.7519717725197177,
bbbc041,site_b,df4fd610-fa16-45ca-b3a3-a25a14e5c4e9_27,0,primary,centre,0.9145779079861112,
bbbc041,site_b,0a3b53c7-e7ab-4135-80aa-fd2079d727d6_24,0,primary,centre,0.43745799166554644,
bbbc041,site_b,693da701-2020-404c-866d-b64c12da951d_24,0,primary,centre,0.4406580493537015,
bbbc041,site_b,2c03b3c9-7786-4e1b-ac2b-c98e9f8358f2_19,0,primary,centre,0.42511080080140856,
bbbc041,site_b,df4fd610-fa16-45ca-b3a3-a25a14e5c4e9_1,0,primary,centre,0.41041270751909353,
bbbc041,site_b,51a42643-256f-463a-bf22-7fd295caead0_41,0,primary,centre,0.871820987654321,
bbbc041,site_b,604478c7-1259-441a-8ad0-7059e191c9e4_44,0,primary,centre,0.4678460743801653,
bbbc041,site_b,a4bd99a0-226a-4044-914b-8073d5890734_30,0,primary,centre,0.36401228733459357,
bbbc041,site_b,abb72ce2-4193-4dd3-a34c-61c2ee22ccff_29,0,primary,centre,0.4480776852952834,
bbbc041,site_b,511b6e13-acd7-4dd3-b1d0-c4aa10a514c7_11,0,primary,centre,0.6275091528847367,
bbbc041,site_b,b910c1db-9c66-4207-892f-18a03ecc75bc_24,0,primary,centre,0.5819771468144044,
bbbc041,site_b,446734b7-6bc9-4a66-a3a0-49f6aa90db33_24,0,primary,centre,0.6282930235510696,
bbbc041,site_b,6d9a2241-2cce-42b3-a11d-a3a6b432dd89_24,0,primary,centre,0.7853375362816392,
bbbc041,site_b,6e20a860-1f9a-4a74-b167-4c6a79bd8778_35,0,primary,centre,0.5145183688928165,
bbbc041,site_b,604478c7-1259-441a-8ad0-7059e191c9e4_5,0,primary,centre,0.37636363636363634,
bbbc041,site_b,b1d312cf-1f52-4955-bf42-58d3664c254a_41,0,primary,centre,0.4103678508440413,
bbbc041,site_b,9cf0b006-cb5c-47e7-b076-1dcacf1fbfb1_45,0,primary,centre,0.32763287401574803,
bbbc041,site_b,a4bd99a0-226a-4044-914b-8073d5890734_57,0,primary,centre,0.8622404844290658,
bbbc041,site_b,51a42643-256f-463a-bf22-7fd295caead0_58,0,primary,centre,0.5833176729576633,
bbbc041,site_b,010961af-b38c-49de-aca0-e3732d73d414_22,0,primary,centre,0.39034613304488913,
bbbc041,site_b,8448ac8c-fa7a-475a-9ca2-dc0174f78a39_15,0,primary,centre,0.667658193618172,
bbbc041,site_b,dea9006d-c360-4118-b77b-8bc959fa5f8a_5,0,primary,centre,0.3968962585034014,
bbbc041,site_b,cea1cd9b-9b03-407b-ad8d-348155567dab_5,0,primary,centre,0.4010473397570172,
bbbc041,site_b,96957ec3-de17-41cf-855b-1388814e5918_9,0,primary,centre,0.3814666666666667,
bbbc041,site_b,8111cff9-4c04-448e-990b-9d5010f7be56_4,0,primary,centre,0.4821592271348988,
bbbc041,site_b,c70894fa-50e8-4eed-a5a8-159a20153a49_70,0,primary,centre,0.8825624924526023,
bbbc041,site_b,b47c1011-0cc6-400d-9300-1c72f873a6e5_24,0,primary,centre,0.361925,
bbbc041,site_b,6e20a860-1f9a-4a74-b167-4c6a79bd8778_30,0,primary,centre,0.468630201028518,
bbbc041,site_b,baab0701-3fd4-4940-8b90-b9c42d95888f_15,0,primary,centre,0.39268451049707814,
bbbc041,site_b,a3548f89-1cb5-4e67-b460-482df95b10ee_25,0,primary,centre,0.41789940828402367,
bbbc041,site_b,604478c7-1259-441a-8ad0-7059e191c9e4_9,0,primary,centre,0.3343827160493827,
bbbc041,site_b,96afe167-6a2f-4770-aa74-e083fbd5e926_17,0,primary,centre,0.3436198691255205,
bbbc041,site_b,47112c6b-aaf6-488d-8f3b-f9ed0cce9a95_18,0,primary,centre,0.4179217862333201,
bbbc041,site_b,f0ee03d6-c57b-43a0-8812-359330bdb93a_80,0,primary,centre,0.9812331054906079,
bbbc041,site_b,604478c7-1259-441a-8ad0-7059e191c9e4_17,0,primary,centre,0.3932285284128707,
bbbc041,site_b,511b6e13-acd7-4dd3-b1d0-c4aa10a514c7_66,0,primary,centre,0.8687112084702446,
bbbc041,site_b,64985a1e-16bb-4016-a01c-c21a5b86e572_30,0,primary,centre,0.4094394453975701,
bbbc041,site_b,cea1cd9b-9b03-407b-ad8d-348155567dab_2,0,primary,centre,0.4056108087821355,
bbbc041,site_b,0864c569-2ad7-48ed-b12a-e40aa5b93756_44,0,primary,centre,0.3239203559027778,
bbbc041,site_b,deab75c9-00bc-488c-8b20-ff4515d85212_5,0,primary,centre,0.4932457850278718,
bbbc041,site_b,8448ac8c-fa7a-475a-9ca2-dc0174f78a39_11,0,primary,centre,0.4892126423055489,
bbbc041,site_b,ef55f2ac-5a04-4986-99ab-0d2b5052ab3e_15,0,primary,centre,0.39316440381771744,
bbbc041,site_b,ef55f2ac-5a04-4986-99ab-0d2b5052ab3e_50,0,primary,centre,0.5106715834171416,
bbbc041,site_b,693da701-2020-404c-866d-b64c12da951d_16,0,primary,centre,0.38978395061728394,
bbbc041,site_b,41be1bd3-0d31-4881-bf1f-3ccdfa21ff12_30,0,primary,centre,0.6964070335809053,
bbbc041,site_b,f2b1ae99-8169-42ea-bdb4-3351175e4cb6_37,0,primary,centre,0.5351019965277778,
bbbc041,site_b,6d9a2241-2cce-42b3-a11d-a3a6b432dd89_25,0,primary,centre,0.7625448028673835,
bbbc041,site_b,ebc4056e-d766-43cf-b6b4-5dac79d96e84_44,0,primary,nearest,0.46990145000313854,
bbbc041,site_b,351d6536-3a5c-46eb-a6e4-d71dd999908a_19,0,primary,centre,0.39544812532100665,
bbbc041,site_b,738b7be5-59b5-4d8c-8769-cbf2385b9fc7_45,0,primary,centre,0.8533356457393918,
bbbc041,site_b,c328260d-bafa-4aaa-9e7a-79bc165d7fdb_22,0,primary,centre,0.7205635922164084,
bbbc041,site_b,a1265844-329c-4a49-a37f-e0541b83a50c_24,0,primary,centre,0.7784591099508227,
bbbc041,site_b,a1265844-329c-4a49-a37f-e0541b83a50c_17,0,primary,centre,0.30727367870225014,
bbbc041,site_b,efb85f8e-c780-4a19-b6ce-555a154b0d10_25,0,primary,centre,0.42200903329715345,
bbbc041,site_b,c11081a1-4fd9-4003-8bd9-0727eae62d0a_8,0,primary,centre,0.42970521541950113,
bbbc041,site_b,604478c7-1259-441a-8ad0-7059e191c9e4_27,0,primary,centre,0.3648003472222222,
bbbc041,site_b,b47c1011-0cc6-400d-9300-1c72f873a6e5_27,0,primary,centre,0.37615823235923024,
bbbc041,site_b,51a42643-256f-463a-bf22-7fd295caead0_18,0,primary,centre,0.5058308539379638,
bbbc041,site_b,738b7be5-59b5-4d8c-8769-cbf2385b9fc7_30,0,primary,centre,0.589297978440682,
bbbc041,site_b,efb85f8e-c780-4a19-b6ce-555a154b0d10_20,0,primary,centre,0.4006187950496396,
bbbc041,site_b,a6e72060-5bde-490c-bdd7-7d9cb0fce7fc_22,0,primary,centre,0.4397953258818406,
bbbc041,site_b,f0ee03d6-c57b-43a0-8812-359330bdb93a_92,0,primary,nearest,0.0004497666835329173,
bbbc041,site_b,a4bd99a0-226a-4044-914b-8073d5890734_6,0,primary,centre,0.5689026487788098,
bbbc041,site_b,c11081a1-4fd9-4003-8bd9-0727eae62d0a_16,0,primary,centre,0.45898252862294736,
bbbc041,site_b,b47c1011-0cc6-400d-9300-1c72f873a6e5_9,0,primary,centre,0.31267086651610604,
bbbc041,site_b,51a42643-256f-463a-bf22-7fd295caead0_54,0,primary,centre,0.8654938271604938,
bbbc041,site_b,1e647046-333b-4102-a0c6-4c29405c37b3_29,0,primary,centre,0.6203598913535536,
bbbc041,site_b,224c80b8-6c55-48cf-b719-96a47d223dc3_30,0,primary,centre,0.5139814814814815,
bbbc041,site_b,96287315-87a1-4045-9e16-119e045bf12a_45,0,primary,centre,0.40824329034506796,
bbbc041,site_b,0346611b-ea43-45bd-9f16-c6e8086273d2_36,0,primary,centre,0.6871253976226351,
bbbc041,site_b,4da8f6c5-5f85-4280-92d0-1ba008e8c404_34,0,primary,centre,0.7675460223537146,
bbbc041,site_b,edea6ca9-3d52-4b4f-bec3-93799b1c26e3_26,0,primary,centre,0.3317777777777778,
bbbc041,site_b,4da8f6c5-5f85-4280-92d0-1ba008e8c404_18,0,primary,centre,0.4930557722917512,
bbbc041,site_b,2c03b3c9-7786-4e1b-ac2b-c98e9f8358f2_28,0,primary,centre,0.32308078588914696,
bbbc041,site_b,da2197c7-7911-4be6-8bb9-164f47fd270a_25,0,primary,centre,0.47958993476234857,
bbbc041,site_b,511b6e13-acd7-4dd3-b1d0-c4aa10a514c7_40,0,primary,centre,0.698913414495392,
bbbc041,site_b,37b4142a-2c7d-400d-8f01-4e438845a484_20,0,primary,centre,0.441042409829568,
bbbc041,site_b,bc820fb6-5ba8-4438-affe-e250d2ad5eb0_33,0,primary,centre,0.5487248397301308,
bbbc041,site_b,e02301ac-68f7-4daf-b2ba-254b917f1cca_9,0,primary,centre,0.541223969400765,
bbbc041,site_b,efb85f8e-c780-4a19-b6ce-555a154b0d10_37,0,primary,centre,0.7910546875,
bbbc041,site_b,8874ea02-d263-4830-99d1-e1b14230a56b_6,0,primary,centre,0.3994705578512397,
bbbc041,site_b,4dcd5df9-c56c-471b-8d44-fa4b1ca9a600_22,0,primary,centre,0.296195652173913,
bbbc041,site_b,15a5849d-8bc7-4e01-938b-c1f55067787d_38,0,primary,centre,0.29756990054419213,
bbbc041,site_b,1b814efc-7bf9-40ae-8e13-49dc2c04732f_16,0,primary,centre,0.2868659937789627,
bbbc041,site_b,b9025f55-789d-4acb-9c0a-34e877c95c5c_4,0,primary,centre,0.379102393194947,
bbbc041,site_b,d9ecacb0-14c7-4862-930b-18bb51d5f392_46,0,primary,centre,0.7109170824423854,
bbbc041,site_b,446734b7-6bc9-4a66-a3a0-49f6aa90db33_25,0,primary,centre,0.5226059095763617,
bbbc041,site_b,010961af-b38c-49de-aca0-e3732d73d414_11,0,primary,centre,0.4885813148788927,
bbbc041,site_b,6e20a860-1f9a-4a74-b167-4c6a79bd8778_2,0,primary,centre,0.3841535153555925,
bbbc041,site_b,efb85f8e-c780-4a19-b6ce-555a154b0d10_4,0,primary,centre,0.45970405601796804,
bbbc041,site_b,b9025f55-789d-4acb-9c0a-34e877c95c5c_33,0,primary,centre,0.7914519751618444,
bbbc041,site_b,8e22f8cc-b6ef-48cb-a06d-a44cb1fb5f2f_21,0,primary,centre,0.9273581621997912,
bbbc041,site_b,8874ea02-d263-4830-99d1-e1b14230a56b_33,0,primary,centre,0.7407696389001591,
bbbc041,site_b,efb85f8e-c780-4a19-b6ce-555a154b0d10_67,0,primary,centre,0.9763220205209155,
bbbc041,site_b,604478c7-1259-441a-8ad0-7059e191c9e4_32,0,primary,centre,0.5313923052099394,
bbbc041,site_b,3ce76f1d-636a-48b9-b0e3-fc7eb791a169_24,0,primary,centre,0.47039740470397406,
bbbc041,site_b,efb85f8e-c780-4a19-b6ce-555a154b0d10_6,0,primary,centre,0.43076798247393405,
bbbc041,site_b,224c80b8-6c55-48cf-b719-96a47d223dc3_37,0,primary,centre,0.4490355397014137,
bbbc041,site_b,bc820fb6-5ba8-4438-affe-e250d2ad5eb0_1,0,primary,centre,0.5056749311294766,
bbbc041,site_b,446734b7-6bc9-4a66-a3a0-49f6aa90db33_40,0,primary,centre,0.8186377197994033,
bbbc041,site_b,47112c6b-aaf6-488d-8f3b-f9ed0cce9a95_15,0,primary,centre,0.4073048117369447,
bbbc041,site_b,31c62771-4e90-4038-9abc-d196beda9898_9,0,primary,centre,0.3962950138504155,
bbbc041,site_b,511b6e13-acd7-4dd3-b1d0-c4aa10a514c7_32,0,primary,centre,0.6066784496906956,
bbbc041,site_b,0346611b-ea43-45bd-9f16-c6e8086273d2_0,0,primary,centre,0.39724444444444446,
bbbc041,site_b,5a2447bf-a92b-4a47-a384-4b2ff020ecdc_28,0,primary,centre,0.43106075033326985,
bbbc041,site_b,0a3b53c7-e7ab-4135-80aa-fd2079d727d6_32,0,primary,centre,0.6189624329159212,
bbbc041,site_b,8e22f8cc-b6ef-48cb-a06d-a44cb1fb5f2f_12,0,primary,centre,0.527947559571264,
bbbc041,site_b,ebc4056e-d766-43cf-b6b4-5dac79d96e84_9,0,primary,centre,0.5646711012564671,
bbbc041,site_b,efb85f8e-c780-4a19-b6ce-555a154b0d10_13,0,primary,centre,0.5907306329598774,
bbbc041,site_b,a1265844-329c-4a49-a37f-e0541b83a50c_19,0,primary,centre,0.7819370172311348,
bbbc041,site_b,d9255d7f-1282-442d-b152-73d7388526f9_17,0,primary,centre,0.700016886187099,
bbbc041,site_b,b9025f55-789d-4acb-9c0a-34e877c95c5c_75,0,primary,nearest,0.5132716049382716,
bbbc041,site_b,5c399ab9-492c-4bfc-a452-83aba574a3bc_34,0,primary,centre,0.5140532544378699,
bbbc041,site_b,e6a7743e-4040-40fa-b097-ca6874c469b7_1,0,primary,centre,0.38679317177259565,
bbbc041,site_b,bc820fb6-5ba8-4438-affe-e250d2ad5eb0_18,0,primary,centre,0.4229113885412533,
bbbc041,site_b,da2197c7-7911-4be6-8bb9-164f47fd270a_2,0,primary,centre,0.5441522491349481,
bbbc041,site_b,4dcd5df9-c56c-471b-8d44-fa4b1ca9a600_24,0,primary,centre,0.3932468820861678,
bbbc041,site_b,3147f1e4-6fc4-4eff-a9dd-ddeee5e2de13_10,0,primary,centre,0.39015636216098126,
bbbc041,site_b,446734b7-6bc9-4a66-a3a0-49f6aa90db33_45,0,primary,centre,0.7757424052793265,
bbbc041,site_b,a4bd99a0-226a-4044-914b-8073d5890734_17,0,primary,centre,0.4506872707930909,
bbbc041,site_b,c736848a-437c-4121-b99f-58f186eb3a1d_21,0,primary,centre,0.39604566972988026,
bbbc041,site_b,f0ee03d6-c57b-43a0-8812-359330bdb93a_100,0,primary,nearest,0.17520775623268697,
bbbc041,site_b,41be1bd3-0d31-4881-bf1f-3ccdfa21ff12_33,0,primary,centre,0.4805790960451977,
bbbc041,site_b,8e1e0fd3-52fb-4ebb-82de-67bbd66fcf4d_1,0,primary,centre,0.3943139245824726,
bbbc041,site_b,41be1bd3-0d31-4881-bf1f-3ccdfa21ff12_36,0,primary,centre,0.5794913741820346,
bbbc041,site_b,03be08c8-2cf3-4de6-8ac6-5f7817a6a643_50,0,primary,centre,0.3926282051282051,
bbbc041,site_b,f0ee03d6-c57b-43a0-8812-359330bdb93a_78,0,primary,centre,0.9489512580631381,
bbbc041,site_b,cc453255-b583-425e-bc3e-284ccf120944_4,0,primary,centre,0.39369378612222566,
bbbc041,site_b,41be1bd3-0d31-4881-bf1f-3ccdfa21ff12_49,0,primary,centre,0.7361903064861012,
bbbc041,site_b,010961af-b38c-49de-aca0-e3732d73d414_32,0,primary,centre,0.6553574791287426,
bbbc041,site_b,41be1bd3-0d31-4881-bf1f-3ccdfa21ff12_31,0,primary,centre,0.4580556055965892,
bbbc041,site_b,b910c1db-9c66-4207-892f-18a03ecc75bc_32,0,primary,centre,0.4039446366782007,
bbbc041,site_b,25865b39-56fb-409a-8800-3d368dd264ed_52,0,primary,centre,0.7508382471962076,
bbbc041,site_b,d9ecacb0-14c7-4862-930b-18bb51d5f392_30,0,primary,centre,0.48260498046875,
bbbc041,site_b,23e581e7-0fb7-42ff-ba55-a86beefc0619_10,0,primary,centre,0.42796875,
bbbc041,site_b,25865b39-56fb-409a-8800-3d368dd264ed_0,0,primary,centre,0.6727866177070584,
bbbc041,site_b,c736848a-437c-4121-b99f-58f186eb3a1d_9,0,primary,centre,0.39775941230486683,
bbbc041,site_b,a1265844-329c-4a49-a37f-e0541b83a50c_53,0,primary,centre,0.424744493112423,
bbbc041,site_b,446734b7-6bc9-4a66-a3a0-49f6aa90db33_26,0,primary,centre,0.5005377066810055,
bbbc041,site_b,c70894fa-50e8-4eed-a5a8-159a20153a49_11,0,primary,centre,0.5230304325264796,
bbbc041,site_b,224c80b8-6c55-48cf-b719-96a47d223dc3_18,0,primary,centre,0.5032104465767261,
bbbc041,site_b,604478c7-1259-441a-8ad0-7059e191c9e4_21,0,primary,centre,0.4167657550535077,
bbbc041,site_b,37a5a96b-f76e-4607-82fd-f47f7f2903c6_43,0,primary,centre,0.9461728395061728,
bbbc041,site_b,5c399ab9-492c-4bfc-a452-83aba574a3bc_23,0,primary,centre,0.4203114186851211,
bbbc041,site_b,d1394e1a-dedd-4458-a024-044dae2cd69d_25,0,primary,centre,0.4458029830038155,
bbbc041,site_b,baab0701-3fd4-4940-8b90-b9c42d95888f_34,0,primary,centre,0.4483454398708636,
bbbc041,site_b,c3631a04-b757-407b-8e7e-1ed3a6c463d4_18,0,primary,centre,0.39879043036621226,
bbbc041,site_b,ef55f2ac-5a04-4986-99ab-0d2b5052ab3e_34,0,primary,centre,0.640234375,
bbbc041,site_b,deab75c9-00bc-488c-8b20-ff4515d85212_1,0,primary,centre,0.3740484429065744,
bbbc041,site_b,604478c7-1259-441a-8ad0-7059e191c9e4_16,0,primary,centre,0.4049423526566153,
bbbc041,site_b,3ce76f1d-636a-48b9-b0e3-fc7eb791a169_9,0,primary,centre,0.634199338686821,
bbbc041,site_b,1e647046-333b-4102-a0c6-4c29405c37b3_48,0,primary,centre,0.7375782112624217,
bbbc041,site_b,bc820fb6-5ba8-4438-affe-e250d2ad5eb0_34,0,primary,centre,0.611886084063368,
bbbc041,site_b,f8ebe0c8-a90d-4a64-9f6a-f9985e38c340_37,0,primary,centre,0.5183988967919873,
bbbc041,site_b,f2b1ae99-8169-42ea-bdb4-3351175e4cb6_0,0,primary,centre,0.5636942675159236,
bbbc041,site_b,cea1cd9b-9b03-407b-ad8d-348155567dab_36,0,primary,centre,0.7251770554852024,
bbbc041,site_b,0864c569-2ad7-48ed-b12a-e40aa5b93756_39,0,primary,centre,0.3663429298184761,
bbbc041,site_b,b9025f55-789d-4acb-9c0a-34e877c95c5c_74,0,primary,centre,0.8324144087376601,
bbbc041,site_b,8e1e0fd3-52fb-4ebb-82de-67bbd66fcf4d_16,0,primary,centre,0.39443440082644626,
bbbc041,site_b,e26b88c6-5884-4b5c-94d7-ad780379c8ad_19,0,primary,centre,0.39065352318364366,
bbbc041,site_b,da2197c7-7911-4be6-8bb9-164f47fd270a_9,0,primary,centre,0.33972451790633607,
bbbc041,site_b,0897f682-5301-49fc-a8d5-9df7762040bb_15,0,primary,centre,0.44021607675562363,
bbbc041,site_b,446734b7-6bc9-4a66-a3a0-49f6aa90db33_43,0,primary,centre,0.7057626222574677,
bbbc041,site_b,a6e72060-5bde-490c-bdd7-7d9cb0fce7fc_7,0,primary,centre,0.6746356335514575,
bbbc041,site_b,37a5a96b-f76e-4607-82fd-f47f7f2903c6_16,0,primary,centre,0.7316822562358276,
bbbc041,site_b,b9025f55-789d-4acb-9c0a-34e877c95c5c_97,0,primary,nearest,0.5029899497487437,
bbbc041,site_b,bdfbad30-fa2f-4285-bf02-6064ab6d869c_20,0,primary,centre,0.40342755835713584,
bbbc041,site_b,deab75c9-00bc-488c-8b20-ff4515d85212_54,0,primary,centre,0.8048729695960016,
bbbc041,site_b,b910c1db-9c66-4207-892f-18a03ecc75bc_15,0,primary,centre,0.33423193804528967,
bbbc041,site_b,6e20a860-1f9a-4a74-b167-4c6a79bd8778_25,0,primary,centre,0.5023948760790866,
bbbc041,site_b,c70894fa-50e8-4eed-a5a8-159a20153a49_6,0,primary,centre,0.6833935328517372,
bbbc041,site_b,bfbf234a-cbc4-4d00-ab7f-9043d1304b41_21,0,primary,centre,0.3395466133055563,
bbbc041,site_b,738b7be5-59b5-4d8c-8769-cbf2385b9fc7_21,0,primary,centre,0.729377984457414,
bbbc041,site_b,c11081a1-4fd9-4003-8bd9-0727eae62d0a_29,0,primary,centre,0.41385838697463084,
bbbc041,site_b,efb85f8e-c780-4a19-b6ce-555a154b0d10_0,0,primary,centre,0.40137798429738825,
bbbc041,site_b,693da701-2020-404c-866d-b64c12da951d_27,0,primary,centre,0.3524160524160524,
bbbc041,site_b,d1394e1a-dedd-4458-a024-044dae2cd69d_26,0,primary,centre,0.46580876851713304,
bbbc041,site_b,bdfbad30-fa2f-4285-bf02-6064ab6d869c_15,0,primary,centre,0.3923308426733084,
bbbc041,site_b,a5c8bf78-61e2-492d-bae5-0ffeea81212b_51,0,primary,centre,0.7679352963831798,
bbbc041,site_b,37df4ffb-f268-4557-94d6-bf68d005feae_15,0,primary,centre,0.4371270967015648,
bbbc041,site_b,15a5849d-8bc7-4e01-938b-c1f55067787d_41,0,primary,centre,0.4948971193415638,
bbbc041,site_b,37b4142a-2c7d-400d-8f01-4e438845a484_26,0,primary,centre,0.5390665125834617,
bbbc041,site_b,37b4142a-2c7d-400d-8f01-4e438845a484_0,0,primary,centre,0.5222012281530468,
bbbc041,site_b,f8ebe0c8-a90d-4a64-9f6a-f9985e38c340_27,0,primary,centre,0.4469765528589058,
bbbc041,site_b,ebc4056e-d766-43cf-b6b4-5dac79d96e84_6,0,primary,centre,0.6540234375,
bbbc041,site_b,a612e0d5-6a95-43cc-96a6-6fbcb8d45ff4_57,0,primary,nearest,0.3309222423146474,
bbbc041,site_b,f070a212-e4e2-4743-804c-80789a36f495_18,0,primary,centre,0.4900687547746371,
bbbc041,site_b,f2b1ae99-8169-42ea-bdb4-3351175e4cb6_15,0,primary,centre,0.5230343404015763,
bbbc041,site_b,623982a0-1f73-4246-92cb-28f7c219efaf_46,0,primary,centre,0.49678760393046106,
bbbc041,site_b,51a42643-256f-463a-bf22-7fd295caead0_70,0,primary,nearest,0.1604017975151996,
bbbc041,site_b,c3631a04-b757-407b-8e7e-1ed3a6c463d4_4,0,primary,centre,0.3881359044995409,
bbbc041,site_b,408745a6-79fb-4804-9c24-e2d6673f8f2e_37,0,primary,centre,0.3405349794238683,
bbbc041,site_b,4da8f6c5-5f85-4280-92d0-1ba008e8c404_36,0,primary,centre,0.4007137942896457,
bbbc041,site_b,604478c7-1259-441a-8ad0-7059e191c9e4_43,0,primary,centre,0.21879003843689943,
bbbc041,site_b,b1d312cf-1f52-4955-bf42-58d3664c254a_39,0,primary,centre,0.43926501418177333,
bbbc041,site_b,0897f682-5301-49fc-a8d5-9df7762040bb_0,0,primary,centre,0.41677018633540375,
bbbc041,site_b,edea6ca9-3d52-4b4f-bec3-93799b1c26e3_12,0,primary,centre,0.39280125195618154,
bbbc041,site_b,a612e0d5-6a95-43cc-96a6-6fbcb8d45ff4_58,0,primary,nearest,0.2437028377085769,
bbbc041,site_b,03be08c8-2cf3-4de6-8ac6-5f7817a6a643_7,0,primary,centre,0.5537376758951192,
bbbc041,site_b,3e03b313-66eb-471f-a97a-7b2bf20dcff5_55,0,primary,centre,0.34695979899497487,
bbbc041,site_b,f2b1ae99-8169-42ea-bdb4-3351175e4cb6_6,0,primary,centre,0.3744550138723742,
bbbc041,site_b,03be08c8-2cf3-4de6-8ac6-5f7817a6a643_27,0,primary,centre,0.7316026452793021,
bbbc041,site_b,1e647046-333b-4102-a0c6-4c29405c37b3_0,0,primary,centre,0.47202858138724296,
bbbc041,site_b,8874ea02-d263-4830-99d1-e1b14230a56b_13,0,primary,centre,0.5232407407407408,
bbbc041,site_b,d9ecacb0-14c7-4862-930b-18bb51d5f392_28,0,primary,centre,0.49265766912825737,
bbbc041,site_b,b9025f55-789d-4acb-9c0a-34e877c95c5c_41,0,primary,centre,0.6119209588597344,
bbbc041,site_b,f08e873b-9617-42b3-9c7a-55d0e39c2663_27,0,primary,centre,0.4627549913194444,
bbbc041,site_b,cea1cd9b-9b03-407b-ad8d-348155567dab_13,0,primary,centre,0.631106243154436,
bbbc041,site_b,a6e72060-5bde-490c-bdd7-7d9cb0fce7fc_41,0,primary,centre,0.8682261208576998,
bbbc041,site_b,dea9006d-c360-4118-b77b-8bc959fa5f8a_21,0,primary,centre,0.7022702572153121,
bbbc041,site_b,54c88d45-30c3-46f8-8fef-b3e9c07781f2_6,0,primary,centre,0.338994338994339,
bbbc041,site_b,da2197c7-7911-4be6-8bb9-164f47fd270a_42,0,primary,centre,0.23948825377824332,
bbbc041,site_b,f2b1ae99-8169-42ea-bdb4-3351175e4cb6_43,0,primary,centre,0.4712990294973348,
bbbc041,site_b,f08e873b-9617-42b3-9c7a-55d0e39c2663_15,0,primary,centre,0.34873490212411495,
bbbc041,site_b,37df4ffb-f268-4557-94d6-bf68d005feae_4,0,primary,centre,0.4411124711002312,
bbbc041,site_b,f2b1ae99-8169-42ea-bdb4-3351175e4cb6_48,0,primary,centre,0.5285011958543715,
bbbc041,site_b,a1265844-329c-4a49-a37f-e0541b83a50c_56,0,primary,centre,0.7644688644688644,
bbbc041,site_b,cea1cd9b-9b03-407b-ad8d-348155567dab_51,0,primary,centre,0.9249634112574661,
bbbc041,site_b,15625643-d964-4b14-9839-c126384ae35b_31,0,primary,centre,0.4677657058642081,
bbbc041,site_b,ebc4056e-d766-43cf-b6b4-5dac79d96e84_2,0,primary,centre,0.6474159970781592,
bbbc041,site_b,b910c1db-9c66-4207-892f-18a03ecc75bc_34,0,primary,centre,0.30349774646099154,
bbbc041,site_b,bc820fb6-5ba8-4438-affe-e250d2ad5eb0_26,0,primary,centre,0.4385494255775786,
bbbc041,site_b,f0ee03d6-c57b-43a0-8812-359330bdb93a_44,0,primary,centre,0.8864926987560844,
bbbc041,site_b,0897f682-5301-49fc-a8d5-9df7762040bb_7,0,primary,centre,0.4115808576421562,
bbbc041,site_b,c3631a04-b757-407b-8e7e-1ed3a6c463d4_5,0,primary,centre,0.38304488912925905,
bbbc041,site_b,03be08c8-2cf3-4de6-8ac6-5f7817a6a643_34,0,primary,centre,0.6388888888888888,
bbbc041,site_b,6040cf0d-9dd6-4798-9406-1afbbcd24d4c_7,0,primary,centre,0.3854556913273345,
bbbc041,site_b,1e647046-333b-4102-a0c6-4c29405c37b3_22,0,primary,centre,0.5324517906336088,
bbbc041,site_b,bc820fb6-5ba8-4438-affe-e250d2ad5eb0_52,0,primary,centre,0.44231570179092045,
bbbc041,site_b,8111cff9-4c04-448e-990b-9d5010f7be56_26,0,primary,centre,0.4570679012345679,
bbbc041,site_b,bdfbad30-fa2f-4285-bf02-6064ab6d869c_33,0,primary,centre,0.5566352325289541,
bbbc041,site_b,96957ec3-de17-41cf-855b-1388814e5918_13,0,primary,centre,0.43577594295364985,
bbbc041,site_b,4dcd5df9-c56c-471b-8d44-fa4b1ca9a600_34,0,primary,centre,0.456150027578599,
bbbc041,site_b,5bfde411-aa51-45d0-8b67-a57c5f1e628b_30,0,primary,centre,0.5818133756278087,
bbbc041,site_b,446734b7-6bc9-4a66-a3a0-49f6aa90db33_12,0,primary,centre,0.5398665609723874,
bbbc041,site_b,a5c8bf78-61e2-492d-bae5-0ffeea81212b_56,0,primary,centre,0.48714810281517745,
bbbc041,site_b,010961af-b38c-49de-aca0-e3732d73d414_10,0,primary,centre,0.43335640138408305,
bbbc041,site_b,c3631a04-b757-407b-8e7e-1ed3a6c463d4_26,0,primary,centre,0.5061728395061729,
bbbc041,site_b,5bfde411-aa51-45d0-8b67-a57c5f1e628b_6,0,primary,centre,0.6964881869542886,
bbbc041,site_b,abb72ce2-4193-4dd3-a34c-61c2ee22ccff_0,0,primary,centre,0.42053965322663384,
bbbc041,site_b,f2b1ae99-8169-42ea-bdb4-3351175e4cb6_41,0,primary,centre,0.699750328867889,
bbbc041,site_b,a6e72060-5bde-490c-bdd7-7d9cb0fce7fc_38,0,primary,centre,0.6302487898232579,
bbbc041,site_b,291fe50c-2134-4708-bfa4-09b36ffea123_25,0,primary,centre,0.4442910049588852,
bbbc041,site_b,41be1bd3-0d31-4881-bf1f-3ccdfa21ff12_14,0,primary,centre,0.4289940828402367,
bbbc041,site_b,51f6463c-1622-4c0d-8482-b864e0ed2e74_2,0,primary,centre,0.6993715961457897,
bbbc041,site_b,623982a0-1f73-4246-92cb-28f7c219efaf_1,0,primary,centre,0.39683284034340954,
bbbc041,site_b,511b6e13-acd7-4dd3-b1d0-c4aa10a514c7_84,0,primary,centre,0.5741103813351632,
bbbc041,site_b,5c399ab9-492c-4bfc-a452-83aba574a3bc_13,0,primary,centre,0.43693310657596374,
bbbc041,site_b,15a5849d-8bc7-4e01-938b-c1f55067787d_4,0,primary,centre,0.3820033267069658,
bbbc041,site_b,74bf1267-d98b-4532-a81d-9d8df63e0f75_32,0,primary,centre,0.398640543782487,
bbbc041,site_b,51f6463c-1622-4c0d-8482-b864e0ed2e74_4,0,primary,centre,0.5759677632448144,
bbbc041,site_b,a4bd99a0-226a-4044-914b-8073d5890734_29,0,primary,centre,0.4763155799697476,
bbbc041,site_b,604478c7-1259-441a-8ad0-7059e191c9e4_56,0,primary,centre,0.3088348765432099,
bbbc041,site_b,8874ea02-d263-4830-99d1-e1b14230a56b_1,0,primary,centre,0.4642857142857143,
bbbc041,site_b,4b3de416-ac61-43eb-80d0-36b81c4baf82_11,0,primary,centre,0.39236500560807563,
bbbc041,site_b,baab0701-3fd4-4940-8b90-b9c42d95888f_41,0,primary,centre,0.7624352985734124,
bbbc041,site_b,c8d1b7ec-be9f-4c88-a39b-2c6bf46b2998_31,0,primary,centre,0.4186111111111111,
bbbc041,site_b,c70894fa-50e8-4eed-a5a8-159a20153a49_39,0,primary,centre,0.6421389971094633,
bbbc041,site_b,6e20a860-1f9a-4a74-b167-4c6a79bd8778_19,0,primary,centre,0.5106264869151467,
bbbc041,site_b,78ae52cf-8dad-4070-a40e-9af02faec1f0_7,0,primary,centre,0.403139765279683,
bbbc041,site_b,c70894fa-50e8-4eed-a5a8-159a20153a49_5,0,primary,centre,0.4283984375,
bbbc041,site_b,9cf0b006-cb5c-47e7-b076-1dcacf1fbfb1_22,0,primary,centre,0.41742758455593176,
bbbc041,site_b,c70894fa-50e8-4eed-a5a8-159a20153a49_51,0,primary,centre,0.8446679526040232,
bbbc041,site_b,b1d312cf-1f52-4955-bf42-58d3664c254a_16,0,primary,centre,0.39784681130834976,
bbbc041,site_b,693da701-2020-404c-866d-b64c12da951d_11,0,primary,centre,0.3920293847566575,
bbbc041,site_b,03be08c8-2cf3-4de6-8ac6-5f7817a6a643_18,0,primary,centre,0.6110756802721088,
bbbc041,site_b,6040cf0d-9dd6-4798-9406-1afbbcd24d4c_40,0,primary,centre,0.3295826805298391,
bbbc041,site_b,6d9a2241-2cce-42b3-a11d-a3a6b432dd89_5,0,primary,centre,0.5963730780153353,
bbbc041,site_b,6d9a2241-2cce-42b3-a11d-a3a6b432dd89_26,0,primary,centre,0.6680903830256268,
bbbc041,site_b,d9255d7f-1282-442d-b152-73d7388526f9_21,0,primary,centre,0.5938197470506962,
bbbc041,site_b,baab0701-3fd4-4940-8b90-b9c42d95888f_35,0,primary,centre,0.5467916476146929,
bbbc041,site_b,6040cf0d-9dd6-4798-9406-1afbbcd24d4c_35,0,primary,centre,0.3653519692168402,
bbbc041,site_b,c3631a04-b757-407b-8e7e-1ed3a6c463d4_27,0,primary,centre,0.3997092254824214,
bbbc041,site_b,e93e617e-ed36-43d9-bd1a-4ffd2fba64e9_45,0,primary,centre,0.6952617833602786,
bbbc041,site_b,baab0701-3fd4-4940-8b90-b9c42d95888f_23,0,primary,centre,0.6266956256668191,
bbbc041,site_b,0346611b-ea43-45bd-9f16-c6e8086273d2_30,0,primary,centre,0.41715742820715196,
bbbc041,site_b,55078c19-bfaf-4988-a779-767e1c6d22f6_21,0,primary,centre,0.3526204427083333,
bbbc041,site_b,06bbcd42-3ba8-4476-8804-8455f56dd928_61,0,primary,centre,0.8322211371527778,
bbbc041,site_b,511b6e13-acd7-4dd3-b1d0-c4aa10a514c7_61,0,primary,centre,0.9167854597291518,
bbbc041,site_b,ef55f2ac-5a04-4986-99ab-0d2b5052ab3e_30,0,primary,centre,0.44164016278513046,
bbbc041,site_b,15625643-d964-4b14-9839-c126384ae35b_19,0,primary,centre,0.4060985797827903,
bbbc041,site_b,e02301ac-68f7-4daf-b2ba-254b917f1cca_36,0,primary,centre,0.5690356648199446,
bbbc041,site_b,deab75c9-00bc-488c-8b20-ff4515d85212_15,0,primary,centre,0.4083806818181818,
bbbc041,site_b,3e03b313-66eb-471f-a97a-7b2bf20dcff5_62,0,primary,centre,0.8196257527381482,
bbbc041,site_b,a3548f89-1cb5-4e67-b460-482df95b10ee_39,0,primary,nearest,0.41699733063992495,
bbbc041,site_b,b9025f55-789d-4acb-9c0a-34e877c95c5c_26,0,primary,centre,0.8915288008694602,
bbbc041,site_b,8e22f8cc-b6ef-48cb-a06d-a44cb1fb5f2f_0,0,primary,centre,0.5262980697291636,
bbbc041,site_b,96957ec3-de17-41cf-855b-1388814e5918_45,0,primary,centre,0.8134999152015376,
bbbc041,site_b,baab0701-3fd4-4940-8b90-b9c42d95888f_65,0,primary,centre,0.5594489938424427,
bbbc041,site_b,34f334e6-a163-4af7-a1ed-51a7ef15934a_14,0,primary,centre,0.3993388429752066,
bbbc041,site_b,96957ec3-de17-41cf-855b-1388814e5918_34,0,primary,centre,0.622528616024974,
bbbc041,site_b,f2b1ae99-8169-42ea-bdb4-3351175e4cb6_20,0,primary,centre,0.5239158163265306,
bbbc041,site_b,a1265844-329c-4a49-a37f-e0541b83a50c_31,0,primary,centre,0.8441452468380253,
bbbc041,site_b,294bc238-efdb-4f88-b83b-f41fe5750106_33,0,primary,centre,0.7685546875,
bbbc041,site_b,baab0701-3fd4-4940-8b90-b9c42d95888f_29,0,primary,centre,0.6991666666666667,
bbbc041,site_b,0864c569-2ad7-48ed-b12a-e40aa5b93756_6,0,primary,centre,0.5124611801242236,
bbbc041,site_b,41be1bd3-0d31-4881-bf1f-3ccdfa21ff12_38,0,primary,centre,0.736808645899555,
bbbc041,site_b,15625643-d964-4b14-9839-c126384ae35b_3,0,primary,centre,0.40925861468847896,
bbbc041,site_b,bfbf234a-cbc4-4d00-ab7f-9043d1304b41_29,0,primary,centre,0.4278061224489796,
bbbc041,site_b,e6a7743e-4040-40fa-b097-ca6874c469b7_21,0,primary,centre,0.32345604561278474,
bbbc041,site_b,e93e617e-ed36-43d9-bd1a-4ffd2fba64e9_43,0,primary,centre,0.5687893081761006,
bbbc041,site_b,f2b1ae99-8169-42ea-bdb4-3351175e4cb6_33,0,primary,centre,0.6336543005671077,
bbbc041,site_b,edea6ca9-3d52-4b4f-bec3-93799b1c26e3_28,0,primary,centre,0.4075547395620835,
bbbc041,site_b,bfbf234a-cbc4-4d00-ab7f-9043d1304b41_9,0,primary,centre,0.33647058823529413,
bbbc041,site_b,47112c6b-aaf6-488d-8f3b-f9ed0cce9a95_10,0,primary,centre,0.41173075535675635,
bbbc041,site_b,c11081a1-4fd9-4003-8bd9-0727eae62d0a_30,0,primary,centre,0.368625,
bbbc041,site_b,06bbcd42-3ba8-4476-8804-8455f56dd928_53,0,primary,centre,0.6623539982030549,
bbbc041,site_b,c3631a04-b757-407b-8e7e-1ed3a6c463d4_7,0,primary,centre,0.5050543221539915,
bbbc041,site_b,25865b39-56fb-409a-8800-3d368dd264ed_40,0,primary,centre,0.6982955845344315,
bbbc041,site_b,351d6536-3a5c-46eb-a6e4-d71dd999908a_26,0,primary,centre,0.49591665165435656,
bbbc041,site_b,4da8f6c5-5f85-4280-92d0-1ba008e8c404_43,0,primary,nearest,0.2702812330989724,
bbbc041,site_b,bfbf234a-cbc4-4d00-ab7f-9043d1304b41_10,0,primary,centre,0.35358577504725897,
bbbc041,site_b,623982a0-1f73-4246-92cb-28f7c219efaf_0,0,primary,centre,0.4042455775234131,
bbbc041,site_b,f070a212-e4e2-4743-804c-80789a36f495_16,0,primary,nearest,0.47812097812097815,
bbbc041,site_b,8448ac8c-fa7a-475a-9ca2-dc0174f78a39_27,0,primary,nearest,0.4210265556876734,
bbbc041,site_b,f2b1ae99-8169-42ea-bdb4-3351175e4cb6_22,0,primary,centre,0.4168065599173554,
bbbc041,site_b,efb85f8e-c780-4a19-b6ce-555a154b0d10_23,0,primary,centre,0.5023352361183187,
bbbc041,site_b,bfbf234a-cbc4-4d00-ab7f-9043d1304b41_43,0,primary,centre,0.33495177698507067,
bbbc041,site_b,0346611b-ea43-45bd-9f16-c6e8086273d2_21,0,primary,centre,0.4043827160493827,
bbbc041,site_b,a6e72060-5bde-490c-bdd7-7d9cb0fce7fc_12,0,primary,centre,0.8397331545852086,
bbbc041,site_b,74bf1267-d98b-4532-a81d-9d8df63e0f75_26,0,primary,centre,0.3347043427167352,
bbbc041,site_b,f2b1ae99-8169-42ea-bdb4-3351175e4cb6_46,0,primary,centre,0.2908220667035335,
bbbc041,site_b,e26b88c6-5884-4b5c-94d7-ad780379c8ad_14,0,primary,centre,0.36196887849713777,
bbbc041,site_b,8298aca0-5099-4d45-88ca-ec8ac7922e77_17,0,primary,centre,0.5922308404353793,
bbbc041,site_b,c70894fa-50e8-4eed-a5a8-159a20153a49_76,0,primary,centre,0.7194630331371442,
bbbc041,site_b,8e22f8cc-b6ef-48cb-a06d-a44cb1fb5f2f_28,0,primary,centre,0.9564408168840927,
bbbc041,site_b,c328260d-bafa-4aaa-9e7a-79bc165d7fdb_27,0,primary,centre,0.6854320987654321,
bbbc041,site_b,a612e0d5-6a95-43cc-96a6-6fbcb8d45ff4_28,0,primary,centre,0.3491603783611436,
bbbc041,site_b,5bfde411-aa51-45d0-8b67-a57c5f1e628b_26,0,primary,centre,0.5258641975308642,
bbbc041,site_b,8298aca0-5099-4d45-88ca-ec8ac7922e77_9,0,primary,centre,0.6358504597079503,
bbbc041,site_b,b6fe541f-3be2-41a8-8124-757fc1ad875e_10,0,primary,centre,0.344237114575037,
bbbc041,site_b,bfbf234a-cbc4-4d00-ab7f-9043d1304b41_34,0,primary,centre,0.5062794348508635,
bbbc041,site_b,06bbcd42-3ba8-4476-8804-8455f56dd928_13,0,primary,centre,0.666138195270181,
bbbc041,site_b,4dcd5df9-c56c-471b-8d44-fa4b1ca9a600_17,0,primary,centre,0.4225226940900146,
bbbc041,site_b,bdfbad30-fa2f-4285-bf02-6064ab6d869c_12,0,primary,centre,0.41002702450843354,
bbbc041,site_b,4b3de416-ac61-43eb-80d0-36b81c4baf82_10,0,primary,centre,0.3441134029369323,
bbbc041,site_b,96287315-87a1-4045-9e16-119e045bf12a_14,0,primary,centre,0.38976527968297514,
bbbc041,site_b,7d16d1e8-4abf-46fc-81bc-d71bd08ed6f2_1,0,primary,centre,0.4105263157894737,
bbbc041,site_b,b9025f55-789d-4acb-9c0a-34e877c95c5c_91,0,primary,nearest,0.0014774166314900801,
bbbc041,site_b,37df4ffb-f268-4557-94d6-bf68d005feae_14,0,primary,centre,0.4344281663516068,
bbbc041,site_b,c328260d-bafa-4aaa-9e7a-79bc165d7fdb_23,0,primary,centre,0.3903372467771639,
bbbc041,site_b,a612e0d5-6a95-43cc-96a6-6fbcb8d45ff4_38,0,primary,nearest,0.25002969826562127,
bbbc041,site_b,8448ac8c-fa7a-475a-9ca2-dc0174f78a39_68,0,primary,nearest,0.5997784897749298,
bbbc041,site_b,03be08c8-2cf3-4de6-8ac6-5f7817a6a643_44,0,primary,centre,0.6792757071107587,
bbbc041,site_b,a4bd99a0-226a-4044-914b-8073d5890734_49,0,primary,centre,0.5485871271585557,
bbbc041,site_b,6040cf0d-9dd6-4798-9406-1afbbcd24d4c_46,0,primary,centre,0.4929249854622989,
bbbc041,site_b,bc820fb6-5ba8-4438-affe-e250d2ad5eb0_53,0,primary,centre,0.8303571428571429,
bbbc041,site_b,9fd32265-07f2-442b-80b5-35069891d452_12,0,primary,centre,0.4238439697133586,
bbbc041,site_b,0864c569-2ad7-48ed-b12a-e40aa5b93756_35,0,primary,centre,0.5813846371882087,
bbbc041,site_b,d9255d7f-1282-442d-b152-73d7388526f9_27,0,primary,centre,0.5678397324129096,
bbbc041,site_b,a612e0d5-6a95-43cc-96a6-6fbcb8d45ff4_14,0,primary,centre,0.2669005102040816,
bbbc041,site_b,3e03b313-66eb-471f-a97a-7b2bf20dcff5_43,0,primary,centre,0.5913079156672137,
bbbc041,site_b,cea1cd9b-9b03-407b-ad8d-348155567dab_26,0,primary,centre,0.7260310864881502,
bbbc041,site_b,bc820fb6-5ba8-4438-affe-e250d2ad5eb0_15,0,primary,centre,0.5280599158715502,
bbbc041,site_b,e02301ac-68f7-4daf-b2ba-254b917f1cca_14,0,primary,centre,0.7645321361058601,
bbbc041,site_b,8db76867-671a-4488-a7b6-991e4dd2e05f_3,0,primary,centre,0.40160642570281124,
bbbc041,site_b,21116b9d-e6be-483f-8394-e74622b2e182_15,0,primary,centre,0.1948048827374087,
bbbc041,site_b,b6fe541f-3be2-41a8-8124-757fc1ad875e_20,0,primary,centre,0.41108216907411793,
bbbc041,site_b,010961af-b38c-49de-aca0-e3732d73d414_43,0,primary,nearest,0.5125983940508683,
bbbc041,site_b,8874ea02-d263-4830-99d1-e1b14230a56b_34,0,primary,centre,0.7339518180457878,
bbbc041,site_b,4dcd5df9-c56c-471b-8d44-fa4b1ca9a600_30,0,primary,centre,0.3790787826989408,
bbbc041,site_b,2c03b3c9-7786-4e1b-ac2b-c98e9f8358f2_32,0,primary,centre,0.3184113865932048,
bbbc041,site_b,25865b39-56fb-409a-8800-3d368dd264ed_66,0,primary,centre,0.9104882617601232,
bbbc041,site_b,b9025f55-789d-4acb-9c0a-34e877c95c5c_24,0,primary,centre,0.604807047783204,
bbbc041,site_b,74bf1267-d98b-4532-a81d-9d8df63e0f75_11,0,primary,centre,0.42999297945728154,
bbbc041,site_b,6040cf0d-9dd6-4798-9406-1afbbcd24d4c_45,0,primary,centre,0.4169697971781305,
bbbc041,site_b,087602a2-288b-4a4d-b01a-524f0d799d89_45,0,primary,centre,0.6427489268580086,
bbbc041,site_b,a3548f89-1cb5-4e67-b460-482df95b10ee_15,0,primary,centre,0.4444196925818668,
bbbc041,site_b,294bc238-efdb-4f88-b83b-f41fe5750106_59,0,primary,centre,0.39952830188679245,
bbbc041,site_b,9cf0b006-cb5c-47e7-b076-1dcacf1fbfb1_30,0,primary,centre,0.3393730799863466,
bbbc041,site_b,f0ee03d6-c57b-43a0-8812-359330bdb93a_11,0,primary,centre,0.5317539026629936,
bbbc041,site_b,96957ec3-de17-41cf-855b-1388814e5918_36,0,primary,centre,0.45698302469135804,
bbbc041,site_b,abb72ce2-4193-4dd3-a34c-61c2ee22ccff_23,0,primary,centre,0.39215219976218785,
bbbc041,site_b,3147f1e4-6fc4-4eff-a9dd-ddeee5e2de13_3,0,primary,centre,0.39900240798073616,
bbbc041,site_b,f0ee03d6-c57b-43a0-8812-359330bdb93a_24,0,primary,centre,0.8144249512670565,
bbbc041,site_b,b6fe541f-3be2-41a8-8124-757fc1ad875e_8,0,primary,centre,0.41445231011251327,
bbbc041,site_b,cea1cd9b-9b03-407b-ad8d-348155567dab_67,0,primary,nearest,0.13302267169013154,
bbbc041,site_b,da2197c7-7911-4be6-8bb9-164f47fd270a_37,0,primary,centre,0.5170645729850986,
bbbc041,site_b,1e647046-333b-4102-a0c6-4c29405c37b3_2,0,primary,centre,0.5859728506787331,
bbbc041,site_b,294bc238-efdb-4f88-b83b-f41fe5750106_52,0,primary,nearest,0.3354766712721862,
bbbc041,site_b,a1265844-329c-4a49-a37f-e0541b83a50c_43,0,primary,centre,0.30188461093768065,
bbbc041,site_b,5a2447bf-a92b-4a47-a384-4b2ff020ecdc_10,0,primary,centre,0.4667677881963596,
bbbc041,site_b,ef55f2ac-5a04-4986-99ab-0d2b5052ab3e_19,0,primary,centre,0.3431209869417791,
bbbc041,site_b,291fe50c-2134-4708-bfa4-09b36ffea123_26,0,primary,centre,0.3430677764565993,
bbbc041,site_b,7d16d1e8-4abf-46fc-81bc-d71bd08ed6f2_11,0,primary,centre,0.32350196762546146,
bbbc041,site_b,edea6ca9-3d52-4b4f-bec3-93799b1c26e3_38,0,primary,centre,0.37783305693753455,
bbbc041,site_b,96287315-87a1-4045-9e16-119e045bf12a_27,0,primary,centre,0.453203125,
bbbc041,site_b,8874ea02-d263-4830-99d1-e1b14230a56b_26,0,primary,centre,0.5415541471479747,
bbbc041,site_b,a5c8bf78-61e2-492d-bae5-0ffeea81212b_42,0,primary,centre,0.44881092933040984,
bbbc041,site_b,da2197c7-7911-4be6-8bb9-164f47fd270a_1,0,primary,centre,0.4183375729462816,
bbbc041,site_b,25865b39-56fb-409a-8800-3d368dd264ed_9,0,primary,centre,0.785170645729851,
bbbc041,site_b,a3548f89-1cb5-4e67-b460-482df95b10ee_17,0,primary,centre,0.2403978214539427,
bbbc041,site_b,cc453255-b583-425e-bc3e-284ccf120944_0,0,primary,centre,0.4182666666666667,
bbbc041,site_b,a4bd99a0-226a-4044-914b-8073d5890734_22,0,primary,centre,0.514944231439526,
bbbc041,site_b,294bc238-efdb-4f88-b83b-f41fe5750106_14,0,primary,centre,0.3920866173075392,
bbbc041,site_b,37a5a96b-f76e-4607-82fd-f47f7f2903c6_68,0,primary,centre,0.9840532808029642,
bbbc041,site_b,8db76867-671a-4488-a7b6-991e4dd2e05f_1,0,primary,centre,0.4366672921748921,
bbbc041,site_b,604478c7-1259-441a-8ad0-7059e191c9e4_0,0,primary,centre,0.3663544536271809,
bbbc041,site_b,9cf0b006-cb5c-47e7-b076-1dcacf1fbfb1_5,0,primary,centre,0.3966017251635931,
bbbc041,site_b,738b7be5-59b5-4d8c-8769-cbf2385b9fc7_6,0,primary,centre,0.6573359073359073,
bbbc041,site_b,e02301ac-68f7-4daf-b2ba-254b917f1cca_48,0,primary,centre,0.8543302701197438,
bbbc041,site_b,f8ebe0c8-a90d-4a64-9f6a-f9985e38c340_46,0,primary,centre,0.7023629489603025,
bbbc041,site_b,23e581e7-0fb7-42ff-ba55-a86beefc0619_29,0,primary,centre,0.49777797141861274,
bbbc041,site_b,03be08c8-2cf3-4de6-8ac6-5f7817a6a643_45,0,primary,centre,0.6259444444444444,
bbbc041,site_b,91fd0c2e-8e9c-452d-97ab-304b05a049b3_23,0,primary,centre,0.3306281407035176,
bbbc041,site_b,a6e72060-5bde-490c-bdd7-7d9cb0fce7fc_2,0,primary,centre,0.5549754113290025,
bbbc041,site_b,64985a1e-16bb-4016-a01c-c21a5b86e572_29,0,primary,centre,0.5079365079365079,
bbbc041,site_b,91fd0c2e-8e9c-452d-97ab-304b05a049b3_30,0,primary,centre,0.4544726766446223,
bbbc041,site_b,623982a0-1f73-4246-92cb-28f7c219efaf_19,0,primary,centre,0.3152651131374536,
bbbc041,site_b,604478c7-1259-441a-8ad0-7059e191c9e4_7,0,primary,centre,0.3455812854442344,
bbbc041,site_b,8448ac8c-fa7a-475a-9ca2-dc0174f78a39_73,0,primary,centre,0.9355865076539693,
bbbc041,site_b,03be08c8-2cf3-4de6-8ac6-5f7817a6a643_49,0,primary,centre,0.4603250903523296,
bbbc041,site_b,bdfbad30-fa2f-4285-bf02-6064ab6d869c_46,0,primary,centre,0.39808562478245735,
bbbc041,site_b,37df4ffb-f268-4557-94d6-bf68d005feae_12,0,primary,centre,0.40452653485952134,
bbbc041,site_b,ebc4056e-d766-43cf-b6b4-5dac79d96e84_25,0,primary,centre,0.5593235859711242,
bbbc041,site_b,96957ec3-de17-41cf-855b-1388814e5918_24,0,primary,centre,0.2595715135885737,
bbbc041,site_b,15a5849d-8bc7-4e01-938b-c1f55067787d_5,0,primary,centre,0.4312287414965986,
bbbc041,site_b,06bbcd42-3ba8-4476-8804-8455f56dd928_54,0,primary,centre,0.8932920436767149,
bbbc041,site_b,b1d312cf-1f52-4955-bf42-58d3664c254a_26,0,primary,centre,0.38960661924807666,
bbbc041,site_b,8111cff9-4c04-448e-990b-9d5010f7be56_44,0,primary,centre,0.9232691887694435,
bbbc041,site_b,a612e0d5-6a95-43cc-96a6-6fbcb8d45ff4_49,0,primary,centre,0.6496428571428572,
bbbc041,site_b,b47c1011-0cc6-400d-9300-1c72f873a6e5_29,0,primary,centre,0.24409090909090908,
bbbc041,site_b,51a42643-256f-463a-bf22-7fd295caead0_11,0,primary,centre,0.7597142944354568,
bbbc041,site_b,15a5849d-8bc7-4e01-938b-c1f55067787d_30,0,primary,centre,0.4684506926460312,
bbbc041,site_b,c736848a-437c-4121-b99f-58f186eb3a1d_8,0,primary,centre,0.4088437467938853,
bbbc041,site_b,e26b88c6-5884-4b5c-94d7-ad780379c8ad_26,0,primary,centre,0.5987500494442467,
bbbc041,site_b,78ae52cf-8dad-4070-a40e-9af02faec1f0_28,0,primary,centre,0.42110103797135723,
bbbc041,site_b,64985a1e-16bb-4016-a01c-c21a5b86e572_51,0,primary,centre,0.7232828387632289,
bbbc041,site_b,604478c7-1259-441a-8ad0-7059e191c9e4_47,0,primary,centre,0.27279027746837947,
bbbc041,site_b,b9025f55-789d-4acb-9c0a-34e877c95c5c_38,0,primary,centre,0.9340301115741363,
bbbc041,site_b,5c399ab9-492c-4bfc-a452-83aba574a3bc_6,0,primary,centre,0.37782266791717767,
bbbc041,site_b,74bf1267-d98b-4532-a81d-9d8df63e0f75_7,0,primary,centre,0.3350694444444444,
bbbc041,site_b,511b6e13-acd7-4dd3-b1d0-c4aa10a514c7_12,0,primary,centre,0.40128105590062113,
bbbc041,site_b,511b6e13-acd7-4dd3-b1d0-c4aa10a514c7_90,0,primary,centre,0.8602927378495028,
bbbc041,site_b,3147f1e4-6fc4-4eff-a9dd-ddeee5e2de13_38,0,primary,centre,0.2882438846294268,
bbbc041,site_b,a612e0d5-6a95-43cc-96a6-6fbcb8d45ff4_53,0,primary,centre,0.8512629423142565,
bbbc041,site_b,a3548f89-1cb5-4e67-b460-482df95b10ee_27,0,primary,centre,0.3631510947912417,
bbbc041,site_b,e02301ac-68f7-4daf-b2ba-254b917f1cca_59,0,primary,nearest,0.25418623830183945,
bbbc041,site_b,7d16d1e8-4abf-46fc-81bc-d71bd08ed6f2_0,0,primary,centre,0.4115666616788867,
bbbc041,site_b,604478c7-1259-441a-8ad0-7059e191c9e4_6,0,primary,centre,0.38719606032625425,
bbbc041,site_b,693da701-2020-404c-866d-b64c12da951d_12,0,primary,centre,0.4187472782697053,
bbbc041,site_b,b910c1db-9c66-4207-892f-18a03ecc75bc_36,0,primary,centre,0.5052745772856502,
bbbc041,site_b,a612e0d5-6a95-43cc-96a6-6fbcb8d45ff4_40,0,primary,centre,0.4862990810359231,
bbbc041,site_b,5c399ab9-492c-4bfc-a452-83aba574a3bc_12,0,primary,centre,0.37821946468508766,
bbbc041,site_b,b9025f55-789d-4acb-9c0a-34e877c95c5c_44,0,primary,centre,0.9574262882336732,
bbbc041,site_b,604478c7-1259-441a-8ad0-7059e191c9e4_42,0,primary,centre,0.31599259846682526,
bbbc041,site_b,a4bd99a0-226a-4044-914b-8073d5890734_56,0,primary,centre,0.69250085999312,
bbbc041,site_b,604478c7-1259-441a-8ad0-7059e191c9e4_11,0,primary,centre,0.44067296340023615,
bbbc041,site_b,03be08c8-2cf3-4de6-8ac6-5f7817a6a643_53,0,primary,centre,0.5658032842390385,
bbbc041,site_b,15a5849d-8bc7-4e01-938b-c1f55067787d_9,0,primary,centre,0.358163988657845,
bbbc041,site_b,efb85f8e-c780-4a19-b6ce-555a154b0d10_26,0,primary,centre,0.688219741480611,
bbbc041,site_b,087602a2-288b-4a4d-b01a-524f0d799d89_39,0,primary,centre,0.5132030178326474,
bbbc041,site_b,f0ee03d6-c57b-43a0-8812-359330bdb93a_66,0,primary,centre,0.8912076145151695,
bbbc041,site_b,dea9006d-c360-4118-b77b-8bc959fa5f8a_24,0,primary,centre,0.7210683327704605,
bbbc041,site_b,9cf3f75a-354c-46f9-8b53-0a9711ac8bee_6,0,primary,centre,0.5788423153692615,
bbbc041,site_b,abb72ce2-4193-4dd3-a34c-61c2ee22ccff_8,0,primary,centre,0.3839814814814815,
bbbc041,site_b,a6e72060-5bde-490c-bdd7-7d9cb0fce7fc_18,0,primary,centre,0.8174894600843193,
bbbc041,site_b,5bfde411-aa51-45d0-8b67-a57c5f1e628b_38,0,primary,centre,0.404073353252378,
bbbc041,site_b,d9255d7f-1282-442d-b152-73d7388526f9_23,0,primary,centre,0.9058536995044931,
bbbc041,site_b,511b6e13-acd7-4dd3-b1d0-c4aa10a514c7_30,0,primary,centre,0.7597783933518005,
bbbc041,site_b,7d16d1e8-4abf-46fc-81bc-d71bd08ed6f2_3,0,primary,centre,0.3624165382639959,
bbbc041,site_b,cea1cd9b-9b03-407b-ad8d-348155567dab_30,0,primary,centre,0.8350423426181002,
bbbc041,site_b,baab0701-3fd4-4940-8b90-b9c42d95888f_18,0,primary,centre,0.6029468412942989,
bbbc041,site_b,c6807595-100a-4aa1-a5f6-882a20ca3d32_16,0,primary,centre,0.3043431209869418,
bbbc041,site_b,8db76867-671a-4488-a7b6-991e4dd2e05f_28,0,primary,centre,0.6101351351351352,
bbbc041,site_b,74bf1267-d98b-4532-a81d-9d8df63e0f75_3,0,primary,centre,0.32219142801153383,
bbbc041,site_b,23e581e7-0fb7-42ff-ba55-a86beefc0619_47,0,primary,centre,0.44946670135275757,
bbbc041,site_b,cea1cd9b-9b03-407b-ad8d-348155567dab_42,0,primary,centre,0.8565809461805556,
bbbc041,site_b,df4fd610-fa16-45ca-b3a3-a25a14e5c4e9_5,0,primary,centre,0.46219135802469136,
bbbc041,site_b,c11081a1-4fd9-4003-8bd9-0727eae62d0a_31,0,primary,centre,0.4038875056586691,
bbbc041,site_b,96287315-87a1-4045-9e16-119e045bf12a_19,0,primary,centre,0.5008025166923472,
bbbc041,site_b,15a5849d-8bc7-4e01-938b-c1f55067787d_8,0,primary,centre,0.4305209445828883,
bbbc041,site_b,8db76867-671a-4488-a7b6-991e4dd2e05f_4,0,primary,centre,0.3845440619205031,
bbbc041,site_b,cea1cd9b-9b03-407b-ad8d-348155567dab_29,0,primary,centre,0.5923657598632673,
bbbc041,site_b,351d6536-3a5c-46eb-a6e4-d71dd999908a_9,0,primary,centre,0.4913586712554242,
bbbc041,site_b,4b3de416-ac61-43eb-80d0-36b81c4baf82_23,0,primary,centre,0.321273620423823,
bbbc041,site_b,ef55f2ac-5a04-4986-99ab-0d2b5052ab3e_46,0,primary,centre,0.34912236499538085,
bbbc041,site_b,b910c1db-9c66-4207-892f-18a03ecc75bc_42,0,primary,centre,0.4667134702847898,
bbbc041,site_b,e02301ac-68f7-4daf-b2ba-254b917f1cca_12,0,primary,centre,0.681038062283737,
bbbc041,site_b,5a2447bf-a92b-4a47-a384-4b2ff020ecdc_24,0,primary,centre,0.2569715711805556,
bbbc041,site_b,b1d312cf-1f52-4955-bf42-58d3664c254a_7,0,primary,centre,0.33580585342255903,
bbbc041,site_b,8db76867-671a-4488-a7b6-991e4dd2e05f_12,0,primary,centre,0.4137422360248447,
bbbc041,site_b,511b6e13-acd7-4dd3-b1d0-c4aa10a514c7_59,0,primary,centre,0.7927322435495814,
bbbc041,site_b,edea6ca9-3d52-4b4f-bec3-93799b1c26e3_30,0,primary,centre,0.4512990080302315,
bbbc041,site_b,efb85f8e-c780-4a19-b6ce-555a154b0d10_54,0,primary,centre,0.8795915256820607,
bbbc041,site_b,7d16d1e8-4abf-46fc-81bc-d71bd08ed6f2_10,0,primary,centre,0.36637183489420744,
bbbc041,site_b,34950f4e-fe44-49ec-9d49-14bd4a8ce7c0_22,0,primary,centre,0.6207655651092925,
bbbc041,site_b,deab75c9-00bc-488c-8b20-ff4515d85212_29,0,primary,centre,0.5856568998109641,
bbbc041,site_b,4b3de416-ac61-43eb-80d0-36b81c4baf82_19,0,primary,centre,0.49777777777777776,
bbbc041,site_b,e02301ac-68f7-4daf-b2ba-254b917f1cca_31,0,primary,centre,0.6804773869346734,
bbbc041,site_b,c11081a1-4fd9-4003-8bd9-0727eae62d0a_19,0,primary,centre,0.36836945485102063,
bbbc041,site_b,010961af-b38c-49de-aca0-e3732d73d414_50,0,primary,centre,0.5573070186680337,
bbbc041,site_b,8298aca0-5099-4d45-88ca-ec8ac7922e77_27,0,primary,centre,0.4073915525114155,
bbbc041,site_b,da2197c7-7911-4be6-8bb9-164f47fd270a_0,0,primary,centre,0.40669532680519066,
bbbc041,site_b,cea1cd9b-9b03-407b-ad8d-348155567dab_1,0,primary,centre,0.3872885230909922,
bbbc041,site_b,c328260d-bafa-4aaa-9e7a-79bc165d7fdb_16,0,primary,centre,0.4145762471655329,
bbbc041,site_b,baab0701-3fd4-4940-8b90-b9c42d95888f_56,0,primary,centre,0.4419753086419753,
bbbc041,site_b,010961af-b38c-49de-aca0-e3732d73d414_38,0,primary,centre,0.6342794158170295,
bbbc041,site_b,bfbf234a-cbc4-4d00-ab7f-9043d1304b41_18,0,primary,centre,0.35149587112494923,
bbbc041,site_b,efb85f8e-c780-4a19-b6ce-555a154b0d10_38,0,primary,centre,0.7173952421205169,
bbbc041,site_b,a5c8bf78-61e2-492d-bae5-0ffeea81212b_21,0,primary,centre,0.45233196159122085,
bbbc041,site_b,0897f682-5301-49fc-a8d5-9df7762040bb_1,0,primary,centre,0.42321037253469684,
bbbc041,site_b,c736848a-437c-4121-b99f-58f186eb3a1d_2,0,primary,centre,0.41490509744175713,
bbbc041,site_b,a1265844-329c-4a49-a37f-e0541b83a50c_15,0,primary,centre,0.3347430475458157,
bbbc041,site_b,9cf3f75a-354c-46f9-8b53-0a9711ac8bee_0,0,primary,centre,0.5070519435844513,
bbbc041,site_b,a612e0d5-6a95-43cc-96a6-6fbcb8d45ff4_4,0,primary,centre,0.3191197954711468,
bbbc041,site_b,bc820fb6-5ba8-4438-affe-e250d2ad5eb0_40,0,primary,centre,0.7147466057265761,
bbbc041,site_b,0e0bc36f-6fb2-4763-b0a1-b4c67b2d2d2a_3,0,primary,centre,0.3717135685031048,
bbbc041,site_b,4b3de416-ac61-43eb-80d0-36b81c4baf82_18,0,primary,centre,0.3087195600942655,
bbbc041,site_b,37df4ffb-f268-4557-94d6-bf68d005feae_21,0,primary,centre,0.2907266796414572,
bbbc041,site_b,887cc81a-bae3-4360-a115-23ae05ac3a4f_19,0,primary,centre,0.44800990287564274,
bbbc041,site_b,1b814efc-7bf9-40ae-8e13-49dc2c04732f_25,0,primary,centre,0.43358024691358027,
bbbc041,site_b,37b4142a-2c7d-400d-8f01-4e438845a484_30,0,primary,centre,0.4894155466639308,
bbbc041,site_b,446734b7-6bc9-4a66-a3a0-49f6aa90db33_37,0,primary,centre,0.3075074360499703,
bbbc041,site_b,b9025f55-789d-4acb-9c0a-34e877c95c5c_48,0,primary,centre,0.7906983726655857,
bbbc041,site_b,41be1bd3-0d31-4881-bf1f-3ccdfa21ff12_9,0,primary,centre,0.6040219907407407,
bbbc041,site_b,b47c1011-0cc6-400d-9300-1c72f873a6e5_5,0,primary,centre,0.3826026999564523,
bbbc041,site_b,8448ac8c-fa7a-475a-9ca2-dc0174f78a39_57,0,primary,centre,0.8464488676128887,
bbbc041,site_b,ebb53337-1d4f-4ab5-9b6d-83a66f48fe2e_6,0,primary,centre,0.37125347122474384,
bbbc041,site_b,8448ac8c-fa7a-475a-9ca2-dc0174f78a39_55,0,primary,centre,0.5073701901193935,
bbbc041,site_b,41be1bd3-0d31-4881-bf1f-3ccdfa21ff12_34,0,primary,centre,0.6413546554310703,
bbbc041,site_b,4da8f6c5-5f85-4280-92d0-1ba008e8c404_15,0,primary,centre,0.503601108033241,
bbbc041,site_b,dea9006d-c360-4118-b77b-8bc959fa5f8a_4,0,primary,centre,0.40712164256198347,
bbbc041,site_b,e6a7743e-4040-40fa-b097-ca6874c469b7_5,0,primary,centre,0.40574074074074074,
bbbc041,site_b,8db76867-671a-4488-a7b6-991e4dd2e05f_45,0,primary,centre,0.35363881401617253,
bbbc041,site_b,693da701-2020-404c-866d-b64c12da951d_31,0,primary,centre,0.45259868922420365,
bbbc041,site_b,37a5a96b-f76e-4607-82fd-f47f7f2903c6_41,0,primary,centre,0.7254503038194444,
bbbc041,site_b,8298aca0-5099-4d45-88ca-ec8ac7922e77_7,0,primary,centre,0.44560047562425686,
bbbc041,site_b,f070a212-e4e2-4743-804c-80789a36f495_28,0,primary,centre,0.4886600237953599,
bbbc041,site_b,8e22f8cc-b6ef-48cb-a06d-a44cb1fb5f2f_29,0,primary,centre,0.6346187439951088,
bbbc041,site_b,b910c1db-9c66-4207-892f-18a03ecc75bc_23,0,primary,centre,0.4592381630473478,
bbbc041,site_b,c8d1b7ec-be9f-4c88-a39b-2c6bf46b2998_11,0,primary,centre,0.4978649068322981,
bbbc041,site_b,a6e72060-5bde-490c-bdd7-7d9cb0fce7fc_5,0,primary,centre,0.7209357277882797,
bbbc041,site_b,5bfde411-aa51-45d0-8b67-a57c5f1e628b_19,0,primary,centre,0.4994015252556342,
bbbc041,site_b,64985a1e-16bb-4016-a01c-c21a5b86e572_38,0,primary,centre,0.6897515190972222,
bbbc041,site_b,c70894fa-50e8-4eed-a5a8-159a20153a49_69,0,primary,centre,0.45633442862358525,
bbbc041,site_b,0e0bc36f-6fb2-4763-b0a1-b4c67b2d2d2a_2,0,primary,centre,0.47794117647058826,
bbbc041,site_b,b910c1db-9c66-4207-892f-18a03ecc75bc_25,0,primary,centre,0.6465973657024794,
bbbc041,site_b,e93e617e-ed36-43d9-bd1a-4ffd2fba64e9_54,0,primary,centre,0.6415829145728643,
bbbc041,site_b,a6e72060-5bde-490c-bdd7-7d9cb0fce7fc_39,0,primary,centre,0.961642964504567,
bbbc041,site_b,cea1cd9b-9b03-407b-ad8d-348155567dab_0,0,primary,centre,0.4066428973541002,
bbbc041,site_b,1b814efc-7bf9-40ae-8e13-49dc2c04732f_6,0,primary,centre,0.42970521541950113,
bbbc041,site_b,51a42643-256f-463a-bf22-7fd295caead0_35,0,primary,centre,0.4949584487534626,
bbbc041,site_b,738b7be5-59b5-4d8c-8769-cbf2385b9fc7_4,0,primary,centre,0.5607209691716734,
bbbc041,site_b,8111cff9-4c04-448e-990b-9d5010f7be56_8,0,primary,centre,0.5710478276743337,
bbbc041,site_b,351d6536-3a5c-46eb-a6e4-d71dd999908a_5,0,primary,centre,0.521150456657587,
bbbc041,site_b,224c80b8-6c55-48cf-b719-96a47d223dc3_2,0,primary,centre,0.38004877305288826,
bbbc041,site_b,6d9a2241-2cce-42b3-a11d-a3a6b432dd89_9,0,primary,centre,0.4587634982793402,
bbbc041,site_b,8448ac8c-fa7a-475a-9ca2-dc0174f78a39_8,0,primary,centre,0.39595555555555556,
bbbc041,site_b,224c80b8-6c55-48cf-b719-96a47d223dc3_20,0,primary,centre,0.43161334709322324,
bbbc041,site_b,511b6e13-acd7-4dd3-b1d0-c4aa10a514c7_64,0,primary,centre,0.6936256172377675,
bbbc041,site_b,bdfbad30-fa2f-4285-bf02-6064ab6d869c_11,0,primary,centre,0.5521428571428572,
bbbc041,site_b,ef55f2ac-5a04-4986-99ab-0d2b5052ab3e_40,0,primary,centre,0.3242961792588337,
bbbc041,site_b,a612e0d5-6a95-43cc-96a6-6fbcb8d45ff4_35,0,primary,centre,0.6971238583560326,
bbbc041,site_b,1e647046-333b-4102-a0c6-4c29405c37b3_36,0,primary,centre,0.5010727367870225,
bbbc041,site_b,47112c6b-aaf6-488d-8f3b-f9ed0cce9a95_13,0,primary,centre,0.4250649350649351,
bbbc041,site_b,3e03b313-66eb-471f-a97a-7b2bf20dcff5_30,0,primary,centre,0.8313271604938272,
bbbc041,site_b,d9ecacb0-14c7-4862-930b-18bb51d5f392_33,0,primary,centre,0.5590740428402766,
bbbc041,site_b,8111cff9-4c04-448e-990b-9d5010f7be56_15,0,primary,centre,0.649125484570068,
bbbc041,site_b,6040cf0d-9dd6-4798-9406-1afbbcd24d4c_44,0,primary,centre,0.2911608987603306,
bbbc041,site_b,34950f4e-fe44-49ec-9d49-14bd4a8ce7c0_30,0,primary,centre,0.459320987654321,
bbbc041,site_b,edea6ca9-3d52-4b4f-bec3-93799b1c26e3_6,0,primary,centre,0.38826125991321264,
bbbc041,site_b,623982a0-1f73-4246-92cb-28f7c219efaf_52,0,primary,centre,0.6124453694068679,
bbbc041,site_b,47112c6b-aaf6-488d-8f3b-f9ed0cce9a95_22,0,primary,centre,0.42783321454027085,
bbbc041,site_b,74bf1267-d98b-4532-a81d-9d8df63e0f75_35,0,primary,centre,0.4020044231684443,
bbbc041,site_b,ef55f2ac-5a04-4986-99ab-0d2b5052ab3e_33,0,primary,centre,0.23314405794509524,
bbbc041,site_b,8448ac8c-fa7a-475a-9ca2-dc0174f78a39_39,0,primary,centre,0.6261094674556213,
bbbc041,site_b,511b6e13-acd7-4dd3-b1d0-c4aa10a514c7_68,0,primary,centre,0.9159440397733842,
bbbc041,site_b,e02301ac-68f7-4daf-b2ba-254b917f1cca_8,0,primary,centre,0.6574184172281675,
bbbc041,site_b,e6a7743e-4040-40fa-b097-ca6874c469b7_36,0,primary,centre,0.21238586740770146,
bbbc041,site_b,efb85f8e-c780-4a19-b6ce-555a154b0d10_69,0,primary,centre,0.882778697719139,
bbbc041,site_b,c11081a1-4fd9-4003-8bd9-0727eae62d0a_34,0,primary,centre,0.6770222222222222,
bbbc041,site_b,6d9a2241-2cce-42b3-a11d-a3a6b432dd89_19,0,primary,centre,0.3282864152892562,
bbbc041,site_b,294bc238-efdb-4f88-b83b-f41fe5750106_48,0,primary,centre,0.593054602489952,
bbbc041,site_b,0864c569-2ad7-48ed-b12a-e40aa5b93756_20,0,primary,centre,0.42335029178512645,
bbbc041,site_b,9cf0b006-cb5c-47e7-b076-1dcacf1fbfb1_4,0,primary,centre,0.3881649138850785,
bbbc041,site_b,e93e617e-ed36-43d9-bd1a-4ffd2fba64e9_28,0,primary,centre,0.6872997132737393,
bbbc041,site_b,96957ec3-de17-41cf-855b-1388814e5918_1,0,primary,centre,0.3654033041788144,
bbbc041,site_b,511b6e13-acd7-4dd3-b1d0-c4aa10a514c7_86,0,primary,centre,0.9722471225214242,
bbbc041,site_b,0864c569-2ad7-48ed-b12a-e40aa5b93756_25,0,primary,centre,0.5428959627329193,
bbbc041,site_b,b9025f55-789d-4acb-9c0a-34e877c95c5c_7,0,primary,centre,0.6003246753246754,
bbbc041,site_b,8db76867-671a-4488-a7b6-991e4dd2e05f_30,0,primary,centre,0.5769054178145088,
bbbc041,site_b,224c80b8-6c55-48cf-b719-96a47d223dc3_32,0,primary,centre,0.3920171062009979,
bbbc041,site_b,8448ac8c-fa7a-475a-9ca2-dc0174f78a39_75,0,primary,nearest,0.0031468654407369643,
bbbc041,site_b,f8ebe0c8-a90d-4a64-9f6a-f9985e38c340_1,0,primary,centre,0.4472347220206126,
bbbc041,site_b,f0ee03d6-c57b-43a0-8812-359330bdb93a_93,0,primary,centre,0.9789336889983242,
bbbc041,site_b,8448ac8c-fa7a-475a-9ca2-dc0174f78a39_42,0,primary,centre,0.6442608459132327,
bbbc041,site_b,8e1e0fd3-52fb-4ebb-82de-67bbd66fcf4d_17,0,primary,centre,0.22998078155028828,
bbbc041,site_b,d9255d7f-1282-442d-b152-73d7388526f9_22,0,primary,centre,0.7633136094674556,
bbbc041,site_b,5c399ab9-492c-4bfc-a452-83aba574a3bc_18,0,primary,centre,0.348099173553719,
bbbc041,site_b,25865b39-56fb-409a-8800-3d368dd264ed_59,0,primary,centre,0.8449164496527778,
bbbc041,site_b,446734b7-6bc9-4a66-a3a0-49f6aa90db33_3,0,primary,centre,0.37158969669257735,
bbbc041,site_b,0a3b53c7-e7ab-4135-80aa-fd2079d727d6_13,0,primary,centre,0.44907391197787194,
bbbc041,site_b,a5c8bf78-61e2-492d-bae5-0ffeea81212b_35,0,primary,centre,0.4620297098431209,
bbbc041,site_b,6040cf0d-9dd6-4798-9406-1afbbcd24d4c_41,0,primary,nearest,0.4711435772566107,
bbbc041,site_b,5c399ab9-492c-4bfc-a452-83aba574a3bc_16,0,primary,centre,0.34159197071076886,
bbbc041,site_b,8db76867-671a-4488-a7b6-991e4dd2e05f_20,0,primary,centre,0.4891349480968858,
bbbc041,site_b,9cf0b006-cb5c-47e7-b076-1dcacf1fbfb1_15,0,primary,centre,0.39929855680077403,
bbbc041,site_b,06bbcd42-3ba8-4476-8804-8455f56dd928_48,0,primary,centre,0.8616974373105539,
bbbc041,site_b,51a42643-256f-463a-bf22-7fd295caead0_50,0,primary,centre,0.5708764618900389,
bbbc041,site_b,a3548f89-1cb5-4e67-b460-482df95b10ee_38,0,primary,centre,0.27625553822925175,
bbbc041,site_b,96287315-87a1-4045-9e16-119e045bf12a_39,0,primary,centre,0.5695018365472911,
bbbc041,site_b,408745a6-79fb-4804-9c24-e2d6673f8f2e_4,0,primary,centre,0.5744921875,
bbbc041,site_b,9cf0b006-cb5c-47e7-b076-1dcacf1fbfb1_2,0,primary,centre,0.49237915517491654,
bbbc041,site_b,c11081a1-4fd9-4003-8bd9-0727eae62d0a_14,0,primary,centre,0.4580144557823129,
bbbc041,site_b,cc453255-b583-425e-bc3e-284ccf120944_36,0,primary,centre,0.2320754716981132,
bbbc041,site_b,3e03b313-66eb-471f-a97a-7b2bf20dcff5_18,0,primary,centre,0.6441181769050621,
bbbc041,site_b,8448ac8c-fa7a-475a-9ca2-dc0174f78a39_58,0,primary,centre,0.7824820691154097,
bbbc041,site_b,9cf0b006-cb5c-47e7-b076-1dcacf1fbfb1_19,0,primary,centre,0.5041568256967407,
bbbc041,site_b,a5c8bf78-61e2-492d-bae5-0ffeea81212b_9,0,primary,centre,0.785798072894847,
bbbc041,site_b,96957ec3-de17-41cf-855b-1388814e5918_6,0,primary,centre,0.5206122548779891,
bbbc041,site_b,511b6e13-acd7-4dd3-b1d0-c4aa10a514c7_20,0,primary,centre,0.834733893557423,
bbbc041,site_b,37b4142a-2c7d-400d-8f01-4e438845a484_1,0,primary,centre,0.4093997248022016,
bbbc041,site_b,efb85f8e-c780-4a19-b6ce-555a154b0d10_73,0,primary,centre,0.9473279507881583,
bbbc041,site_b,b1d312cf-1f52-4955-bf42-58d3664c254a_1,0,primary,centre,0.40026106562240416,
bbbc041,site_b,351d6536-3a5c-46eb-a6e4-d71dd999908a_3,0,primary,centre,0.6804449445983379,
bbbc041,site_b,f2b1ae99-8169-42ea-bdb4-3351175e4cb6_18,0,primary,centre,0.4772106900272964,
bbbc041,site_b,e26b88c6-5884-4b5c-94d7-ad780379c8ad_3,0,primary,centre,0.3596578147707755,
bbbc041,site_b,f08e873b-9617-42b3-9c7a-55d0e39c2663_4,0,primary,centre,0.4960963182117028,
bbbc041,site_b,6d9a2241-2cce-42b3-a11d-a3a6b432dd89_28,0,primary,centre,0.969880911087987,
bbbc041,site_b,da2197c7-7911-4be6-8bb9-164f47fd270a_3,0,primary,centre,0.4211442152618623,
bbbc041,site_b,bc820fb6-5ba8-4438-affe-e250d2ad5eb0_22,0,primary,centre,0.3013212937455362,
bbbc041,site_b,6e20a860-1f9a-4a74-b167-4c6a79bd8778_39,0,primary,centre,0.5481481481481482,
bbbc041,site_b,c70894fa-50e8-4eed-a5a8-159a20153a49_54,0,primary,centre,0.6364447086801427,
bbbc041,site_b,8448ac8c-fa7a-475a-9ca2-dc0174f78a39_72,0,primary,centre,0.4282743400390459,
bbbc041,site_b,d9ecacb0-14c7-4862-930b-18bb51d5f392_21,0,primary,centre,0.3410053929121726,
bbbc041,site_b,bc820fb6-5ba8-4438-affe-e250d2ad5eb0_49,0,primary,centre,0.6802714676218306,
bbbc041,site_b,8448ac8c-fa7a-475a-9ca2-dc0174f78a39_48,0,primary,centre,0.8043106671652155,
bbbc041,site_b,8e22f8cc-b6ef-48cb-a06d-a44cb1fb5f2f_2,0,primary,centre,0.5064201335387776,
bbbc041,site_b,010961af-b38c-49de-aca0-e3732d73d414_9,0,primary,centre,0.4197845804988662,
bbbc041,site_b,4da8f6c5-5f85-4280-92d0-1ba008e8c404_3,0,primary,centre,0.41829648526077096,
bbbc041,site_b,03be08c8-2cf3-4de6-8ac6-5f7817a6a643_51,0,primary,centre,0.8576298701298701,
bbbc041,site_b,78ae52cf-8dad-4070-a40e-9af02faec1f0_42,0,primary,centre,0.2253507986266607,
bbbc041,site_b,c11081a1-4fd9-4003-8bd9-0727eae62d0a_23,0,primary,centre,0.32669220945083016,
bbbc041,site_b,03be08c8-2cf3-4de6-8ac6-5f7817a6a643_37,0,primary,centre,0.43512102805164676,
bbbc041,site_b,96287315-87a1-4045-9e16-119e045bf12a_9,0,primary,centre,0.5318625036934896,
bbbc041,site_b,ebc4056e-d766-43cf-b6b4-5dac79d96e84_57,0,primary,centre,0.5213961038961039,
bbbc041,site_b,f0ee03d6-c57b-43a0-8812-359330bdb93a_19,0,primary,centre,0.7551967278166112,
bbbc041,site_b,8874ea02-d263-4830-99d1-e1b14230a56b_18,0,primary,centre,0.40232991052663186,
bbbc041,site_b,511b6e13-acd7-4dd3-b1d0-c4aa10a514c7_10,0,primary,centre,0.5555691218216782,
bbbc041,site_b,df4fd610-fa16-45ca-b3a3-a25a14e5c4e9_38,0,primary,centre,0.8456312349501204,
bbbc041,site_b,b910c1db-9c66-4207-892f-18a03ecc75bc_12,0,primary,centre,0.4037300975860298,
bbbc041,site_b,51c6bc6b-4f37-4ce3-b624-840b27c1584a_23,0,primary,centre,0.25566120968532496,
bbbc041,site_b,8874ea02-d263-4830-99d1-e1b14230a56b_41,0,primary,centre,0.4415997368493188,
bbbc041,site_b,511b6e13-acd7-4dd3-b1d0-c4aa10a514c7_29,0,primary,centre,0.7482014388489209,
bbbc041,site_b,df4fd610-fa16-45ca-b3a3-a25a14e5c4e9_16,0,primary,centre,0.6412152170990725,
bbbc041,site_b,06bbcd42-3ba8-4476-8804-8455f56dd928_42,0,primary,centre,0.7508902014997277,
bbbc041,site_b,25865b39-56fb-409a-8800-3d368dd264ed_36,0,primary,centre,0.7925050419773931,
bbbc041,site_b,1e647046-333b-4102-a0c6-4c29405c37b3_21,0,primary,centre,0.5702251552795031,
bbbc041,site_b,2c03b3c9-7786-4e1b-ac2b-c98e9f8358f2_0,0,primary,centre,0.4095125786163522,
bbbc041,site_b,446734b7-6bc9-4a66-a3a0-49f6aa90db33_55,0,primary,centre,0.7593368667570566,
bbbc041,site_b,5c399ab9-492c-4bfc-a452-83aba574a3bc_2,0,primary,centre,0.4280078125,
bbbc041,site_b,f0ee03d6-c57b-43a0-8812-359330bdb93a_7,0,primary,centre,0.5362329233748073,
bbbc041,site_b,bdfbad30-fa2f-4285-bf02-6064ab6d869c_0,0,primary,centre,0.4107821777948652,
bbbc041,site_b,23e581e7-0fb7-42ff-ba55-a86beefc0619_1,0,primary,centre,0.4104315039798911,
bbbc041,site_b,e6a7743e-4040-40fa-b097-ca6874c469b7_14,0,primary,centre,0.5941980783444198,
bbbc041,site_b,4da8f6c5-5f85-4280-92d0-1ba008e8c404_45,0,primary,centre,0.43151218820861675,
bbbc041,site_b,9fd32265-07f2-442b-80b5-35069891d452_7,0,primary,centre,0.3929061994444614,
bbbc041,site_b,abb72ce2-4193-4dd3-a34c-61c2ee22ccff_25,0,primary,centre,0.43322453420372636,
bbbc041,site_b,deab75c9-00bc-488c-8b20-ff4515d85212_22,0,primary,centre,0.41848040446054,
bbbc041,site_b,34950f4e-fe44-49ec-9d49-14bd4a8ce7c0_24,0,primary,centre,0.9443957648776926,
bbbc041,site_b,37a5a96b-f76e-4607-82fd-f47f7f2903c6_30,0,primary,centre,0.7078509119746234,
bbbc041,site_b,bfbf234a-cbc4-4d00-ab7f-9043d1304b41_13,0,primary,centre,0.3345374366672922,
bbbc041,site_b,604478c7-1259-441a-8ad0-7059e191c9e4_18,0,primary,centre,0.3420959357277883,
bbbc041,site_b,b1d312cf-1f52-4955-bf42-58d3664c254a_20,0,primary,centre,0.3965279429250892,
bbbc041,site_b,3ce76f1d-636a-48b9-b0e3-fc7eb791a169_10,0,primary,centre,0.33528726708074535,
bbbc041,site_b,41be1bd3-0d31-4881-bf1f-3ccdfa21ff12_45,0,primary,nearest,0.16886337868480725,
bbbc041,site_b,446734b7-6bc9-4a66-a3a0-49f6aa90db33_48,0,primary,centre,0.6511649365628605,
bbbc041,site_b,64985a1e-16bb-4016-a01c-c21a5b86e572_21,0,primary,centre,0.4129839298758218,
bbbc041,site_b,4dcd5df9-c56c-471b-8d44-fa4b1ca9a600_39,0,primary,centre,0.43296296296296294,
bbbc041,site_b,8e1e0fd3-52fb-4ebb-82de-67bbd66fcf4d_14,0,primary,centre,0.4177616961848537,
bbbc041,site_b,8298aca0-5099-4d45-88ca-ec8ac7922e77_5,0,primary,centre,0.4313364055299539,
bbbc041,site_b,2c03b3c9-7786-4e1b-ac2b-c98e9f8358f2_25,0,primary,centre,0.37094155844155846,
bbbc041,site_b,294bc238-efdb-4f88-b83b-f41fe5750106_53,0,primary,centre,0.895619253650622,
bbbc041,site_b,34950f4e-fe44-49ec-9d49-14bd4a8ce7c0_37,0,primary,centre,0.914440923494794,
bbbc041,site_b,efb85f8e-c780-4a19-b6ce-555a154b0d10_58,0,primary,centre,0.8839246961805556,
bbbc041,site_b,6e20a860-1f9a-4a74-b167-4c6a79bd8778_26,0,primary,centre,0.6348089215286278,
bbbc041,site_b,a4bd99a0-226a-4044-914b-8073d5890734_19,0,primary,centre,0.4188633786848073,
bbbc041,site_b,e6a7743e-4040-40fa-b097-ca6874c469b7_6,0,primary,centre,0.35855401429171924,
bbbc041,site_b,294bc238-efdb-4f88-b83b-f41fe5750106_20,0,primary,centre,0.8918752952290978,
bbbc041,site_b,efb85f8e-c780-4a19-b6ce-555a154b0d10_48,0,primary,centre,0.8756752398613239,
bbbc041,site_b,23e581e7-0fb7-42ff-ba55-a86beefc0619_41,0,primary,centre,0.40080856123662306,
bbbc041,site_b,ef55f2ac-5a04-4986-99ab-0d2b5052ab3e_16,0,primary,centre,0.43215077605321506,
bbbc041,site_b,f0ee03d6-c57b-43a0-8812-359330bdb93a_84,0,primary,nearest,0.20817016731933072,
bbbc041,site_b,3e03b313-66eb-471f-a97a-7b2bf20dcff5_58,0,primary,centre,0.6658250220931701,
bbbc041,site_b,c70894fa-50e8-4eed-a5a8-159a20153a49_43,0,primary,centre,0.8033095521204915,
bbbc041,site_b,f0ee03d6-c57b-43a0-8812-359330bdb93a_85,0,primary,centre,0.9828369289894314,
bbbc041,site_b,e26b88c6-5884-4b5c-94d7-ad780379c8ad_51,0,primary,centre,0.2543116525473173,
bbbc041,site_b,96afe167-6a2f-4770-aa74-e083fbd5e926_8,0,primary,centre,0.4914362564771963,
bbbc041,site_b,511b6e13-acd7-4dd3-b1d0-c4aa10a514c7_14,0,primary,centre,0.4307433038115386,
bbbc041,site_b,96957ec3-de17-41cf-855b-1388814e5918_4,0,primary,centre,0.44714101856959,
bbbc041,site_b,03be08c8-2cf3-4de6-8ac6-5f7817a6a643_11,0,primary,centre,0.4098750743604997,
bbbc041,site_b,51f6463c-1622-4c0d-8482-b864e0ed2e74_18,0,primary,centre,0.8751333638164914,
bbbc041,site_b,6040cf0d-9dd6-4798-9406-1afbbcd24d4c_39,0,primary,nearest,0.38691525993113296,
bbbc041,site_b,887cc81a-bae3-4360-a115-23ae05ac3a4f_23,0,primary,centre,0.39637119113573405,
bbbc041,site_b,efb85f8e-c780-4a19-b6ce-555a154b0d10_39,0,primary,centre,0.9154798761609907,
bbbc041,site_b,df4fd610-fa16-45ca-b3a3-a25a14e5c4e9_35,0,primary,centre,0.8067536506219578,
bbbc041,site_b,511b6e13-acd7-4dd3-b1d0-c4aa10a514c7_54,0,primary,centre,0.8035875961973744,
bbbc041,site_b,aa57ec7c-8f35-4990-a790-62efc9df8fe8_0,0,primary,centre,0.47732735138599586,
bbbc041,site_b,294bc238-efdb-4f88-b83b-f41fe5750106_57,0,primary,centre,0.5587650614629397,
bbbc041,site_b,010961af-b38c-49de-aca0-e3732d73d414_28,0,primary,centre,0.47958579881656804,
bbbc041,site_b,55078c19-bfaf-4988-a779-767e1c6d22f6_9,0,primary,centre,0.3657794468353389,
bbbc041,site_b,0346611b-ea43-45bd-9f16-c6e8086273d2_41,0,primary,centre,0.6958019548149335,
bbbc041,site_b,37a5a96b-f76e-4607-82fd-f47f7f2903c6_56,0,primary,centre,0.7140420857902647,
bbbc041,site_b,0a3b53c7-e7ab-4135-80aa-fd2079d727d6_20,0,primary,centre,0.46565398575077294,
bbbc041,site_b,c8d1b7ec-be9f-4c88-a39b-2c6bf46b2998_45,0,primary,centre,0.49488103137738176,
bbbc041,site_b,55078c19-bfaf-4988-a779-767e1c6d22f6_29,0,primary,centre,0.3639051649305556,
bbbc041,site_b,f070a212-e4e2-4743-804c-80789a36f495_8,0,primary,centre,0.3324382716049383,
bbbc041,site_b,efb85f8e-c780-4a19-b6ce-555a154b0d10_3,0,primary,centre,0.5749610158164402,
bbbc041,site_b,c70894fa-50e8-4eed-a5a8-159a20153a49_16,0,primary,centre,0.4501188320507017,
bbbc041,site_b,408745a6-79fb-4804-9c24-e2d6673f8f2e_21,0,primary,centre,0.388525564803805,
bbbc041,site_b,d9ecacb0-14c7-4862-930b-18bb51d5f392_34,0,primary,centre,0.6169684345457459,
bbbc041,site_b,bc820fb6-5ba8-4438-affe-e250d2ad5eb0_27,0,primary,centre,0.5494337779677055,
bbbc041,site_b,e26b88c6-5884-4b5c-94d7-ad780379c8ad_49,0,primary,centre,0.42690567351200837,
bbbc041,site_b,9fd32265-07f2-442b-80b5-35069891d452_30,0,primary,centre,0.43544809228039044,
bbbc041,site_b,5c399ab9-492c-4bfc-a452-83aba574a3bc_32,0,primary,centre,0.43942396617783064,
bbbc041,site_b,738b7be5-59b5-4d8c-8769-cbf2385b9fc7_13,0,primary,centre,0.6638072896607262,
bbbc041,site_b,e02301ac-68f7-4daf-b2ba-254b917f1cca_42,0,primary,centre,0.5517404622667781,
bbbc041,site_b,f8ebe0c8-a90d-4a64-9f6a-f9985e38c340_29,0,primary,centre,0.6317887129344245,
bbbc041,site_b,a4bd99a0-226a-4044-914b-8073d5890734_27,0,primary,centre,0.3867216692075449,
bbbc041,site_b,e6a7743e-4040-40fa-b097-ca6874c469b7_25,0,primary,centre,0.4027613412228797,
bbbc041,site_b,f0ee03d6-c57b-43a0-8812-359330bdb93a_98,0,primary,nearest,0.01938280272274961,
bbbc041,site_b,3ce76f1d-636a-48b9-b0e3-fc7eb791a169_20,0,primary,centre,0.35963493177863926,
bbbc041,site_b,cc453255-b583-425e-bc3e-284ccf120944_8,0,primary,centre,0.47678801250229824,
bbbc041,site_b,c3631a04-b757-407b-8e7e-1ed3a6c463d4_13,0,primary,centre,0.4262045324700057,
bbbc041,site_b,0346611b-ea43-45bd-9f16-c6e8086273d2_11,0,primary,centre,0.5703527546571542,
bbbc041,site_b,df4fd610-fa16-45ca-b3a3-a25a14e5c4e9_46,0,primary,centre,0.7424058769513315,
bbbc041,site_b,34950f4e-fe44-49ec-9d49-14bd4a8ce7c0_13,0,primary,centre,0.410680469637672,
bbbc041,site_b,b9025f55-789d-4acb-9c0a-34e877c95c5c_83,0,primary,nearest,0.21360544217687075,
bbbc041,site_b,623982a0-1f73-4246-92cb-28f7c219efaf_51,0,primary,centre,0.2712897558177059,
bbbc041,site_b,bfbf234a-cbc4-4d00-ab7f-9043d1304b41_15,0,primary,centre,0.4218099345627603,
bbbc041,site_b,51a42643-256f-463a-bf22-7fd295caead0_24,0,primary,centre,0.47380612972202424,
bbbc041,site_b,a4bd99a0-226a-4044-914b-8073d5890734_25,0,primary,centre,0.613359375,
bbbc041,site_b,47112c6b-aaf6-488d-8f3b-f9ed0cce9a95_6,0,primary,centre,0.43448252413980687,
bbbc041,site_b,37b4142a-2c7d-400d-8f01-4e438845a484_36,0,primary,centre,0.6175952139308798,
bbbc041,site_b,c328260d-bafa-4aaa-9e7a-79bc165d7fdb_24,0,primary,centre,0.5532129781593234,
bbbc041,site_b,a3548f89-1cb5-4e67-b460-482df95b10ee_9,0,primary,centre,0.4283288382778943,
bbbc041,site_b,abb72ce2-4193-4dd3-a34c-61c2ee22ccff_15,0,primary,centre,0.43518848146829636,
bbbc041,site_b,cea1cd9b-9b03-407b-ad8d-348155567dab_47,0,primary,centre,0.9410366681756451,
bbbc041,site_b,087602a2-288b-4a4d-b01a-524f0d799d89_10,0,primary,centre,0.4113519091847265,
bbbc041,site_b,e02301ac-68f7-4daf-b2ba-254b917f1cca_0,0,primary,centre,0.6414365548980934,
bbbc041,site_b,a5c8bf78-61e2-492d-bae5-0ffeea81212b_4,0,primary,centre,0.5491896131056118,
bbbc041,site_b,604478c7-1259-441a-8ad0-7059e191c9e4_24,0,primary,centre,0.5973378941106484,
bbbc041,site_b,37a5a96b-f76e-4607-82fd-f47f7f2903c6_33,0,primary,centre,0.4012749372440217,
bbbc041,site_b,f0ee03d6-c57b-43a0-8812-359330bdb93a_13,0,primary,centre,0.8618390129259694,
bbbc041,site_b,1b814efc-7bf9-40ae-8e13-49dc2c04732f_4,0,primary,centre,0.41028911564625853,
bbbc041,site_b,55078c19-bfaf-4988-a779-767e1c6d22f6_8,0,primary,centre,0.39867589729802394,
bbbc041,site_b,d9255d7f-1282-442d-b152-73d7388526f9_41,0,primary,centre,0.7900355871886121,
bbbc041,site_b,f8ebe0c8-a90d-4a64-9f6a-f9985e38c340_31,0,primary,centre,0.39855521155830753,
bbbc041,site_b,cea1cd9b-9b03-407b-ad8d-348155567dab_16,0,primary,centre,0.9240110079119367,
bbbc041,site_b,c6807595-100a-4aa1-a5f6-882a20ca3d32_21,0,primary,centre,0.4307588597842835,
bbbc041,site_b,47112c6b-aaf6-488d-8f3b-f9ed0cce9a95_2,0,primary,centre,0.42360770863955577,
bbbc041,site_b,bfbf234a-cbc4-4d00-ab7f-9043d1304b41_25,0,primary,centre,0.5639404884760922,
bbbc041,site_b,15625643-d964-4b14-9839-c126384ae35b_32,0,primary,centre,0.319921875,
bbbc041,site_b,e02301ac-68f7-4daf-b2ba-254b917f1cca_21,0,primary,centre,0.8262425252426233,
bbbc041,site_b,0e0bc36f-6fb2-4763-b0a1-b4c67b2d2d2a_5,0,primary,centre,0.5972147106544078,
bbbc041,site_b,96957ec3-de17-41cf-855b-1388814e5918_56,0,primary,centre,0.6492039034411916,
bbbc041,site_b,2c03b3c9-7786-4e1b-ac2b-c98e9f8358f2_8,0,primary,centre,0.4069750148720999,
bbbc041,site_b,738b7be5-59b5-4d8c-8769-cbf2385b9fc7_23,0,primary,centre,0.4713649276859504,
bbbc041,site_b,d9255d7f-1282-442d-b152-73d7388526f9_15,0,primary,centre,0.7274973894883398,
bbbc041,site_b,9cf3f75a-354c-46f9-8b53-0a9711ac8bee_30,0,primary,centre,0.43404571280991733,
bbbc041,site_b,294bc238-efdb-4f88-b83b-f41fe5750106_25,0,primary,centre,0.7963261880165289,
bbbc041,site_b,3e03b313-66eb-471f-a97a-7b2bf20dcff5_56,0,primary,centre,0.646284326801409,
bbbc041,site_b,baab0701-3fd4-4940-8b90-b9c42d95888f_44,0,primary,centre,0.7465325407712239,
bbbc041,site_b,8874ea02-d263-4830-99d1-e1b14230a56b_7,0,primary,centre,0.3987628447809627,
bbbc041,site_b,54c88d45-30c3-46f8-8fef-b3e9c07781f2_8,0,primary,centre,0.32834304294811,
bbbc041,site_b,3e03b313-66eb-471f-a97a-7b2bf20dcff5_44,0,primary,centre,0.44986127625842254,
bbbc041,site_b,cea1cd9b-9b03-407b-ad8d-348155567dab_35,0,primary,centre,0.4817206615721307,
bbbc041,site_b,4b3de416-ac61-43eb-80d0-36b81c4baf82_12,0,primary,centre,0.5003783969728243,
bbbc041,site_b,b910c1db-9c66-4207-892f-18a03ecc75bc_14,0,primary,centre,0.4473968654296523,
bbbc041,site_b,bc820fb6-5ba8-4438-affe-e250d2ad5eb0_28,0,primary,centre,0.3570940948913415,
bbbc041,site_b,511b6e13-acd7-4dd3-b1d0-c4aa10a514c7_77,0,primary,centre,0.7834612939508044,
bbbc041,site_b,ebb53337-1d4f-4ab5-9b6d-83a66f48fe2e_9,0,primary,centre,0.3707101765522714,
bbbc041,site_b,c328260d-bafa-4aaa-9e7a-79bc165d7fdb_15,0,primary,centre,0.4429639889196676,
bbbc041,site_b,f2b1ae99-8169-42ea-bdb4-3351175e4cb6_5,0,primary,centre,0.3829482206105583,
bbbc041,site_b,25865b39-56fb-409a-8800-3d368dd264ed_53,0,primary,centre,0.8545900283553876,
bbbc041,site_b,a612e0d5-6a95-43cc-96a6-6fbcb8d45ff4_23,0,primary,centre,0.3709332432736688,
bbbc041,site_b,623982a0-1f73-4246-92cb-28f7c219efaf_45,0,primary,centre,0.3817800681282208,
bbbc041,site_b,51f6463c-1622-4c0d-8482-b864e0ed2e74_1,0,primary,centre,0.5915858725761773,
bbbc041,site_b,c11081a1-4fd9-4003-8bd9-0727eae62d0a_36,0,primary,centre,0.38342566943674977,
bbbc041,site_b,9cf0b006-cb5c-47e7-b076-1dcacf1fbfb1_20,0,primary,centre,0.7837452140619562,
bbbc041,site_b,0a3b53c7-e7ab-4135-80aa-fd2079d727d6_27,0,primary,nearest,0.2596076323568933,
bbbc041,site_b,37a5a96b-f76e-4607-82fd-f47f7f2903c6_1,0,primary,centre,0.4252714832716088,
bbbc041,site_b,4da8f6c5-5f85-4280-92d0-1ba008e8c404_27,0,primary,centre,0.476340599291419,
bbbc041,site_b,e93e617e-ed36-43d9-bd1a-4ffd2fba64e9_5,0,primary,centre,0.6431903931193963,
bbbc041,site_b,c6807595-100a-4aa1-a5f6-882a20ca3d32_33,0,primary,centre,0.3295348527255764,
bbbc041,site_b,0897f682-5301-49fc-a8d5-9df7762040bb_19,0,primary,centre,0.4361439842209073,
bbbc041,site_b,511b6e13-acd7-4dd3-b1d0-c4aa10a514c7_60,0,primary,centre,0.9725098619329389,
bbbc041,site_b,e6a7743e-4040-40fa-b097-ca6874c469b7_18,0,primary,centre,0.4015965827527047,
bbbc041,site_b,f2b1ae99-8169-42ea-bdb4-3351175e4cb6_2,0,primary,centre,0.4112722320141003,
bbbc041,site_b,b9025f55-789d-4acb-9c0a-34e877c95c5c_78,0,primary,centre,0.3714808736270673,
bbbc041,site_b,64985a1e-16bb-4016-a01c-c21a5b86e572_4,0,primary,centre,0.40329218106995884,
bbbc041,site_b,c6807595-100a-4aa1-a5f6-882a20ca3d32_2,0,primary,centre,0.4209842344653056,
bbbc041,site_b,df4fd610-fa16-45ca-b3a3-a25a14e5c4e9_11,0,primary,centre,0.6011394977500363,
bbbc041,site_b,623982a0-1f73-4246-92cb-28f7c219efaf_4,0,primary,centre,0.3450679679330777,
bbbc041,site_b,5bfde411-aa51-45d0-8b67-a57c5f1e628b_31,0,primary,centre,0.4797385620915033,
bbbc041,site_b,54c88d45-30c3-46f8-8fef-b3e9c07781f2_11,0,primary,centre,0.3391623099573343,
bbbc041,site_b,e93e617e-ed36-43d9-bd1a-4ffd2fba64e9_14,0,primary,centre,0.46710743801652893,
bbbc041,site_b,41be1bd3-0d31-4881-bf1f-3ccdfa21ff12_57,0,primary,centre,0.5545159066285826,
bbbc041,site_b,5a2447bf-a92b-4a47-a384-4b2ff020ecdc_36,0,primary,centre,0.4677302153520941,
bbbc041,site_b,6e20a860-1f9a-4a74-b167-4c6a79bd8778_0,0,primary,centre,0.4820779220779221,
bbbc041,site_b,6040cf0d-9dd6-4798-9406-1afbbcd24d4c_9,0,primary,centre,0.36620386851785924,
bbbc041,site_b,8db76867-671a-4488-a7b6-991e4dd2e05f_5,0,primary,centre,0.34536734086853066,
bbbc041,site_b,47112c6b-aaf6-488d-8f3b-f9ed0cce9a95_14,0,primary,centre,0.42068052685950413,
bbbc041,site_b,edea6ca9-3d52-4b4f-bec3-93799b1c26e3_9,0,primary,centre,0.37125347122474384,
bbbc041,site_b,c736848a-437c-4121-b99f-58f186eb3a1d_14,0,primary,centre,0.4232087646189004,
bbbc041,site_b,9fd32265-07f2-442b-80b5-35069891d452_2,0,primary,centre,0.43625390218522375,
bbbc041,site_b,cc453255-b583-425e-bc3e-284ccf120944_5,0,primary,centre,0.34835555555555553,
bbbc041,site_b,887cc81a-bae3-4360-a115-23ae05ac3a4f_9,0,primary,centre,0.46234376243929626,
bbbc041,site_b,cea1cd9b-9b03-407b-ad8d-348155567dab_43,0,primary,centre,0.6650482230149293,
bbbc041,site_b,ebc4056e-d766-43cf-b6b4-5dac79d96e84_5,0,primary,centre,0.6192829794639749,
bbbc041,site_b,8e22f8cc-b6ef-48cb-a06d-a44cb1fb5f2f_9,0,primary,centre,0.49636627906976744,
bbbc041,site_b,bfbf234a-cbc4-4d00-ab7f-9043d1304b41_39,0,primary,centre,0.40547279383916174,
bbbc041,site_b,74bf1267-d98b-4532-a81d-9d8df63e0f75_33,0,primary,centre,0.3376081529359461,
bbbc041,site_b,d1394e1a-dedd-4458-a024-044dae2cd69d_32,0,primary,centre,0.521515353103883,
bbbc041,site_b,224c80b8-6c55-48cf-b719-96a47d223dc3_25,0,primary,centre,0.4081330757154933,
bbbc041,site_b,e6a7743e-4040-40fa-b097-ca6874c469b7_27,0,primary,centre,0.6185632549268912,
bbbc041,site_b,e93e617e-ed36-43d9-bd1a-4ffd2fba64e9_18,0,primary,centre,0.43172258130706886,
bbbc041,site_b,a612e0d5-6a95-43cc-96a6-6fbcb8d45ff4_11,0,primary,centre,0.5831425598335067,
bbbc041,site_b,7d16d1e8-4abf-46fc-81bc-d71bd08ed6f2_9,0,primary,centre,0.4425293252624739,
bbbc041,site_b,6d9a2241-2cce-42b3-a11d-a3a6b432dd89_12,0,primary,centre,0.5007506098705198,
bbbc041,site_b,0346611b-ea43-45bd-9f16-c6e8086273d2_28,0,primary,centre,0.6376774059877758,
bbbc041,site_b,5a2447bf-a92b-4a47-a384-4b2ff020ecdc_22,0,primary,centre,0.4196422428620571,
bbbc041,site_b,4dcd5df9-c56c-471b-8d44-fa4b1ca9a600_3,0,primary,centre,0.4128243043419815,
bbbc041,site_b,5bfde411-aa51-45d0-8b67-a57c5f1e628b_23,0,primary,centre,0.5588405238828967,
bbbc041,site_b,96287315-87a1-4045-9e16-119e045bf12a_5,0,primary,centre,0.4482145449266947,
bbbc041,site_b,37df4ffb-f268-4557-94d6-bf68d005feae_1,0,primary,centre,0.4064167785025436,
bbbc041,site_b,41be1bd3-0d31-4881-bf1f-3ccdfa21ff12_32,0,primary,nearest,0.5865210502489815,
bbbc041,site_b,294bc238-efdb-4f88-b83b-f41fe5750106_23,0,primary,centre,0.743064055487556,
bbbc041,site_b,351d6536-3a5c-46eb-a6e4-d71dd999908a_34,0,primary,centre,0.8436419753086419,
bbbc041,site_b,b47c1011-0cc6-400d-9300-1c72f873a6e5_8,0,primary,centre,0.34605661496207984,
bbbc041,site_b,3ce76f1d-636a-48b9-b0e3-fc7eb791a169_3,0,primary,centre,0.41714225692377715,
bbbc041,site_b,51f6463c-1622-4c0d-8482-b864e0ed2e74_22,0,primary,centre,0.5328673408685306,
bbbc041,site_b,e93e617e-ed36-43d9-bd1a-4ffd2fba64e9_37,0,primary,centre,0.7259183051364121,
bbbc041,site_b,5bfde411-aa51-45d0-8b67-a57c5f1e628b_36,0,primary,centre,0.301100970592496,
bbbc041,site_b,5bfde411-aa51-45d0-8b67-a57c5f1e628b_12,0,primary,centre,0.5306093528578176,
bbbc041,site_b,c11081a1-4fd9-4003-8bd9-0727eae62d0a_25,0,primary,centre,0.5596821877309682,
bbbc041,site_b,78ae52cf-8dad-4070-a40e-9af02faec1f0_8,0,primary,centre,0.3764919120413119,
bbbc041,site_b,bfbf234a-cbc4-4d00-ab7f-9043d1304b41_28,0,primary,centre,0.4164039823975531,
bbbc041,site_b,446734b7-6bc9-4a66-a3a0-49f6aa90db33_8,0,primary,centre,0.6048098046016881,
bbbc041,site_b,0897f682-5301-49fc-a8d5-9df7762040bb_4,0,primary,centre,0.36699306405548754,
bbbc041,site_b,a3548f89-1cb5-4e67-b460-482df95b10ee_34,0,primary,centre,0.23036649214659685,
bbbc041,site_b,f08e873b-9617-42b3-9c7a-55d0e39c2663_20,0,primary,centre,0.41424303061867823,
bbbc041,site_b,887cc81a-bae3-4360-a115-23ae05ac3a4f_5,0,primary,centre,0.40465561224489793,
bbbc041,site_b,f070a212-e4e2-4743-804c-80789a36f495_5,0,primary,centre,0.43743579866461224,
bbbc041,site_b,224c80b8-6c55-48cf-b719-96a47d223dc3_24,0,primary,centre,0.4232065001981768,
bbbc041,site_b,604478c7-1259-441a-8ad0-7059e191c9e4_62,0,primary,centre,0.406951871657754,
bbbc041,site_b,d9255d7f-1282-442d-b152-73d7388526f9_36,0,primary,centre,0.7068956163194444,
bbbc041,site_b,bc820fb6-5ba8-4438-affe-e250d2ad5eb0_36,0,primary,centre,0.5491036014596224,
bbbc041,site_b,a4bd99a0-226a-4044-914b-8073d5890734_20,0,primary,centre,0.5067094726210231,
bbbc041,site_b,df4fd610-fa16-45ca-b3a3-a25a14e5c4e9_62,0,primary,centre,0.9551203590371277,
bbbc041,site_b,b9025f55-789d-4acb-9c0a-34e877c95c5c_16,0,primary,centre,0.7664312094374126,
bbbc041,site_b,a1265844-329c-4a49-a37f-e0541b83a50c_26,0,primary,centre,0.3097059461805556,
bbbc041,site_b,deab75c9-00bc-488c-8b20-ff4515d85212_57,0,primary,centre,0.8001447950007621,
bbbc041,site_b,96957ec3-de17-41cf-855b-1388814e5918_12,0,primary,centre,0.3462603878116344,
bbbc041,site_b,03be08c8-2cf3-4de6-8ac6-5f7817a6a643_19,0,primary,centre,0.5483551327784384,
bbbc041,site_b,a4bd99a0-226a-4044-914b-8073d5890734_60,0,primary,centre,0.399124624469077,
bbbc041,site_b,1b814efc-7bf9-40ae-8e13-49dc2c04732f_23,0,primary,centre,0.32142084775086505,
bbbc041,site_b,dea9006d-c360-4118-b77b-8bc959fa5f8a_19,0,primary,centre,0.4282393430745079,
bbbc041,site_b,3e03b313-66eb-471f-a97a-7b2bf20dcff5_48,0,primary,centre,0.3934472612041648,
bbbc041,site_b,25865b39-56fb-409a-8800-3d368dd264ed_34,0,primary,centre,0.917644843387107,
bbbc041,site_b,74bf1267-d98b-4532-a81d-9d8df63e0f75_24,0,primary,centre,0.3443405230005726,
bbbc041,site_b,351d6536-3a5c-46eb-a6e4-d71dd999908a_37,0,primary,centre,0.7673992673992674,
bbbc041,site_b,087602a2-288b-4a4d-b01a-524f0d799d89_19,0,primary,centre,0.5024243918474688,
bbbc041,site_b,51c6bc6b-4f37-4ce3-b624-840b27c1584a_25,0,primary,centre,0.29833419964852353,
bbbc041,site_b,c8d1b7ec-be9f-4c88-a39b-2c6bf46b2998_7,0,primary,centre,0.3910366279438837,
bbbc041,site_b,c70894fa-50e8-4eed-a5a8-159a20153a49_3,0,primary,centre,0.4540345067967933,
bbbc041,site_b,2c03b3c9-7786-4e1b-ac2b-c98e9f8358f2_6,0,primary,centre,0.4131229995427526,
bbbc041,site_b,291fe50c-2134-4708-bfa4-09b36ffea123_4,0,primary,centre,0.3786638186780586,
bbbc041,site_b,3147f1e4-6fc4-4eff-a9dd-ddeee5e2de13_17,0,primary,centre,0.3563218390804598,
bbbc041,site_b,ef55f2ac-5a04-4986-99ab-0d2b5052ab3e_11,0,primary,centre,0.35055631763450695,
bbbc041,site_b,efb85f8e-c780-4a19-b6ce-555a154b0d10_9,0,primary,centre,0.42310376492194673,
bbbc041,site_b,f2b1ae99-8169-42ea-bdb4-3351175e4cb6_30,0,primary,centre,0.3995075962289077,
bbbc041,site_b,c70894fa-50e8-4eed-a5a8-159a20153a49_42,0,primary,centre,0.6932428509217593,
bbbc041,site_b,a6e72060-5bde-490c-bdd7-7d9cb0fce7fc_16,0,primary,centre,0.6052445074415308,
bbbc041,site_b,e02301ac-68f7-4daf-b2ba-254b917f1cca_47,0,primary,centre,0.6211208767361112,
bbbc041,site_b,a612e0d5-6a95-43cc-96a6-6fbcb8d45ff4_42,0,primary,centre,0.5537109375,
bbbc041,site_b,bc820fb6-5ba8-4438-affe-e250d2ad5eb0_12,0,primary,centre,0.34279325765393875,
bbbc041,site_b,6e20a860-1f9a-4a74-b167-4c6a79bd8778_12,0,primary,centre,0.5144912131519275,
bbbc041,site_b,010961af-b38c-49de-aca0-e3732d73d414_42,0,primary,centre,0.7119666048237476,
bbbc041,site_b,623982a0-1f73-4246-92cb-28f7c219efaf_16,0,primary,centre,0.5237301892434534,
bbbc041,site_b,8db76867-671a-4488-a7b6-991e4dd2e05f_22,0,primary,centre,0.5054427112557514,
bbbc041,site_b,a1265844-329c-4a49-a37f-e0541b83a50c_29,0,primary,centre,0.4126348764357814,
bbbc041,site_b,23e581e7-0fb7-42ff-ba55-a86beefc0619_18,0,primary,centre,0.34295710547275005,
bbbc041,site_b,91fd0c2e-8e9c-452d-97ab-304b05a049b3_27,0,primary,centre,0.34642090645120566,
bbbc041,site_b,e93e617e-ed36-43d9-bd1a-4ffd2fba64e9_19,0,primary,centre,0.672229843011736,
bbbc041,site_b,f8ebe0c8-a90d-4a64-9f6a-f9985e38c340_54,0,primary,centre,0.6588553574150282,
bbbc041,site_b,8874ea02-d263-4830-99d1-e1b14230a56b_25,0,primary,centre,0.36799382716049384,
bbbc041,site_b,e26b88c6-5884-4b5c-94d7-ad780379c8ad_60,0,primary,centre,0.18867045741233093,
bbbc041,site_b,c6807595-100a-4aa1-a5f6-882a20ca3d32_1,0,primary,centre,0.41188282118397934,
bbbc041,site_b,64985a1e-16bb-4016-a01c-c21a5b86e572_52,0,primary,centre,0.5888637506284565,
bbbc041,site_b,351d6536-3a5c-46eb-a6e4-d71dd999908a_21,0,primary,centre,0.4466015625,
bbbc041,site_b,c3631a04-b757-407b-8e7e-1ed3a6c463d4_11,0,primary,centre,0.37997096326221436,
bbbc041,site_b,d9255d7f-1282-442d-b152-73d7388526f9_9,0,primary,centre,0.5493663424697908,
bbbc041,site_b,1e647046-333b-4102-a0c6-4c29405c37b3_35,0,primary,centre,0.7425023120623596,
bbbc041,site_b,b9025f55-789d-4acb-9c0a-34e877c95c5c_73,0,primary,centre,0.9279503105590062,
bbbc041,site_b,51a42643-256f-463a-bf22-7fd295caead0_49,0,primary,centre,0.8375840684775963,
bbbc041,site_b,37df4ffb-f268-4557-94d6-bf68d005feae_22,0,primary,centre,0.25965898784690733,
bbbc041,site_b,96287315-87a1-4045-9e16-119e045bf12a_0,0,primary,centre,0.5036895231465367,
bbbc041,site_b,291fe50c-2134-4708-bfa4-09b36ffea123_5,0,primary,centre,0.35657014810405796,
bbbc041,site_b,aa57ec7c-8f35-4990-a790-62efc9df8fe8_18,0,primary,centre,0.33891531245871315,
bbbc041,site_b,351d6536-3a5c-46eb-a6e4-d71dd999908a_24,0,primary,centre,0.7272914218566392,
bbbc041,site_b,a5c8bf78-61e2-492d-bae5-0ffeea81212b_43,0,primary,centre,0.5326948307530832,
bbbc041,site_b,51a42643-256f-463a-bf22-7fd295caead0_29,0,primary,centre,0.840954122847127,
bbbc041,site_b,b47c1011-0cc6-400d-9300-1c72f873a6e5_28,0,primary,centre,0.22141698215251487,
bbbc041,site_b,78ae52cf-8dad-4070-a40e-9af02faec1f0_19,0,primary,centre,0.4039446366782007,
bbbc041,site_b,6d9a2241-2cce-42b3-a11d-a3a6b432dd89_11,0,primary,centre,0.421455938697318,
bbbc041,site_b,3e03b313-66eb-471f-a97a-7b2bf20dcff5_47,0,primary,centre,0.5451570287635862,
bbbc041,site_b,df4fd610-fa16-45ca-b3a3-a25a14e5c4e9_13,0,primary,centre,0.3828746370407777,
bbbc041,site_b,e02301ac-68f7-4daf-b2ba-254b917f1cca_27,0,primary,centre,0.813063395891828,
bbbc041,site_b,9cf0b006-cb5c-47e7-b076-1dcacf1fbfb1_37,0,primary,centre,0.5505906522855676,
bbbc041,site_b,0864c569-2ad7-48ed-b12a-e40aa5b93756_42,0,primary,centre,0.5042327331362537,
bbbc041,site_b,cc453255-b583-425e-bc3e-284ccf120944_19,0,primary,centre,0.3560637204522097,
bbbc041,site_b,23e581e7-0fb7-42ff-ba55-a86beefc0619_5,0,primary,centre,0.40613451589061345,
bbbc041,site_b,e26b88c6-5884-4b5c-94d7-ad780379c8ad_6,0,primary,centre,0.39801313892004486,
bbbc041,site_b,f0ee03d6-c57b-43a0-8812-359330bdb93a_86,0,primary,centre,0.9701614769712831,
bbbc041,site_b,8111cff9-4c04-448e-990b-9d5010f7be56_13,0,primary,centre,0.567108938547486,
bbbc041,site_b,06bbcd42-3ba8-4476-8804-8455f56dd928_39,0,primary,centre,0.8604403164774682,
bbbc041,site_b,1e647046-333b-4102-a0c6-4c29405c37b3_10,0,primary,centre,0.4738878143133462,
bbbc041,site_b,bc820fb6-5ba8-4438-affe-e250d2ad5eb0_39,0,primary,centre,0.49269679443191844,
bbbc041,site_b,c736848a-437c-4121-b99f-58f186eb3a1d_20,0,primary,centre,0.4443328911040195,
bbbc041,site_b,a3548f89-1cb5-4e67-b460-482df95b10ee_28,0,primary,centre,0.32059315953121265,
bbbc041,site_b,abb72ce2-4193-4dd3-a34c-61c2ee22ccff_32,0,primary,centre,0.36240094660977445,
bbbc041,site_b,15625643-d964-4b14-9839-c126384ae35b_8,0,primary,centre,0.39216061795780266,
bbbc041,site_b,c70894fa-50e8-4eed-a5a8-159a20153a49_37,0,primary,centre,0.5877653893801529,
bbbc041,site_b,e26b88c6-5884-4b5c-94d7-ad780379c8ad_55,0,primary,centre,0.4665964727559884,
bbbc041,site_b,511b6e13-acd7-4dd3-b1d0-c4aa10a514c7_27,0,primary,centre,0.6581075404326822,
bbbc041,site_b,294bc238-efdb-4f88-b83b-f41fe5750106_12,0,primary,centre,0.6794736842105263,
bbbc041,site_b,6d9a2241-2cce-42b3-a11d-a3a6b432dd89_13,0,primary,centre,0.44188271604938273,
bbbc041,site_b,f0ee03d6-c57b-43a0-8812-359330bdb93a_30,0,primary,centre,0.9361328125,
bbbc041,site_b,a6e72060-5bde-490c-bdd7-7d9cb0fce7fc_9,0,primary,centre,0.7430268595041323,
bbbc041,site_b,ebc4056e-d766-43cf-b6b4-5dac79d96e84_33,0,primary,centre,0.7375565610859729,
bbbc041,site_b,8111cff9-4c04-448e-990b-9d5010f7be56_42,0,primary,centre,0.8999704690058794,
bbbc041,site_b,41be1bd3-0d31-4881-bf1f-3ccdfa21ff12_22,0,primary,centre,0.7333161334709323,
bbbc041,site_b,887cc81a-bae3-4360-a115-23ae05ac3a4f_2,0,primary,centre,0.33396416470803697,
bbbc041,site_b,06bbcd42-3ba8-4476-8804-8455f56dd928_29,0,primary,centre,0.7822222222222223,
bbbc041,site_b,bc820fb6-5ba8-4438-affe-e250d2ad5eb0_37,0,primary,centre,0.30962376448081624,
bbbc041,site_b,6d9a2241-2cce-42b3-a11d-a3a6b432dd89_7,0,primary,centre,0.6439200680272109,
bbbc041,site_b,408745a6-79fb-4804-9c24-e2d6673f8f2e_25,0,primary,centre,0.335960737656157,
bbbc041,site_b,604478c7-1259-441a-8ad0-7059e191c9e4_39,0,primary,centre,0.3442657977672133,
bbbc041,site_b,bfbf234a-cbc4-4d00-ab7f-9043d1304b41_38,0,primary,centre,0.3014824120603015,
bbbc041,site_b,bfbf234a-cbc4-4d00-ab7f-9043d1304b41_27,0,primary,centre,0.27257031467557785,
bbbc041,site_b,b9025f55-789d-4acb-9c0a-34e877c95c5c_12,0,primary,centre,0.5423371069871988,
bbbc041,site_b,78ae52cf-8dad-4070-a40e-9af02faec1f0_15,0,primary,centre,0.4273369428807057,
bbbc041,site_b,8111cff9-4c04-448e-990b-9d5010f7be56_24,0,primary,centre,0.4328874848769996,
bbbc041,site_b,a5c8bf78-61e2-492d-bae5-0ffeea81212b_49,0,primary,centre,0.5933762370226459,
bbbc041,site_b,8db76867-671a-4488-a7b6-991e4dd2e05f_35,0,primary,centre,0.45867768595041325,
bbbc041,site_b,74bf1267-d98b-4532-a81d-9d8df63e0f75_1,0,primary,centre,0.39068736141906873,
bbbc041,site_b,1b814efc-7bf9-40ae-8e13-49dc2c04732f_18,0,primary,centre,0.39367419738406656,
bbbc041,site_b,a4bd99a0-226a-4044-914b-8073d5890734_26,0,primary,centre,0.4706922344621243,
bbbc041,site_b,c328260d-bafa-4aaa-9e7a-79bc165d7fdb_21,0,primary,centre,0.3829606222654351,
bbbc041,site_b,74bf1267-d98b-4532-a81d-9d8df63e0f75_22,0,primary,centre,0.34172640382317804,
bbbc041,site_b,51c6bc6b-4f37-4ce3-b624-840b27c1584a_0,0,primary,centre,0.47364092797783935,
bbbc041,site_b,623982a0-1f73-4246-92cb-28f7c219efaf_32,0,primary,centre,0.3958227066498429,
bbbc041,site_b,351d6536-3a5c-46eb-a6e4-d71dd999908a_13,0,primary,centre,0.6798811983471075,
bbbc041,site_b,887cc81a-bae3-4360-a115-23ae05ac3a4f_20,0,primary,centre,0.45729705845221563,
bbbc041,site_b,6040cf0d-9dd6-4798-9406-1afbbcd24d4c_11,0,primary,centre,0.3272130437919342,
bbbc041,site_b,b910c1db-9c66-4207-892f-18a03ecc75bc_37,0,primary,centre,0.5121303623490212,
bbbc041,site_b,8448ac8c-fa7a-475a-9ca2-dc0174f78a39_25,0,primary,centre,0.5768560474032765,
bbbc041,site_b,f08e873b-9617-42b3-9c7a-55d0e39c2663_22,0,primary,centre,0.3966226809511367,
bbbc041,site_b,9cf0b006-cb5c-47e7-b076-1dcacf1fbfb1_32,0,primary,centre,0.6665625,
bbbc041,site_b,ebc4056e-d766-43cf-b6b4-5dac79d96e84_37,0,primary,centre,0.7964604456317164,
bbbc041,site_b,8db76867-671a-4488-a7b6-991e4dd2e05f_11,0,primary,centre,0.5166911685610814,
bbbc041,site_b,8e1e0fd3-52fb-4ebb-82de-67bbd66fcf4d_31,0,primary,centre,0.4564926372155288,
bbbc041,site_b,d1394e1a-dedd-4458-a024-044dae2cd69d_15,0,primary,centre,0.43760734575241117,
bbbc041,site_b,9fd32265-07f2-442b-80b5-35069891d452_0,0,primary,centre,0.4000734618916437,
bbbc041,site_b,a4bd99a0-226a-4044-914b-8073d5890734_33,0,primary,centre,0.4429162432863986,
bbbc041,site_b,087602a2-288b-4a4d-b01a-524f0d799d89_13,0,primary,centre,0.5154813412655489,
bbbc041,site_b,37a5a96b-f76e-4607-82fd-f47f7f2903c6_69,0,primary,centre,0.3357009875344018,
bbbc041,site_b,294bc238-efdb-4f88-b83b-f41fe5750106_31,0,primary,centre,0.6172770478054236,
bbbc041,site_b,aa57ec7c-8f35-4990-a790-62efc9df8fe8_29,0,primary,centre,0.2760738888157606,
bbbc041,site_b,351d6536-3a5c-46eb-a6e4-d71dd999908a_6,0,primary,centre,0.6322761745296956,
bbbc041,site_b,0a3b53c7-e7ab-4135-80aa-fd2079d727d6_18,0,primary,centre,0.4366167768882701,
bbbc041,site_b,c70894fa-50e8-4eed-a5a8-159a20153a49_48,0,primary,centre,0.8009410878976096,
bbbc041,site_b,ebc4056e-d766-43cf-b6b4-5dac79d96e84_28,0,primary,centre,0.5748674010607915,
bbbc041,site_b,c3631a04-b757-407b-8e7e-1ed3a6c463d4_8,0,primary,centre,0.4321930773391022,
bbbc041,site_b,b1d312cf-1f52-4955-bf42-58d3664c254a_13,0,primary,centre,0.4138205556882414,
bbbc041,site_b,15625643-d964-4b14-9839-c126384ae35b_29,0,primary,centre,0.5207100591715976,
bbbc041,site_b,deab75c9-00bc-488c-8b20-ff4515d85212_47,0,primary,centre,0.5494826382276392,
bbbc041,site_b,8448ac8c-fa7a-475a-9ca2-dc0174f78a39_12,0,primary,centre,0.47842689942471733,
bbbc041,site_b,b6fe541f-3be2-41a8-8124-757fc1ad875e_17,0,primary,centre,0.44928148774302623,
bbbc041,site_b,e02301ac-68f7-4daf-b2ba-254b917f1cca_37,0,primary,centre,0.5095346587185169,
bbbc041,site_b,a5c8bf78-61e2-492d-bae5-0ffeea81212b_58,0,primary,centre,0.6751895991332612,
bbbc041,site_b,41be1bd3-0d31-4881-bf1f-3ccdfa21ff12_65,0,primary,centre,0.873354759718396,
bbbc041,site_b,3147f1e4-6fc4-4eff-a9dd-ddeee5e2de13_5,0,primary,centre,0.3965005165289256,
bbbc041,site_b,8874ea02-d263-4830-99d1-e1b14230a56b_23,0,primary,centre,0.42159885229388605,
bbbc041,site_b,9cf0b006-cb5c-47e7-b076-1dcacf1fbfb1_29,0,primary,centre,0.4208899045570641,
bbbc041,site_b,e26b88c6-5884-4b5c-94d7-ad780379c8ad_16,0,primary,centre,0.3842966380451963,
bbbc041,site_b,bfbf234a-cbc4-4d00-ab7f-9043d1304b41_17,0,primary,centre,0.4631404958677686,
bbbc041,site_b,b47c1011-0cc6-400d-9300-1c72f873a6e5_19,0,primary,centre,0.34256949394155384,
bbbc041,site_b,9cf3f75a-354c-46f9-8b53-0a9711ac8bee_7,0,primary,centre,0.4950550395596835,
bbbc041,site_b,96afe167-6a2f-4770-aa74-e083fbd5e926_19,0,primary,centre,0.33865683865683865,
bbbc041,site_b,3e03b313-66eb-471f-a97a-7b2bf20dcff5_8,0,primary,centre,0.5494805194805195,
bbbc041,site_b,bdfbad30-fa2f-4285-bf02-6064ab6d869c_29,0,primary,nearest,0.23759009927920577,
bbbc041,site_b,693da701-2020-404c-866d-b64c12da951d_17,0,primary,centre,0.4716666666666667,
bbbc041,site_b,6e20a860-1f9a-4a74-b167-4c6a79bd8778_4,0,primary,centre,0.3740315082644628,
bbbc041,site_b,bfbf234a-cbc4-4d00-ab7f-9043d1304b41_44,0,primary,centre,0.46668026655786754,
bbbc041,site_b,a6e72060-5bde-490c-bdd7-7d9cb0fce7fc_21,0,primary,centre,0.35825653326600176,
bbbc041,site_b,6040cf0d-9dd6-4798-9406-1afbbcd24d4c_42,0,primary,centre,0.47735823703305563,
bbbc041,site_b,294bc238-efdb-4f88-b83b-f41fe5750106_19,0,primary,centre,0.8210768842317889,
bbbc041,site_b,1e647046-333b-4102-a0c6-4c29405c37b3_20,0,primary,centre,0.42459373761395164,
bbbc041,site_b,f0ee03d6-c57b-43a0-8812-359330bdb93a_103,0,primary,centre,0.9152751096005123,
bbbc041,site_b,03be08c8-2cf3-4de6-8ac6-5f7817a6a643_17,0,primary,centre,0.47512934220251296,
bbbc041,site_b,34950f4e-fe44-49ec-9d49-14bd4a8ce7c0_32,0,primary,centre,0.610909090909091,
bbbc041,site_b,224c80b8-6c55-48cf-b719-96a47d223dc3_3,0,primary,centre,0.4174598453301606,
bbbc041,site_b,15625643-d964-4b14-9839-c126384ae35b_22,0,primary,centre,0.5081054584923497,
bbbc041,site_b,3e03b313-66eb-471f-a97a-7b2bf20dcff5_50,0,primary,centre,0.7037316984406932,
bbbc041,site_b,15a5849d-8bc7-4e01-938b-c1f55067787d_18,0,primary,centre,0.37419517737659386,
bbbc041,site_b,010961af-b38c-49de-aca0-e3732d73d414_34,0,primary,centre,0.4350303389077993,
bbbc041,site_b,6d9a2241-2cce-42b3-a11d-a3a6b432dd89_23,0,primary,centre,0.38783803753509677,
bbbc041,site_b,f0ee03d6-c57b-43a0-8812-359330bdb93a_73,0,primary,nearest,0.0007022247757668613,
bbbc041,site_b,37b4142a-2c7d-400d-8f01-4e438845a484_2,0,primary,centre,0.3709840032262401,
bbbc041,site_b,37b4142a-2c7d-400d-8f01-4e438845a484_15,0,primary,centre,0.6092385721623009,
bbbc041,site_b,bc820fb6-5ba8-4438-affe-e250d2ad5eb0_42,0,primary,centre,0.5541459827174113,
bbbc041,site_b,03be08c8-2cf3-4de6-8ac6-5f7817a6a643_33,0,primary,centre,0.6379560661532635,
bbbc041,site_b,b6fe541f-3be2-41a8-8124-757fc1ad875e_6,0,primary,centre,0.38091061100298784,
bbbc041,site_b,9fd32265-07f2-442b-80b5-35069891d452_5,0,primary,centre,0.3843831168831169,
bbbc041,site_b,9cf3f75a-354c-46f9-8b53-0a9711ac8bee_29,0,primary,centre,0.7094658213545917,
bbbc041,site_b,b1d312cf-1f52-4955-bf42-58d3664c254a_5,0,primary,centre,0.34018388318009735,
bbbc041,site_b,6e20a860-1f9a-4a74-b167-4c6a79bd8778_40,0,primary,centre,0.3871676688745765,
bbbc041,site_b,96afe167-6a2f-4770-aa74-e083fbd5e926_3,0,primary,centre,0.42923666910153396,
bbbc041,site_b,c328260d-bafa-4aaa-9e7a-79bc165d7fdb_3,0,primary,centre,0.3894471482090963,
bbbc041,site_b,15625643-d964-4b14-9839-c126384ae35b_5,0,primary,centre,0.38871088960088607,
bbbc041,site_b,0897f682-5301-49fc-a8d5-9df7762040bb_31,0,primary,centre,0.31204928936497933,
bbbc041,site_b,6d9a2241-2cce-42b3-a11d-a3a6b432dd89_1,0,primary,centre,0.5315179564453055,
bbbc041,site_b,ef55f2ac-5a04-4986-99ab-0d2b5052ab3e_26,0,primary,centre,0.38657407407407407,
bbbc041,site_b,a4bd99a0-226a-4044-914b-8073d5890734_47,0,primary,centre,0.4645255088554058,
bbbc041,site_b,b9025f55-789d-4acb-9c0a-34e877c95c5c_79,0,primary,centre,0.9192652442873375,
bbbc041,site_b,25865b39-56fb-409a-8800-3d368dd264ed_24,0,primary,centre,0.7206217447916666,
bbbc041,site_b,8111cff9-4c04-448e-990b-9d5010f7be56_32,0,primary,centre,0.4017901234567901,
bbbc041,site_b,5bfde411-aa51-45d0-8b67-a57c5f1e628b_37,0,primary,centre,0.6704992538325871,
bbbc041,site_b,25865b39-56fb-409a-8800-3d368dd264ed_2,0,primary,centre,0.7251068289929856,
bbbc041,site_b,3e03b313-66eb-471f-a97a-7b2bf20dcff5_45,0,primary,centre,0.8583725798011512,
bbbc041,site_b,3e03b313-66eb-471f-a97a-7b2bf20dcff5_21,0,primary,centre,0.8667590027700831,
bbbc041,site_b,8448ac8c-fa7a-475a-9ca2-dc0174f78a39_29,0,primary,centre,0.6094307918504516,
bbbc041,site_b,55078c19-bfaf-4988-a779-767e1c6d22f6_35,0,primary,centre,0.5109090909090909,
bbbc041,site_b,1e647046-333b-4102-a0c6-4c29405c37b3_27,0,primary,centre,0.4914681440443213,
bbbc041,site_b,a612e0d5-6a95-43cc-96a6-6fbcb8d45ff4_46,0,primary,centre,0.8521644101754599,
bbbc041,site_b,bdfbad30-fa2f-4285-bf02-6064ab6d869c_48,0,primary,centre,0.5255479750326608,
bbbc041,site_b,ebc4056e-d766-43cf-b6b4-5dac79d96e84_7,0,primary,centre,0.7030004393948904,
bbbc041,site_b,3e03b313-66eb-471f-a97a-7b2bf20dcff5_36,0,primary,centre,0.43436854338842973,
bbbc041,site_b,78ae52cf-8dad-4070-a40e-9af02faec1f0_40,0,primary,centre,0.35339672581119497,
bbbc041,site_b,9cf3f75a-354c-46f9-8b53-0a9711ac8bee_26,0,primary,centre,0.41438263229308003,
bbbc041,site_b,bdfbad30-fa2f-4285-bf02-6064ab6d869c_36,0,primary,centre,0.5428095733610822,
bbbc041,site_b,a612e0d5-6a95-43cc-96a6-6fbcb8d45ff4_6,0,primary,centre,0.36535702716460733,
bbbc041,site_b,e26b88c6-5884-4b5c-94d7-ad780379c8ad_34,0,primary,centre,0.3758233633552897,
bbbc041,site_b,e6a7743e-4040-40fa-b097-ca6874c469b7_10,0,primary,centre,0.5678362573099415,
bbbc041,site_b,5a2447bf-a92b-4a47-a384-4b2ff020ecdc_20,0,primary,centre,0.3599778883360973,
bbbc041,site_b,9fd32265-07f2-442b-80b5-35069891d452_32,0,primary,centre,0.6701729780271155,
bbbc041,site_b,0864c569-2ad7-48ed-b12a-e40aa5b93756_21,0,primary,centre,0.36778306249174264,
bbbc041,site_b,f0ee03d6-c57b-43a0-8812-359330bdb93a_46,0,primary,centre,0.96609268707483,
bbbc041,site_b,604478c7-1259-441a-8ad0-7059e191c9e4_49,0,primary,centre,0.344719833342236,
bbbc041,site_b,c6807595-100a-4aa1-a5f6-882a20ca3d32_30,0,primary,centre,0.3740296159502069,
bbbc041,site_b,b1d312cf-1f52-4955-bf42-58d3664c254a_4,0,primary,centre,0.3899036447423544,
bbbc041,site_b,f08e873b-9617-42b3-9c7a-55d0e39c2663_17,0,primary,centre,0.27859214751890604,
bbbc041,site_b,abb72ce2-4193-4dd3-a34c-61c2ee22ccff_35,0,primary,centre,0.4340827926160656,
bbbc041,site_b,25865b39-56fb-409a-8800-3d368dd264ed_65,0,primary,centre,0.8908793969849246,
bbbc041,site_b,1b814efc-7bf9-40ae-8e13-49dc2c04732f_33,0,primary,centre,0.5226400105918179,
bbbc041,site_b,9cf0b006-cb5c-47e7-b076-1dcacf1fbfb1_27,0,primary,centre,0.46799268404206673,
bbbc041,site_b,8db76867-671a-4488-a7b6-991e4dd2e05f_43,0,primary,centre,0.4799011752136752,
bbbc041,site_b,37a5a96b-f76e-4607-82fd-f47f7f2903c6_17,0,primary,centre,0.6807454427083334,
bbbc041,site_b,8448ac8c-fa7a-475a-9ca2-dc0174f78a39_83,0,primary,centre,0.7783558792924038,
bbbc041,site_b,f0ee03d6-c57b-43a0-8812-359330bdb93a_94,0,primary,centre,0.9755276381909548,
bbbc041,site_b,8111cff9-4c04-448e-990b-9d5010f7be56_3,0,primary,centre,0.3743446699825245,
bbbc041,site_b,351d6536-3a5c-46eb-a6e4-d71dd999908a_50,0,primary,centre,0.518448883666275,
bbbc041,site_b,e93e617e-ed36-43d9-bd1a-4ffd2fba64e9_42,0,primary,centre,0.4039669122086704,
bbbc041,site_b,a3548f89-1cb5-4e67-b460-482df95b10ee_26,0,primary,centre,0.2535563244905805,
bbbc041,site_b,1e647046-333b-4102-a0c6-4c29405c37b3_43,0,primary,centre,0.5941484661027648,
bbbc041,site_b,25865b39-56fb-409a-8800-3d368dd264ed_30,0,primary,centre,0.7554659723971894,
bbbc041,site_b,408745a6-79fb-4804-9c24-e2d6673f8f2e_9,0,primary,centre,0.41974025974025975,
bbbc041,site_b,21116b9d-e6be-483f-8394-e74622b2e182_8,0,primary,centre,0.5304570130034086,
bbbc041,site_b,294bc238-efdb-4f88-b83b-f41fe5750106_34,0,primary,centre,0.5257997936016512,
bbbc041,site_b,da2197c7-7911-4be6-8bb9-164f47fd270a_34,0,primary,centre,0.573691255205235,
bbbc041,site_b,bc820fb6-5ba8-4438-affe-e250d2ad5eb0_43,0,primary,centre,0.6705234159779614,
bbbc041,site_b,91fd0c2e-8e9c-452d-97ab-304b05a049b3_11,0,primary,centre,0.4022276366167769,
bbbc041,site_b,224c80b8-6c55-48cf-b719-96a47d223dc3_48,0,primary,centre,0.2312710726131411,
bbbc041,site_b,294bc238-efdb-4f88-b83b-f41fe5750106_41,0,primary,centre,0.8421030582320905,
bbbc041,site_b,15a5849d-8bc7-4e01-938b-c1f55067787d_40,0,primary,centre,0.3941268316118184,
bbbc041,site_b,6e20a860-1f9a-4a74-b167-4c6a79bd8778_21,0,primary,centre,0.5485448617316749,
bbbc041,site_b,64985a1e-16bb-4016-a01c-c21a5b86e572_22,0,primary,centre,0.6089229696758452,
bbbc041,site_b,aa57ec7c-8f35-4990-a790-62efc9df8fe8_23,0,primary,centre,0.3170553935860058,
bbbc041,site_b,5c399ab9-492c-4bfc-a452-83aba574a3bc_4,0,primary,centre,0.40407608695652175,
bbbc041,site_b,8111cff9-4c04-448e-990b-9d5010f7be56_22,0,primary,centre,0.8574112614175049,
bbbc041,site_b,e26b88c6-5884-4b5c-94d7-ad780379c8ad_39,0,primary,centre,0.5569144838212635,
bbbc041,site_b,abb72ce2-4193-4dd3-a34c-61c2ee22ccff_11,0,primary,centre,0.6720912629757786,
bbbc041,site_b,4b3de416-ac61-43eb-80d0-36b81c4baf82_9,0,primary,centre,0.3543602037758466,
bbbc041,site_b,96957ec3-de17-41cf-855b-1388814e5918_29,0,primary,centre,0.6556843247785442,
bbbc041,site_b,010961af-b38c-49de-aca0-e3732d73d414_30,0,primary,centre,0.5198339627352455,
bbbc041,site_b,738b7be5-59b5-4d8c-8769-cbf2385b9fc7_3,0,primary,centre,0.7055828462834809,
bbbc041,site_b,deab75c9-00bc-488c-8b20-ff4515d85212_24,0,primary,centre,0.4216374269005848,
bbbc041,site_b,0897f682-5301-49fc-a8d5-9df7762040bb_14,0,primary,centre,0.40405844155844156,
bbbc041,site_b,96afe167-6a2f-4770-aa74-e083fbd5e926_18,0,primary,centre,0.36983471074380164,
bbbc041,site_b,010961af-b38c-49de-aca0-e3732d73d414_40,0,primary,centre,0.7419331235823516,
bbbc041,site_b,03be08c8-2cf3-4de6-8ac6-5f7817a6a643_4,0,primary,centre,0.5358977825851812,
bbbc041,site_b,e93e617e-ed36-43d9-bd1a-4ffd2fba64e9_61,0,primary,centre,0.3979605822208821,
bbbc041,site_b,c11081a1-4fd9-4003-8bd9-0727eae62d0a_28,0,primary,centre,0.6290617013508579,
bbbc041,site_b,511b6e13-acd7-4dd3-b1d0-c4aa10a514c7_63,0,primary,centre,0.8502738225629792,
bbbc041,site_b,03be08c8-2cf3-4de6-8ac6-5f7817a6a643_46,0,primary,centre,0.6415997164461248,
bbbc041,site_b,78ae52cf-8dad-4070-a40e-9af02faec1f0_41,0,primary,centre,0.36050753370341,
bbbc041,site_b,aa57ec7c-8f35-4990-a790-62efc9df8fe8_11,0,primary,centre,0.49647402820777436,
bbbc041,site_b,3e03b313-66eb-471f-a97a-7b2bf20dcff5_11,0,primary,centre,0.6613914078638703,
bbbc041,site_b,34f334e6-a163-4af7-a1ed-51a7ef15934a_19,0,primary,centre,0.3279500520291363,
bbbc041,site_b,408745a6-79fb-4804-9c24-e2d6673f8f2e_32,0,primary,centre,0.5376519097222222,
bbbc041,site_b,738b7be5-59b5-4d8c-8769-cbf2385b9fc7_22,0,primary,centre,0.6502835538752363,
bbbc041,site_b,8874ea02-d263-4830-99d1-e1b14230a56b_15,0,primary,centre,0.2904938271604938,
bbbc041,site_b,15625643-d964-4b14-9839-c126384ae35b_16,0,primary,centre,0.40727749433106575,
bbbc041,site_b,15625643-d964-4b14-9839-c126384ae35b_15,0,primary,centre,0.40569372553970456,
bbbc041,site_b,cc453255-b583-425e-bc3e-284ccf120944_29,0,primary,centre,0.5234485793926353,
bbbc041,site_b,51a42643-256f-463a-bf22-7fd295caead0_2,0,primary,centre,0.6344636678200692,
bbbc041,site_b,291fe50c-2134-4708-bfa4-09b36ffea123_7,0,primary,centre,0.4091639284410369,
bbbc041,site_b,deab75c9-00bc-488c-8b20-ff4515d85212_26,0,primary,centre,0.3607584635416667,
bbbc041,site_b,e93e617e-ed36-43d9-bd1a-4ffd2fba64e9_55,0,primary,centre,0.8241686589871767,
bbbc041,site_b,37a5a96b-f76e-4607-82fd-f47f7f2903c6_42,0,primary,centre,0.8301023243649678,
bbbc041,site_b,34950f4e-fe44-49ec-9d49-14bd4a8ce7c0_10,0,primary,centre,0.8533003367276563,
bbbc041,site_b,5bfde411-aa51-45d0-8b67-a57c5f1e628b_4,0,primary,centre,0.6070678428901491,
bbbc041,site_b,df4fd610-fa16-45ca-b3a3-a25a14e5c4e9_33,0,primary,centre,0.7511692176870748,
bbbc041,site_b,a1265844-329c-4a49-a37f-e0541b83a50c_48,0,primary,centre,0.7126257370794311,
bbbc041,site_b,8874ea02-d263-4830-99d1-e1b14230a56b_35,0,primary,centre,0.4088812934027778,
bbbc041,site_b,51a42643-256f-463a-bf22-7fd295caead0_38,0,primary,centre,0.8270368684569868,
bbbc041,site_b,0864c569-2ad7-48ed-b12a-e40aa5b93756_37,0,primary,centre,0.3541760977818017,
bbbc041,site_b,96287315-87a1-4045-9e16-119e045bf12a_34,0,primary,centre,0.47865235539654144,
bbbc041,site_b,3147f1e4-6fc4-4eff-a9dd-ddeee5e2de13_7,0,primary,centre,0.4234256055363322,
bbbc041,site_b,291fe50c-2134-4708-bfa4-09b36ffea123_0,0,primary,centre,0.46363771564544914,
bbbc041,site_b,51a42643-256f-463a-bf22-7fd295caead0_12,0,primary,centre,0.7166612413194444,
bbbc041,site_b,a4bd99a0-226a-4044-914b-8073d5890734_18,0,primary,centre,0.5323051948051948,
bbbc041,site_b,2c03b3c9-7786-4e1b-ac2b-c98e9f8358f2_18,0,primary,centre,0.3370986920332937,
bbbc041,site_b,294bc238-efdb-4f88-b83b-f41fe5750106_67,0,primary,centre,0.6523673905304379,
bbbc041,site_b,6e20a860-1f9a-4a74-b167-4c6a79bd8778_20,0,primary,centre,0.5923136645962733,
bbbc041,site_b,a1265844-329c-4a49-a37f-e0541b83a50c_50,0,primary,centre,0.5240188383045525,
bbbc041,site_b,446734b7-6bc9-4a66-a3a0-49f6aa90db33_28,0,primary,centre,0.4056911109633668,
bbbc041,site_b,8111cff9-4c04-448e-990b-9d5010f7be56_11,0,primary,centre,0.5092901727391493,
bbbc041,site_b,2c03b3c9-7786-4e1b-ac2b-c98e9f8358f2_2,0,primary,centre,0.4128372437410338,
bbbc041,site_b,8298aca0-5099-4d45-88ca-ec8ac7922e77_24,0,primary,centre,0.8813322283228012,
bbbc041,site_b,d1394e1a-dedd-4458-a024-044dae2cd69d_10,0,primary,centre,0.3646541950113379,
bbbc041,site_b,0346611b-ea43-45bd-9f16-c6e8086273d2_27,0,primary,centre,0.46142158805654643,
bbbc041,site_b,9cf0b006-cb5c-47e7-b076-1dcacf1fbfb1_26,0,primary,centre,0.47021604938271605,
bbbc041,site_b,511b6e13-acd7-4dd3-b1d0-c4aa10a514c7_49,0,primary,centre,0.9170772492460211,
bbbc041,site_b,ebc4056e-d766-43cf-b6b4-5dac79d96e84_36,0,primary,centre,0.4174281080653455,
bbbc041,site_b,ebc4056e-d766-43cf-b6b4-5dac79d96e84_56,0,primary,centre,0.9435516784001633,
bbbc041,site_b,15a5849d-8bc7-4e01-938b-c1f55067787d_25,0,primary,centre,0.4853361264521044,
bbbc041,site_b,4b3de416-ac61-43eb-80d0-36b81c4baf82_17,0,primary,centre,0.4166234241934007,
bbbc041,site_b,41be1bd3-0d31-4881-bf1f-3ccdfa21ff12_23,0,primary,centre,0.5468691221230464,
bbbc041,site_b,41be1bd3-0d31-4881-bf1f-3ccdfa21ff12_1,0,primary,centre,0.504017531044558,
bbbc041,site_b,dea9006d-c360-4118-b77b-8bc959fa5f8a_22,0,primary,centre,0.5487788163701653,
bbbc041,site_b,3147f1e4-6fc4-4eff-a9dd-ddeee5e2de13_29,0,primary,centre,0.3968133054021456,
bbbc041,site_b,446734b7-6bc9-4a66-a3a0-49f6aa90db33_4,0,primary,centre,0.5816818602193157,
bbbc041,site_b,51c6bc6b-4f37-4ce3-b624-840b27c1584a_13,0,primary,centre,0.3974650747522846,
bbbc041,site_b,e6a7743e-4040-40fa-b097-ca6874c469b7_8,0,primary,centre,0.4098925823777036,
bbbc041,site_b,96afe167-6a2f-4770-aa74-e083fbd5e926_6,0,primary,centre,0.364594083247334,
bbbc041,site_b,8111cff9-4c04-448e-990b-9d5010f7be56_30,0,primary,centre,0.7947845804988662,
bbbc041,site_b,623982a0-1f73-4246-92cb-28f7c219efaf_36,0,primary,centre,0.7854894274174388,
bbbc041,site_b,bfbf234a-cbc4-4d00-ab7f-9043d1304b41_6,0,primary,centre,0.40366735537190085,
bbbc041,site_b,a612e0d5-6a95-43cc-96a6-6fbcb8d45ff4_52,0,primary,centre,0.1422654641701794,
bbbc041,site_b,deab75c9-00bc-488c-8b20-ff4515d85212_10,0,primary,centre,0.6919265244287337,
bbbc041,site_b,f070a212-e4e2-4743-804c-80789a36f495_14,0,primary,centre,0.422728531308097,
bbbc041,site_b,408745a6-79fb-4804-9c24-e2d6673f8f2e_29,0,primary,centre,0.37660071411313056,
bbbc041,site_b,bc820fb6-5ba8-4438-affe-e250d2ad5eb0_20,0,primary,centre,0.5197421667244768,
bbbc041,site_b,a1265844-329c-4a49-a37f-e0541b83a50c_3,0,primary,centre,0.3876133786848073,
bbbc041,site_b,b1d312cf-1f52-4955-bf42-58d3664c254a_40,0,primary,nearest,0.28321279025504376,
bbbc041,site_b,34950f4e-fe44-49ec-9d49-14bd4a8ce7c0_11,0,primary,centre,0.5614003265009977,
bbbc041,site_b,21116b9d-e6be-483f-8394-e74622b2e182_3,0,primary,centre,0.40455799100014517,
bbbc041,site_b,e26b88c6-5884-4b5c-94d7-ad780379c8ad_52,0,primary,centre,0.29081632653061223,
bbbc041,site_b,e26b88c6-5884-4b5c-94d7-ad780379c8ad_54,0,primary,centre,0.5248056698673983,
bbbc041,site_b,511b6e13-acd7-4dd3-b1d0-c4aa10a514c7_101,0,primary,nearest,0.004661668589004229,
bbbc041,site_b,5c399ab9-492c-4bfc-a452-83aba574a3bc_43,0,primary,centre,0.5201927955352613,
bbbc041,site_b,9fd32265-07f2-442b-80b5-35069891d452_27,0,primary,centre,0.4268888250502729,
bbbc041,site_b,e93e617e-ed36-43d9-bd1a-4ffd2fba64e9_24,0,primary,centre,0.519483870967742,
bbbc041,site_b,d9255d7f-1282-442d-b152-73d7388526f9_30,0,primary,centre,0.768315556675345,
bbbc041,site_b,96afe167-6a2f-4770-aa74-e083fbd5e926_5,0,primary,centre,0.4543741321166435,
bbbc041,site_b,4dcd5df9-c56c-471b-8d44-fa4b1ca9a600_19,0,primary,centre,0.462568870523416,
bbbc041,site_b,693da701-2020-404c-866d-b64c12da951d_29,0,primary,centre,0.3589565562388415,
bbbc041,site_b,25865b39-56fb-409a-8800-3d368dd264ed_11,0,primary,centre,0.5639308693700434,
bbbc041,site_b,c8d1b7ec-be9f-4c88-a39b-2c6bf46b2998_22,0,primary,centre,0.5536728395061729,
bbbc041,site_b,a3548f89-1cb5-4e67-b460-482df95b10ee_11,0,primary,centre,0.3913132807363577,
bbbc041,site_b,37b4142a-2c7d-400d-8f01-4e438845a484_50,0,primary,centre,0.36288265306122447,
bbbc041,site_b,34950f4e-fe44-49ec-9d49-14bd4a8ce7c0_23,0,primary,centre,0.78505,
bbbc041,site_b,9fd32265-07f2-442b-80b5-35069891d452_13,0,primary,centre,0.3975432525951557,
bbbc041,site_b,0a3b53c7-e7ab-4135-80aa-fd2079d727d6_9,0,primary,centre,0.3571933962264151,
bbbc041,site_b,c736848a-437c-4121-b99f-58f186eb3a1d_1,0,primary,centre,0.395791305723666,
bbbc041,site_b,96957ec3-de17-41cf-855b-1388814e5918_0,0,primary,centre,0.390487514863258,
bbbc041,site_b,8448ac8c-fa7a-475a-9ca2-dc0174f78a39_20,0,primary,centre,0.6956817817657427,
bbbc041,site_b,31c62771-4e90-4038-9abc-d196beda9898_18,0,primary,centre,0.44040169713989197,
bbbc041,site_b,bfbf234a-cbc4-4d00-ab7f-9043d1304b41_14,0,primary,centre,0.35972387369533626,
bbbc041,site_b,deab75c9-00bc-488c-8b20-ff4515d85212_14,0,primary,centre,0.5245388096066829,
bbbc041,site_b,8111cff9-4c04-448e-990b-9d5010f7be56_23,0,primary,centre,0.4211337803435046,
bbbc041,site_b,8874ea02-d263-4830-99d1-e1b14230a56b_3,0,primary,centre,0.4195775941230487,
bbbc041,site_b,03be08c8-2cf3-4de6-8ac6-5f7817a6a643_23,0,primary,centre,0.4982164090368609,
bbbc041,site_b,aa57ec7c-8f35-4990-a790-62efc9df8fe8_21,0,primary,centre,0.4664308012486993,
bbbc041,site_b,8298aca0-5099-4d45-88ca-ec8ac7922e77_6,0,primary,centre,0.5282617934551637,
bbbc041,site_b,224c80b8-6c55-48cf-b719-96a47d223dc3_16,0,primary,centre,0.58932324506095,
bbbc041,site_b,d1394e1a-dedd-4458-a024-044dae2cd69d_14,0,primary,centre,0.368492530556813,
bbbc041,site_b,b9025f55-789d-4acb-9c0a-34e877c95c5c_60,0,primary,centre,0.7234225322782174,
bbbc041,site_b,23e581e7-0fb7-42ff-ba55-a86beefc0619_33,0,primary,nearest,0.323938679245283,
bbbc041,site_b,623982a0-1f73-4246-92cb-28f7c219efaf_11,0,primary,centre,0.5320130563053167,
bbbc041,site_b,604478c7-1259-441a-8ad0-7059e191c9e4_37,0,primary,centre,0.36961706093582963,
bbbc041,site_b,37b4142a-2c7d-400d-8f01-4e438845a484_24,0,primary,centre,0.6393905817174516,
bbbc041,site_b,a612e0d5-6a95-43cc-96a6-6fbcb8d45ff4_33,0,primary,centre,0.5934823631876905,
bbbc041,site_b,9cf3f75a-354c-46f9-8b53-0a9711ac8bee_11,0,primary,centre,0.5040166493236212,
bbbc041,site_b,deab75c9-00bc-488c-8b20-ff4515d85212_52,0,primary,centre,0.42854467713242406,
bbbc041,site_b,a1265844-329c-4a49-a37f-e0541b83a50c_57,0,primary,centre,0.9041621029572837,
bbbc041,site_b,bfbf234a-cbc4-4d00-ab7f-9043d1304b41_3,0,primary,centre,0.3783524904214559,
bbbc041,site_b,efb85f8e-c780-4a19-b6ce-555a154b0d10_52,0,primary,centre,0.4409219930918915,
bbbc041,site_b,8448ac8c-fa7a-475a-9ca2-dc0174f78a39_14,0,primary,centre,0.4869853074551061,
bbbc041,site_b,15a5849d-8bc7-4e01-938b-c1f55067787d_32,0,primary,centre,0.40492957746478875,
bbbc041,site_b,34f334e6-a163-4af7-a1ed-51a7ef15934a_25,0,primary,centre,0.6533024691358025,
bbbc041,site_b,ebb53337-1d4f-4ab5-9b6d-83a66f48fe2e_10,0,primary,centre,0.38159532701331034,
bbbc041,site_b,e93e617e-ed36-43d9-bd1a-4ffd2fba64e9_16,0,primary,centre,0.6218838775575346,
bbbc041,site_b,3e03b313-66eb-471f-a97a-7b2bf20dcff5_10,0,primary,centre,0.5872527660301593,
bbbc041,site_b,0e0bc36f-6fb2-4763-b0a1-b4c67b2d2d2a_9,0,primary,centre,0.54570905285191,
bbbc041,site_b,623982a0-1f73-4246-92cb-28f7c219efaf_24,0,primary,centre,0.4940301041195111,
bbbc041,site_b,c736848a-437c-4121-b99f-58f186eb3a1d_24,0,primary,centre,0.47744565217391305,
bbbc041,site_b,4da8f6c5-5f85-4280-92d0-1ba008e8c404_8,0,primary,centre,0.4591933264533884,
bbbc041,site_b,c6807595-100a-4aa1-a5f6-882a20ca3d32_13,0,primary,centre,0.41906721536351166,
bbbc041,site_b,8111cff9-4c04-448e-990b-9d5010f7be56_7,0,primary,centre,0.5815553591718218,
bbbc041,site_b,e26b88c6-5884-4b5c-94d7-ad780379c8ad_41,0,primary,centre,0.3319949281487743,
bbbc041,site_b,91fd0c2e-8e9c-452d-97ab-304b05a049b3_9,0,primary,centre,0.39507457509538674,
bbbc041,site_b,d9ecacb0-14c7-4862-930b-18bb51d5f392_40,0,primary,centre,0.374447391688771,
bbbc041,site_b,3e03b313-66eb-471f-a97a-7b2bf20dcff5_16,0,primary,centre,0.3904337474436067,
bbbc041,site_b,23e581e7-0fb7-42ff-ba55-a86beefc0619_17,0,primary,nearest,0.271280276816609,
bbbc041,site_b,efb85f8e-c780-4a19-b6ce-555a154b0d10_1,0,primary,centre,0.37158582731338147,
bbbc041,site_b,efb85f8e-c780-4a19-b6ce-555a154b0d10_78,0,primary,centre,0.967128027681661,
bbbc041,site_b,8e22f8cc-b6ef-48cb-a06d-a44cb1fb5f2f_15,0,primary,centre,0.48492004308559117,
bbbc041,site_b,f0ee03d6-c57b-43a0-8812-359330bdb93a_28,0,primary,centre,0.8852091234442605,
bbbc041,site_b,efb85f8e-c780-4a19-b6ce-555a154b0d10_70,0,primary,centre,0.9253203857841195,
bbbc041,site_b,c11081a1-4fd9-4003-8bd9-0727eae62d0a_33,0,primary,centre,0.5417662727955741,
bbbc041,site_b,51f6463c-1622-4c0d-8482-b864e0ed2e74_32,0,primary,centre,0.5553571428571429,
bbbc041,site_b,c70894fa-50e8-4eed-a5a8-159a20153a49_66,0,primary,centre,0.8769691241335854,
bbbc041,site_b,03be08c8-2cf3-4de6-8ac6-5f7817a6a643_25,0,primary,centre,0.6116654787360418,
bbbc041,site_b,efb85f8e-c780-4a19-b6ce-555a154b0d10_41,0,primary,centre,0.7603962522483825,
bbbc041,site_b,351d6536-3a5c-46eb-a6e4-d71dd999908a_57,0,primary,nearest,0.3372040072859745,
bbbc041,site_b,738b7be5-59b5-4d8c-8769-cbf2385b9fc7_35,0,primary,centre,0.5150963530224092,
bbbc041,site_b,51a42643-256f-463a-bf22-7fd295caead0_71,0,primary,centre,0.9005788802091438,
bbbc041,site_b,cea1cd9b-9b03-407b-ad8d-348155567dab_52,0,primary,centre,0.8386264308012487,
bbbc041,site_b,37a5a96b-f76e-4607-82fd-f47f7f2903c6_66,0,primary,centre,0.7625192233756247,
bbbc041,site_b,5c399ab9-492c-4bfc-a452-83aba574a3bc_39,0,primary,centre,0.44976218787158145,
bbbc041,site_b,d9255d7f-1282-442d-b152-73d7388526f9_43,0,primary,nearest,0.37541128084606346,
bbbc041,site_b,c328260d-bafa-4aaa-9e7a-79bc165d7fdb_14,0,primary,centre,0.4252794309769197,
bbbc041,site_b,8298aca0-5099-4d45-88ca-ec8ac7922e77_11,0,primary,centre,0.39970779220779223,
bbbc041,site_b,a4bd99a0-226a-4044-914b-8073d5890734_4,0,primary,centre,0.43777777777777777,
bbbc041,site_b,21116b9d-e6be-483f-8394-e74622b2e182_9,0,primary,centre,0.5349471935445591,
bbbc041,site_b,0864c569-2ad7-48ed-b12a-e40aa5b93756_11,0,primary,centre,0.4084092558252036,
bbbc041,site_b,bdfbad30-fa2f-4285-bf02-6064ab6d869c_10,0,primary,centre,0.4005078125,
bbbc041,site_b,0864c569-2ad7-48ed-b12a-e40aa5b93756_13,0,primary,centre,0.4435195326761592,
bbbc041,site_b,aa57ec7c-8f35-4990-a790-62efc9df8fe8_4,0,primary,centre,0.42933333333333334,
bbbc041,site_b,15625643-d964-4b14-9839-c126384ae35b_11,0,primary,centre,0.62954654702772,
bbbc041,site_b,1e647046-333b-4102-a0c6-4c29405c37b3_32,0,primary,centre,0.5201611672415372,
bbbc041,site_b,9cf0b006-cb5c-47e7-b076-1dcacf1fbfb1_14,0,primary,centre,0.4065436825617821,
bbbc041,site_b,baab0701-3fd4-4940-8b90-b9c42d95888f_60,0,primary,centre,0.5629655346547153,
bbbc041,site_b,8874ea02-d263-4830-99d1-e1b14230a56b_39,0,primary,centre,0.26649664256198347,
bbbc041,site_b,2c03b3c9-7786-4e1b-ac2b-c98e9f8358f2_31,0,primary,centre,0.42950509116741653,
bbbc041,site_b,37df4ffb-f268-4557-94d6-bf68d005feae_13,0,primary,centre,0.413858024691358,
bbbc041,site_b,a4bd99a0-226a-4044-914b-8073d5890734_40,0,primary,centre,0.7793819655521783,
bbbc041,site_b,d1394e1a-dedd-4458-a024-044dae2cd69d_34,0,primary,centre,0.369296875,
bbbc041,site_b,25865b39-56fb-409a-8800-3d368dd264ed_44,0,primary,centre,0.6388999114801136,
bbbc041,site_b,a4bd99a0-226a-4044-914b-8073d5890734_52,0,primary,centre,0.6506329790075317,
bbbc041,site_b,294bc238-efdb-4f88-b83b-f41fe5750106_16,0,primary,centre,0.5763221153846154,
bbbc041,site_b,41be1bd3-0d31-4881-bf1f-3ccdfa21ff12_53,0,primary,centre,0.5573655858282399,
bbbc041,site_b,3e03b313-66eb-471f-a97a-7b2bf20dcff5_37,0,primary,centre,0.4072875007934996,
bbbc041,site_b,b910c1db-9c66-4207-892f-18a03ecc75bc_50,0,primary,centre,0.3880603981423137,
bbbc041,site_b,9fd32265-07f2-442b-80b5-35069891d452_1,0,primary,centre,0.4617949729283947,
bbbc041,site_b,6e20a860-1f9a-4a74-b167-4c6a79bd8778_1,0,primary,centre,0.4955791758434677,
bbbc041,site_b,e26b88c6-5884-4b5c-94d7-ad780379c8ad_23,0,primary,centre,0.4923694779116466,
bbbc041,site_b,78ae52cf-8dad-4070-a40e-9af02faec1f0_29,0,primary,centre,0.40827478532396566,
bbbc041,site_b,bdfbad30-fa2f-4285-bf02-6064ab6d869c_26,0,primary,centre,0.3234701281947916,
bbbc041,site_b,a5c8bf78-61e2-492d-bae5-0ffeea81212b_23,0,primary,centre,0.3614299886621315,
bbbc041,site_b,d9255d7f-1282-442d-b152-73d7388526f9_0,0,primary,centre,0.8181679622008841,
bbbc041,site_b,4dcd5df9-c56c-471b-8d44-fa4b1ca9a600_16,0,primary,centre,0.4340901272789818,
bbbc041,site_b,96957ec3-de17-41cf-855b-1388814e5918_8,0,primary,centre,0.4181527008310249,
bbbc041,site_b,a1265844-329c-4a49-a37f-e0541b83a50c_38,0,primary,centre,0.709536942952533,
bbbc041,site_b,deab75c9-00bc-488c-8b20-ff4515d85212_2,0,primary,centre,0.3900936524453694,
bbbc041,site_b,a612e0d5-6a95-43cc-96a6-6fbcb8d45ff4_50,0,primary,centre,0.9344413665743305,
bbbc041,site_b,010961af-b38c-49de-aca0-e3732d73d414_33,0,primary,centre,0.5536136041568257,
bbbc041,site_b,b1d312cf-1f52-4955-bf42-58d3664c254a_22,0,primary,centre,0.4216186252771619,
bbbc041,site_b,8e1e0fd3-52fb-4ebb-82de-67bbd66fcf4d_22,0,primary,centre,0.38639657046250453,
bbbc041,site_b,cea1cd9b-9b03-407b-ad8d-348155567dab_45,0,primary,centre,0.3952487562189055,
bbbc041,site_b,f08e873b-9617-42b3-9c7a-55d0e39c2663_26,0,primary,centre,0.3744303385416667,
bbbc041,site_b,4dcd5df9-c56c-471b-8d44-fa4b1ca9a600_0,0,primary,centre,0.406574839302112,
bbbc041,site_b,efb85f8e-c780-4a19-b6ce-555a154b0d10_21,0,primary,centre,0.7147681331747919,
bbbc041,site_b,25865b39-56fb-409a-8800-3d368dd264ed_42,0,primary,centre,0.7384440104166666,
bbbc041,site_b,f2b1ae99-8169-42ea-bdb4-3351175e4cb6_31,0,primary,centre,0.4587012987012987,
bbbc041,site_b,a5c8bf78-61e2-492d-bae5-0ffeea81212b_54,0,primary,centre,0.4462510077936039,
bbbc041,site_b,51a42643-256f-463a-bf22-7fd295caead0_14,0,primary,centre,0.6016438802083334,
bbbc041,site_b,d1394e1a-dedd-4458-a024-044dae2cd69d_24,0,primary,centre,0.5058874664137822,
bbbc041,site_b,96957ec3-de17-41cf-855b-1388814e5918_11,0,primary,centre,0.7317950254719808,
bbbc041,site_b,8db76867-671a-4488-a7b6-991e4dd2e05f_46,0,primary,centre,0.5267885482130388,
bbbc041,site_b,37df4ffb-f268-4557-94d6-bf68d005feae_16,0,primary,centre,0.3971304257743707,
bbbc041,site_b,a5c8bf78-61e2-492d-bae5-0ffeea81212b_34,0,primary,centre,0.6293961240097585,
bbbc041,site_b,41be1bd3-0d31-4881-bf1f-3ccdfa21ff12_37,0,primary,centre,0.664783427495292,
bbbc041,site_b,37a5a96b-f76e-4607-82fd-f47f7f2903c6_25,0,primary,centre,0.7874510018913955,
bbbc041,site_b,0a3b53c7-e7ab-4135-80aa-fd2079d727d6_15,0,primary,centre,0.38895209921492774,
bbbc041,site_b,a4bd99a0-226a-4044-914b-8073d5890734_36,0,primary,centre,0.6677685950413224,
bbbc041,site_b,a5c8bf78-61e2-492d-bae5-0ffeea81212b_32,0,primary,centre,0.3772294887039239,
bbbc041,site_b,408745a6-79fb-4804-9c24-e2d6673f8f2e_13,0,primary,centre,0.3920906451205656,
bbbc041,site_b,3147f1e4-6fc4-4eff-a9dd-ddeee5e2de13_32,0,primary,centre,0.4119481892677769,
bbbc041,site_b,baab0701-3fd4-4940-8b90-b9c42d95888f_40,0,primary,centre,0.745464009518144,
bbbc041,site_b,4da8f6c5-5f85-4280-92d0-1ba008e8c404_30,0,primary,centre,0.3494093586886847,
bbbc041,site_b,c11081a1-4fd9-4003-8bd9-0727eae62d0a_17,0,primary,centre,0.4336038961038961,
bbbc041,site_b,96957ec3-de17-41cf-855b-1388814e5918_54,0,primary,centre,0.5967498110355253,
bbbc041,site_b,efb85f8e-c780-4a19-b6ce-555a154b0d10_19,0,primary,centre,0.3927990041175907,
bbbc041,site_b,9fd32265-07f2-442b-80b5-35069891d452_6,0,primary,centre,0.41598925823777033,
bbbc041,site_b,37b4142a-2c7d-400d-8f01-4e438845a484_45,0,primary,centre,0.38179107259342093,
bbbc041,site_b,d9255d7f-1282-442d-b152-73d7388526f9_14,0,primary,centre,0.7848251704509914,
bbbc041,site_b,8111cff9-4c04-448e-990b-9d5010f7be56_28,0,primary,centre,0.4422737028153011,
bbbc041,site_b,a3548f89-1cb5-4e67-b460-482df95b10ee_32,0,primary,centre,0.3799854967367658,
bbbc041,site_b,ef55f2ac-5a04-4986-99ab-0d2b5052ab3e_38,0,primary,centre,0.40820769168749493,
bbbc041,site_b,351d6536-3a5c-46eb-a6e4-d71dd999908a_52,0,primary,centre,0.9687083205088746,
bbbc041,site_b,b9025f55-789d-4acb-9c0a-34e877c95c5c_30,0,primary,centre,0.959807698050106,
bbbc041,site_b,1b814efc-7bf9-40ae-8e13-49dc2c04732f_17,0,primary,centre,0.38737012987012986,
bbbc041,site_b,604478c7-1259-441a-8ad0-7059e191c9e4_12,0,primary,centre,0.4160092044707429,
bbbc041,site_b,d1394e1a-dedd-4458-a024-044dae2cd69d_29,0,primary,centre,0.5833333333333334,
bbbc041,site_b,cea1cd9b-9b03-407b-ad8d-348155567dab_37,0,primary,centre,0.8060185185185185,
bbbc041,site_b,b9025f55-789d-4acb-9c0a-34e877c95c5c_15,0,primary,centre,0.70525214630979,
bbbc041,site_b,06bbcd42-3ba8-4476-8804-8455f56dd928_9,0,primary,centre,0.4138591623728366,
bbbc041,site_b,f0ee03d6-c57b-43a0-8812-359330bdb93a_31,0,primary,centre,0.7181257344300822,
bbbc041,site_b,edea6ca9-3d52-4b4f-bec3-93799b1c26e3_31,0,primary,centre,0.4262364040622559,
bbbc041,site_b,c736848a-437c-4121-b99f-58f186eb3a1d_25,0,primary,centre,0.4792244682256573,
bbbc041,site_b,887cc81a-bae3-4360-a115-23ae05ac3a4f_7,0,primary,centre,0.4005246913580247,
bbbc041,site_b,37b4142a-2c7d-400d-8f01-4e438845a484_44,0,primary,centre,0.4965452847805789,
bbbc041,site_b,25865b39-56fb-409a-8800-3d368dd264ed_41,0,primary,centre,0.8926048466422248,
bbbc041,site_b,623982a0-1f73-4246-92cb-28f7c219efaf_44,0,primary,centre,0.4588697204045211,
bbbc041,site_b,25865b39-56fb-409a-8800-3d368dd264ed_50,0,primary,centre,0.8277777777777777,
bbbc041,site_b,2c03b3c9-7786-4e1b-ac2b-c98e9f8358f2_16,0,primary,centre,0.4625246548323471,
bbbc041,site_b,010961af-b38c-49de-aca0-e3732d73d414_21,0,primary,centre,0.5975308641975309,
bbbc041,site_b,351d6536-3a5c-46eb-a6e4-d71dd999908a_47,0,primary,centre,0.966821639898563,
bbbc041,site_b,25865b39-56fb-409a-8800-3d368dd264ed_37,0,primary,centre,0.8147470176881941,
bbbc041,site_b,bdfbad30-fa2f-4285-bf02-6064ab6d869c_31,0,primary,centre,0.4561602418745276,
bbbc041,site_b,96287315-87a1-4045-9e16-119e045bf12a_7,0,primary,centre,0.3904049934678473,
bbbc041,site_b,e93e617e-ed36-43d9-bd1a-4ffd2fba64e9_15,0,primary,centre,0.6571103896103896,
bbbc041,site_b,78ae52cf-8dad-4070-a40e-9af02faec1f0_37,0,primary,centre,0.40804615243734926,
bbbc041,site_b,5a2447bf-a92b-4a47-a384-4b2ff020ecdc_5,0,primary,centre,0.38880332986472427,
bbbc041,site_b,511b6e13-acd7-4dd3-b1d0-c4aa10a514c7_22,0,primary,centre,0.8942570225369059,
bbbc041,site_b,74bf1267-d98b-4532-a81d-9d8df63e0f75_28,0,primary,centre,0.4130392912172573,
bbbc041,site_b,4da8f6c5-5f85-4280-92d0-1ba008e8c404_33,0,primary,centre,0.7023659400708581,
bbbc041,site_b,9fd32265-07f2-442b-80b5-35069891d452_24,0,primary,centre,0.4381084369929692,
bbbc041,site_b,df4fd610-fa16-45ca-b3a3-a25a14e5c4e9_58,0,primary,centre,0.9606166601891437,
bbbc041,site_b,f08e873b-9617-42b3-9c7a-55d0e39c2663_18,0,primary,centre,0.4479124167006664,
bbbc041,site_b,34950f4e-fe44-49ec-9d49-14bd4a8ce7c0_19,0,primary,centre,0.7162576687116564,
bbbc041,site_b,efb85f8e-c780-4a19-b6ce-555a154b0d10_28,0,primary,centre,0.7055458639295712,
bbbc041,site_b,5a2447bf-a92b-4a47-a384-4b2ff020ecdc_34,0,primary,centre,0.24827664399092972,
bbbc041,site_b,3e03b313-66eb-471f-a97a-7b2bf20dcff5_27,0,primary,centre,0.8090412380574463,
bbbc041,site_b,96287315-87a1-4045-9e16-119e045bf12a_28,0,primary,centre,0.4171295737229803,
bbbc041,site_b,1b814efc-7bf9-40ae-8e13-49dc2c04732f_13,0,primary,centre,0.4280658209229638,
bbbc041,site_b,f0ee03d6-c57b-43a0-8812-359330bdb93a_26,0,primary,centre,0.7488588847393789,
bbbc041,site_b,8e1e0fd3-52fb-4ebb-82de-67bbd66fcf4d_4,0,primary,centre,0.3577413825937917,
bbbc041,site_b,37b4142a-2c7d-400d-8f01-4e438845a484_13,0,primary,centre,0.3754458977407848,
bbbc041,site_b,f0ee03d6-c57b-43a0-8812-359330bdb93a_16,0,primary,centre,0.5276536650163024,
bbbc041,site_b,a5c8bf78-61e2-492d-bae5-0ffeea81212b_1,0,primary,centre,0.4265140478668054,
bbbc041,site_b,e93e617e-ed36-43d9-bd1a-4ffd2fba64e9_51,0,primary,centre,0.6275595515473809,
bbbc041,site_b,294bc238-efdb-4f88-b83b-f41fe5750106_1,0,primary,centre,0.7436883250032039,
bbbc041,site_b,c328260d-bafa-4aaa-9e7a-79bc165d7fdb_2,0,primary,centre,0.39916087962962965,
bbbc041,site_b,5c399ab9-492c-4bfc-a452-83aba574a3bc_25,0,primary,centre,0.46985724114207084,
bbbc041,site_b,511b6e13-acd7-4dd3-b1d0-c4aa10a514c7_72,0,primary,centre,0.579514500881269,
bbbc041,site_b,25865b39-56fb-409a-8800-3d368dd264ed_60,0,primary,centre,0.8807960199004975,
bbbc041,site_b,f08e873b-9617-42b3-9c7a-55d0e39c2663_10,0,primary,centre,0.40837585034013607,
bbbc041,site_b,9cf0b006-cb5c-47e7-b076-1dcacf1fbfb1_3,0,primary,centre,0.4234009730627744,
bbbc041,site_b,8db76867-671a-4488-a7b6-991e4dd2e05f_16,0,primary,centre,0.46804138321995464,
bbbc041,site_b,b1d312cf-1f52-4955-bf42-58d3664c254a_12,0,primary,centre,0.4558316575696639,
bbbc041,site_b,b9025f55-789d-4acb-9c0a-34e877c95c5c_46,0,primary,centre,0.8017781190926276,
bbbc041,site_b,25865b39-56fb-409a-8800-3d368dd264ed_22,0,primary,centre,0.6364926987560844,
bbbc041,site_b,9fd32265-07f2-442b-80b5-35069891d452_34,0,primary,nearest,0.4583233818963458,
bbbc041,site_b,31c62771-4e90-4038-9abc-d196beda9898_8,0,primary,centre,0.40733206371191133,
bbbc041,site_b,a5c8bf78-61e2-492d-bae5-0ffeea81212b_17,0,primary,centre,0.42400929017273914,
bbbc041,site_b,a3548f89-1cb5-4e67-b460-482df95b10ee_33,0,primary,centre,0.31386363636363634,
bbbc041,site_b,bfbf234a-cbc4-4d00-ab7f-9043d1304b41_37,0,primary,centre,0.3150375939849624,
bbbc041,site_b,51f6463c-1622-4c0d-8482-b864e0ed2e74_24,0,primary,centre,0.9242271604938271,
bbbc041,site_b,baab0701-3fd4-4940-8b90-b9c42d95888f_1,0,primary,centre,0.7271471088435374,
bbbc041,site_b,0897f682-5301-49fc-a8d5-9df7762040bb_20,0,primary,centre,0.4234286543765423,
bbbc041,site_b,bdfbad30-fa2f-4285-bf02-6064ab6d869c_9,0,primary,centre,0.5050914844415595,
bbbc041,site_b,5a2447bf-a92b-4a47-a384-4b2ff020ecdc_14,0,primary,centre,0.34875211109026083,
bbbc041,site_b,25865b39-56fb-409a-8800-3d368dd264ed_39,0,primary,centre,0.8472094684215896,
bbbc041,site_b,51a42643-256f-463a-bf22-7fd295caead0_72,0,primary,centre,0.8722991689750692,
bbbc041,site_b,e6a7743e-4040-40fa-b097-ca6874c469b7_16,0,primary,centre,0.4214506172839506,
bbbc041,site_b,25865b39-56fb-409a-8800-3d368dd264ed_49,0,primary,centre,0.6315415581340279,
bbbc041,site_b,0346611b-ea43-45bd-9f16-c6e8086273d2_25,0,primary,centre,0.3323000768935025,
bbbc041,site_b,b47c1011-0cc6-400d-9300-1c72f873a6e5_2,0,primary,centre,0.3805097349918875,
bbbc041,site_b,cea1cd9b-9b03-407b-ad8d-348155567dab_31,0,primary,centre,0.7677477164990172,
bbbc041,site_b,74bf1267-d98b-4532-a81d-9d8df63e0f75_40,0,primary,centre,0.5528400660675793,
bbbc041,site_b,b1d312cf-1f52-4955-bf42-58d3664c254a_29,0,primary,centre,0.5133271126617712,
bbbc041,site_b,64985a1e-16bb-4016-a01c-c21a5b86e572_19,0,primary,centre,0.7014363354037267,
bbbc041,site_b,a5c8bf78-61e2-492d-bae5-0ffeea81212b_11,0,primary,centre,0.4092291255752794,
bbbc041,site_b,8db76867-671a-4488-a7b6-991e4dd2e05f_7,0,primary,centre,0.36053272038939965,
bbbc041,site_b,a612e0d5-6a95-43cc-96a6-6fbcb8d45ff4_16,0,primary,centre,0.309475,
bbbc041,site_b,f2b1ae99-8169-42ea-bdb4-3351175e4cb6_38,0,primary,centre,0.7591882104055362,
bbbc041,site_b,9fd32265-07f2-442b-80b5-35069891d452_23,0,primary,centre,0.42423041352886776,
bbbc041,site_b,34f334e6-a163-4af7-a1ed-51a7ef15934a_16,0,primary,centre,0.4102407180742554,
bbbc041,site_b,291fe50c-2134-4708-bfa4-09b36ffea123_16,0,primary,centre,0.4170439112720688,
bbbc041,site_b,51c6bc6b-4f37-4ce3-b624-840b27c1584a_17,0,primary,centre,0.414792899408284,
bbbc041,site_b,a4bd99a0-226a-4044-914b-8073d5890734_0,0,primary,centre,0.5070967741935484,
bbbc041,site_b,37a5a96b-f76e-4607-82fd-f47f7f2903c6_8,0,primary,centre,0.5922017084596307,
bbbc041,site_b,23e581e7-0fb7-42ff-ba55-a86beefc0619_39,0,primary,nearest,0.4130244407292413,
bbbc041,site_b,f070a212-e4e2-4743-804c-80789a36f495_27,0,primary,centre,0.40705882352941175,
bbbc041,site_b,51c6bc6b-4f37-4ce3-b624-840b27c1584a_29,0,primary,centre,0.15109844038235787,
bbbc041,site_b,78ae52cf-8dad-4070-a40e-9af02faec1f0_46,0,primary,centre,0.6298782569120491,
bbbc041,site_b,8298aca0-5099-4d45-88ca-ec8ac7922e77_30,0,primary,centre,0.38635182297467885,
bbbc041,site_b,f2b1ae99-8169-42ea-bdb4-3351175e4cb6_40,0,primary,centre,0.4258786848072562,
bbbc041,site_b,5c399ab9-492c-4bfc-a452-83aba574a3bc_10,0,primary,centre,0.4107062696393835,
bbbc041,site_b,8e1e0fd3-52fb-4ebb-82de-67bbd66fcf4d_2,0,primary,centre,0.3967391304347826,
bbbc041,site_b,8448ac8c-fa7a-475a-9ca2-dc0174f78a39_43,0,primary,centre,0.588899390884268,
bbbc041,site_b,511b6e13-acd7-4dd3-b1d0-c4aa10a514c7_13,0,primary,centre,0.3959968602825746,
bbbc041,site_b,74bf1267-d98b-4532-a81d-9d8df63e0f75_30,0,primary,centre,0.334372911561595,
bbbc041,site_b,37a5a96b-f76e-4607-82fd-f47f7f2903c6_44,0,primary,centre,0.89251271807996,
bbbc041,site_b,df4fd610-fa16-45ca-b3a3-a25a14e5c4e9_18,0,primary,centre,0.6535640138408304,
bbbc041,site_b,d9ecacb0-14c7-4862-930b-18bb51d5f392_18,0,primary,centre,0.39198697752572986,
bbbc041,site_b,34f334e6-a163-4af7-a1ed-51a7ef15934a_18,0,primary,centre,0.4071335234022333,
bbbc041,site_b,b1d312cf-1f52-4955-bf42-58d3664c254a_9,0,primary,centre,0.3921995813575975,
bbbc041,site_b,0864c569-2ad7-48ed-b12a-e40aa5b93756_30,0,primary,centre,0.4946882862734135,
bbbc041,site_b,a3548f89-1cb5-4e67-b460-482df95b10ee_41,0,primary,centre,0.21966091612135633,
bbbc041,site_b,5a2447bf-a92b-4a47-a384-4b2ff020ecdc_23,0,primary,centre,0.30155423810286813,
bbbc041,site_b,d9ecacb0-14c7-4862-930b-18bb51d5f392_14,0,primary,centre,0.5799286563614744,
bbbc041,site_b,deab75c9-00bc-488c-8b20-ff4515d85212_4,0,primary,centre,0.4807738237401481,
bbbc041,site_b,9cf3f75a-354c-46f9-8b53-0a9711ac8bee_14,0,primary,centre,0.6609346389618661,
bbbc041,site_b,da2197c7-7911-4be6-8bb9-164f47fd270a_22,0,primary,centre,0.5956640934997475,
bbbc041,site_b,47112c6b-aaf6-488d-8f3b-f9ed0cce9a95_5,0,primary,centre,0.4321705426356589,
bbbc041,site_b,bdfbad30-fa2f-4285-bf02-6064ab6d869c_30,0,primary,centre,0.38507055075102414,
bbbc041,site_b,738b7be5-59b5-4d8c-8769-cbf2385b9fc7_40,0,primary,centre,0.5400554353704705,
bbbc041,site_b,c70894fa-50e8-4eed-a5a8-159a20153a49_74,0,primary,centre,0.6401880141010576,
bbbc041,site_b,da2197c7-7911-4be6-8bb9-164f47fd270a_21,0,primary,centre,0.42950617283950615,
bbbc041,site_b,abb72ce2-4193-4dd3-a34c-61c2ee22ccff_26,0,primary,centre,0.35889146946205513,
bbbc041,site_b,7d16d1e8-4abf-46fc-81bc-d71bd08ed6f2_7,0,primary,centre,0.4503949933312814,
bbbc041,site_b,c6807595-100a-4aa1-a5f6-882a20ca3d32_17,0,primary,centre,0.4674592287761012,
bbbc041,site_b,78ae52cf-8dad-4070-a40e-9af02faec1f0_21,0,primary,centre,0.3360493827160494,
bbbc041,site_b,446734b7-6bc9-4a66-a3a0-49f6aa90db33_21,0,primary,centre,0.6009026638050751,
bbbc041,site_b,06bbcd42-3ba8-4476-8804-8455f56dd928_18,0,primary,centre,0.7779005176114127,
bbbc041,site_b,25865b39-56fb-409a-8800-3d368dd264ed_58,0,primary,centre,0.8241017964071856,
bbbc041,site_b,291fe50c-2134-4708-bfa4-09b36ffea123_17,0,primary,centre,0.37747759121323066,
bbbc041,site_b,bfbf234a-cbc4-4d00-ab7f-9043d1304b41_20,0,primary,centre,0.43077024706037786,
bbbc041,site_b,34f334e6-a163-4af7-a1ed-51a7ef15934a_10,0,primary,centre,0.4315680017211087,
bbbc041,site_b,5a2447bf-a92b-4a47-a384-4b2ff020ecdc_8,0,primary,centre,0.336523865744645,
bbbc041,site_b,3e03b313-66eb-471f-a97a-7b2bf20dcff5_42,0,primary,centre,0.5883366848606723,
bbbc041,site_b,91fd0c2e-8e9c-452d-97ab-304b05a049b3_1,0,primary,centre,0.4319165512465374,
bbbc041,site_b,b9025f55-789d-4acb-9c0a-34e877c95c5c_2,0,primary,centre,0.5142677077133153,
bbbc041,site_b,0e0bc36f-6fb2-4763-b0a1-b4c67b2d2d2a_14,0,primary,centre,0.3020096150974947,
bbbc041,site_b,47112c6b-aaf6-488d-8f3b-f9ed0cce9a95_9,0,primary,centre,0.43307307167116,
bbbc041,site_b,3e03b313-66eb-471f-a97a-7b2bf20dcff5_3,0,primary,centre,0.6479335061766052,
bbbc041,site_b,8e1e0fd3-52fb-4ebb-82de-67bbd66fcf4d_21,0,primary,centre,0.41570934256055364,
bbbc041,site_b,c3631a04-b757-407b-8e7e-1ed3a6c463d4_0,0,primary,centre,0.41444170482564285,
bbbc041,site_b,511b6e13-acd7-4dd3-b1d0-c4aa10a514c7_93,0,primary,centre,0.9850887573964497,
bbbc041,site_b,8448ac8c-fa7a-475a-9ca2-dc0174f78a39_17,0,primary,centre,0.6243228302929795,
bbbc041,site_b,f08e873b-9617-42b3-9c7a-55d0e39c2663_1,0,primary,centre,0.46780190362879237,
bbbc041,site_b,c6807595-100a-4aa1-a5f6-882a20ca3d32_14,0,primary,centre,0.4223597072150575,
bbbc041,site_b,06bbcd42-3ba8-4476-8804-8455f56dd928_40,0,primary,centre,0.8023469929153272,
bbbc041,site_b,c70894fa-50e8-4eed-a5a8-159a20153a49_63,0,primary,centre,0.31409485946745563,
bbbc041,site_b,d9ecacb0-14c7-4862-930b-18bb51d5f392_32,0,primary,centre,0.2837910899653979,
bbbc041,site_b,8111cff9-4c04-448e-990b-9d5010f7be56_20,0,primary,centre,0.7593412942989214,
bbbc041,site_b,0a3b53c7-e7ab-4135-80aa-fd2079d727d6_3,0,primary,centre,0.41963364293085653,
bbbc041,site_b,ef55f2ac-5a04-4986-99ab-0d2b5052ab3e_23,0,primary,centre,0.38636363636363635,
bbbc041,site_b,deab75c9-00bc-488c-8b20-ff4515d85212_18,0,primary,centre,0.6667987845157881,
bbbc041,site_b,edea6ca9-3d52-4b4f-bec3-93799b1c26e3_11,0,primary,centre,0.3761413440467494,
bbbc041,site_b,51c6bc6b-4f37-4ce3-b624-840b27c1584a_11,0,primary,centre,0.47224803168859114,
bbbc041,site_b,78ae52cf-8dad-4070-a40e-9af02faec1f0_32,0,primary,centre,0.4188297253855887,
bbbc041,site_b,f2b1ae99-8169-42ea-bdb4-3351175e4cb6_35,0,primary,centre,0.3244,
bbbc041,site_b,f8ebe0c8-a90d-4a64-9f6a-f9985e38c340_14,0,primary,centre,0.5412826663300089,
bbbc041,site_b,604478c7-1259-441a-8ad0-7059e191c9e4_19,0,primary,centre,0.39838395498160306,
bbbc041,site_b,c6807595-100a-4aa1-a5f6-882a20ca3d32_4,0,primary,centre,0.38422222222222224,
bbbc041,site_b,4b3de416-ac61-43eb-80d0-36b81c4baf82_25,0,primary,centre,0.30440616343490307,
bbbc041,site_b,f0ee03d6-c57b-43a0-8812-359330bdb93a_77,0,primary,centre,0.9421990574576324,
bbbc041,site_b,37a5a96b-f76e-4607-82fd-f47f7f2903c6_31,0,primary,centre,0.9240173545587974,
bbbc041,site_b,a3548f89-1cb5-4e67-b460-482df95b10ee_30,0,primary,centre,0.26460595934280146,
bbbc041,site_b,51f6463c-1622-4c0d-8482-b864e0ed2e74_35,0,primary,centre,0.8239087301587301,
bbbc041,site_b,37df4ffb-f268-4557-94d6-bf68d005feae_8,0,primary,centre,0.4444481785186181,
bbbc041,site_b,d9ecacb0-14c7-4862-930b-18bb51d5f392_8,0,primary,centre,0.36941157133464825,
bbbc041,site_b,0e0bc36f-6fb2-4763-b0a1-b4c67b2d2d2a_13,0,primary,centre,0.46875,
bbbc041,site_b,1e647046-333b-4102-a0c6-4c29405c37b3_18,0,primary,centre,0.5402439024390244,
bbbc041,site_b,0346611b-ea43-45bd-9f16-c6e8086273d2_40,0,primary,centre,0.3938317100991489,
bbbc041,site_b,446734b7-6bc9-4a66-a3a0-49f6aa90db33_9,0,primary,centre,0.4269753086419753,
bbbc041,site_b,edea6ca9-3d52-4b4f-bec3-93799b1c26e3_34,0,primary,centre,0.40141804198045183,
bbbc041,site_b,31c62771-4e90-4038-9abc-d196beda9898_20,0,primary,centre,0.4217668685121107,
bbbc041,site_b,738b7be5-59b5-4d8c-8769-cbf2385b9fc7_18,0,primary,centre,0.6373456790123457,
bbbc041,site_b,351d6536-3a5c-46eb-a6e4-d71dd999908a_49,0,primary,centre,0.9821640903686087,
bbbc041,site_b,c328260d-bafa-4aaa-9e7a-79bc165d7fdb_7,0,primary,centre,0.4341065402195737,
bbbc041,site_b,8298aca0-5099-4d45-88ca-ec8ac7922e77_8,0,primary,centre,0.4659155328798186,
bbbc041,site_b,96957ec3-de17-41cf-855b-1388814e5918_47,0,primary,centre,0.5570256465985656,
bbbc041,site_b,06bbcd42-3ba8-4476-8804-8455f56dd928_0,0,primary,centre,0.636917781204059,
bbbc041,site_b,df4fd610-fa16-45ca-b3a3-a25a14e5c4e9_25,0,primary,centre,0.5881327479338843,
bbbc041,site_b,9cf0b006-cb5c-47e7-b076-1dcacf1fbfb1_10,0,primary,centre,0.4085886297820454,
bbbc041,site_b,604478c7-1259-441a-8ad0-7059e191c9e4_61,0,primary,centre,0.4167814825020667,
bbbc041,site_b,8448ac8c-fa7a-475a-9ca2-dc0174f78a39_81,0,primary,nearest,0.3369839666708749,
bbbc041,site_b,df4fd610-fa16-45ca-b3a3-a25a14e5c4e9_34,0,primary,centre,0.7078236322086302,
bbbc041,site_b,f0ee03d6-c57b-43a0-8812-359330bdb93a_25,0,primary,centre,0.7622311980885197,
bbbc041,site_b,887cc81a-bae3-4360-a115-23ae05ac3a4f_25,0,primary,centre,0.335144140228886,
bbbc041,site_b,deab75c9-00bc-488c-8b20-ff4515d85212_42,0,primary,centre,0.7932256235827665,
bbbc041,site_b,96957ec3-de17-41cf-855b-1388814e5918_46,0,primary,centre,0.4832179930795848,
bbbc041,site_b,15625643-d964-4b14-9839-c126384ae35b_9,0,primary,centre,0.5498303167420815,
bbbc041,site_b,96287315-87a1-4045-9e16-119e045bf12a_20,0,primary,centre,0.49163471592889507,
bbbc041,site_b,6040cf0d-9dd6-4798-9406-1afbbcd24d4c_32,0,primary,centre,0.44429202865416856,
bbbc041,site_b,51a42643-256f-463a-bf22-7fd295caead0_73,0,primary,centre,0.85036156412471,
bbbc041,site_b,8e22f8cc-b6ef-48cb-a06d-a44cb1fb5f2f_7,0,primary,centre,0.5328591923323464,
bbbc041,site_b,96957ec3-de17-41cf-855b-1388814e5918_37,0,primary,centre,0.758121876201461,
bbbc041,site_b,dea9006d-c360-4118-b77b-8bc959fa5f8a_30,0,primary,centre,0.9360004526935265,
bbbc041,site_b,bd4da4f8-8996-47e0-a4e5-a3da5717441e_5,0,primary,centre,0.39441558441558444,
bbbc041,site_b,294bc238-efdb-4f88-b83b-f41fe5750106_79,0,primary,nearest,0.22220078875171467,
bbbc041,site_b,3ce76f1d-636a-48b9-b0e3-fc7eb791a169_13,0,primary,centre,0.3079344482891196,
bbbc041,site_b,3ce76f1d-636a-48b9-b0e3-fc7eb791a169_27,0,primary,centre,0.5973142657830485,
bbbc041,site_b,03be08c8-2cf3-4de6-8ac6-5f7817a6a643_8,0,primary,centre,0.5138534580498866,
bbbc041,site_b,78ae52cf-8dad-4070-a40e-9af02faec1f0_13,0,primary,centre,0.38748643254787996,
bbbc041,site_b,a5c8bf78-61e2-492d-bae5-0ffeea81212b_22,0,primary,centre,0.8131422390481341,
bbbc041,site_b,9cf3f75a-354c-46f9-8b53-0a9711ac8bee_16,0,primary,centre,0.4009916955575264,
bbbc041,site_b,8111cff9-4c04-448e-990b-9d5010f7be56_29,0,primary,centre,0.566717791411043,
bbbc041,site_b,c3631a04-b757-407b-8e7e-1ed3a6c463d4_21,0,primary,centre,0.3985549132947977,
bbbc041,site_b,f0ee03d6-c57b-43a0-8812-359330bdb93a_60,0,primary,centre,0.8190134041782393,
bbbc041,site_b,31c62771-4e90-4038-9abc-d196beda9898_16,0,primary,nearest,0.08288368696498843,
bbbc041,site_b,511b6e13-acd7-4dd3-b1d0-c4aa10a514c7_95,0,primary,centre,0.9808693803804868,
bbbc041,site_b,693da701-2020-404c-866d-b64c12da951d_19,0,primary,centre,0.32975475228996354,
bbbc041,site_b,4da8f6c5-5f85-4280-92d0-1ba008e8c404_20,0,primary,centre,0.422890625,
bbbc041,site_b,efb85f8e-c780-4a19-b6ce-555a154b0d10_63,0,primary,centre,0.855191256830601,
bbbc041,site_b,efb85f8e-c780-4a19-b6ce-555a154b0d10_83,0,primary,centre,0.9320437932905614,
bbbc041,site_b,6040cf0d-9dd6-4798-9406-1afbbcd24d4c_13,0,primary,centre,0.3912483912483912,
bbbc041,site_b,6d9a2241-2cce-42b3-a11d-a3a6b432dd89_20,0,primary,centre,0.5466358024691358,
bbbc041,site_b,511b6e13-acd7-4dd3-b1d0-c4aa10a514c7_18,0,primary,centre,0.7262710857685911,
bbbc041,site_b,a1265844-329c-4a49-a37f-e0541b83a50c_9,0,primary,centre,0.48680606281957634,
bbbc041,site_b,9cf3f75a-354c-46f9-8b53-0a9711ac8bee_2,0,primary,centre,0.41549744897959184,
bbbc041,site_b,37a5a96b-f76e-4607-82fd-f47f7f2903c6_21,0,primary,centre,0.9222202423378475,
bbbc041,site_b,51a42643-256f-463a-bf22-7fd295caead0_7,0,primary,centre,0.5850742663929477,
bbbc041,site_b,efb85f8e-c780-4a19-b6ce-555a154b0d10_72,0,primary,centre,0.9134628310256755,
bbbc041,site_b,e6a7743e-4040-40fa-b097-ca6874c469b7_7,0,primary,centre,0.5650503615702479,
bbbc041,site_b,738b7be5-59b5-4d8c-8769-cbf2385b9fc7_42,0,primary,centre,0.6735802469135802,
bbbc041,site_b,efb85f8e-c780-4a19-b6ce-555a154b0d10_62,0,primary,centre,0.9242285884176772,
bbbc041,site_b,f070a212-e4e2-4743-804c-80789a36f495_0,0,primary,centre,0.4223147047166072,
bbbc041,site_b,deab75c9-00bc-488c-8b20-ff4515d85212_7,0,primary,centre,0.460928077191646,
bbbc041,site_b,cea1cd9b-9b03-407b-ad8d-348155567dab_40,0,primary,centre,0.28278119420749853,
bbbc041,site_b,087602a2-288b-4a4d-b01a-524f0d799d89_38,0,primary,centre,0.4113569488456315,
bbbc041,site_b,3e03b313-66eb-471f-a97a-7b2bf20dcff5_1,0,primary,centre,0.45023762929829464,
bbbc041,site_b,a5c8bf78-61e2-492d-bae5-0ffeea81212b_7,0,primary,centre,0.4662324049116502,
bbbc041,site_b,efb85f8e-c780-4a19-b6ce-555a154b0d10_49,0,primary,centre,0.6981635374987175,
bbbc041,site_b,b6fe541f-3be2-41a8-8124-757fc1ad875e_18,0,primary,centre,0.3657640701839597,
bbbc041,site_b,5a2447bf-a92b-4a47-a384-4b2ff020ecdc_0,0,primary,centre,0.4399764150943396,
bbbc041,site_b,f2b1ae99-8169-42ea-bdb4-3351175e4cb6_47,0,primary,centre,0.5272181982797646,
bbbc041,site_b,15a5849d-8bc7-4e01-938b-c1f55067787d_16,0,primary,centre,0.6169823100936525,
bbbc041,site_b,e6a7743e-4040-40fa-b097-ca6874c469b7_15,0,primary,centre,0.5339236521054703,
bbbc041,site_b,c6807595-100a-4aa1-a5f6-882a20ca3d32_23,0,primary,centre,0.34499906173766187,
bbbc041,site_b,c3631a04-b757-407b-8e7e-1ed3a6c463d4_17,0,primary,centre,0.3333199807723121,
bbbc041,site_b,37a5a96b-f76e-4607-82fd-f47f7f2903c6_26,0,primary,centre,0.3398933102652826,
bbbc041,site_b,4b3de416-ac61-43eb-80d0-36b81c4baf82_26,0,primary,centre,0.46188837466872357,
bbbc041,site_b,e26b88c6-5884-4b5c-94d7-ad780379c8ad_56,0,primary,centre,0.22279200765224785,
bbbc041,site_b,3e03b313-66eb-471f-a97a-7b2bf20dcff5_51,0,primary,centre,0.4688208616780045,
bbbc041,site_b,aa57ec7c-8f35-4990-a790-62efc9df8fe8_31,0,primary,centre,0.28319221761844715,
bbbc041,site_b,d1394e1a-dedd-4458-a024-044dae2cd69d_18,0,primary,centre,0.40780068372526673,
bbbc041,site_b,cc453255-b583-425e-bc3e-284ccf120944_34,0,primary,centre,0.3909266409266409,
bbbc041,site_b,a4bd99a0-226a-4044-914b-8073d5890734_3,0,primary,centre,0.4686635944700461,
bbbc041,site_b,37b4142a-2c7d-400d-8f01-4e438845a484_17,0,primary,centre,0.45295493025880834,
bbbc041,site_b,c11081a1-4fd9-4003-8bd9-0727eae62d0a_10,0,primary,centre,0.39100346020761245,
bbbc041,site_b,d9ecacb0-14c7-4862-930b-18bb51d5f392_19,0,primary,centre,0.5836003845537574,
bbbc041,site_b,294bc238-efdb-4f88-b83b-f41fe5750106_5,0,primary,centre,0.37057010785824346,
bbbc041,site_b,b910c1db-9c66-4207-892f-18a03ecc75bc_49,0,primary,centre,0.5649329672104668,
bbbc041,site_b,f08e873b-9617-42b3-9c7a-55d0e39c2663_3,0,primary,centre,0.4152624365072966,
bbbc041,site_b,b1d312cf-1f52-4955-bf42-58d3664c254a_10,0,primary,centre,0.3336109954185756,
bbbc041,site_b,51a42643-256f-463a-bf22-7fd295caead0_13,0,primary,centre,0.6735747418823882,
bbbc041,site_b,b6fe541f-3be2-41a8-8124-757fc1ad875e_5,0,primary,centre,0.6098766551786686,
bbbc041,site_b,91fd0c2e-8e9c-452d-97ab-304b05a049b3_26,0,primary,centre,0.2574489688736389,
bbbc041,site_b,0a3b53c7-e7ab-4135-80aa-fd2079d727d6_1,0,primary,centre,0.43536878339130125,
bbbc041,site_b,c736848a-437c-4121-b99f-58f186eb3a1d_17,0,primary,centre,0.3675188267934998,
bbbc041,site_b,6e20a860-1f9a-4a74-b167-4c6a79bd8778_16,0,primary,centre,0.5439688467554024,
bbbc041,site_b,9cf0b006-cb5c-47e7-b076-1dcacf1fbfb1_8,0,primary,centre,0.3922039323273891,
bbbc041,site_b,0346611b-ea43-45bd-9f16-c6e8086273d2_10,0,primary,centre,0.45986696230598667,
bbbc041,site_b,087602a2-288b-4a4d-b01a-524f0d799d89_26,0,primary,centre,0.35759174054539333,
bbbc041,site_b,25865b39-56fb-409a-8800-3d368dd264ed_32,0,primary,centre,0.768836291913215,
bbbc041,site_b,d1394e1a-dedd-4458-a024-044dae2cd69d_11,0,primary,centre,0.43063812921125644,
bbbc041,site_b,b47c1011-0cc6-400d-9300-1c72f873a6e5_6,0,primary,centre,0.3485813148788927,
bbbc041,site_b,74bf1267-d98b-4532-a81d-9d8df63e0f75_20,0,primary,centre,0.49238743116294137,
bbbc041,site_b,e26b88c6-5884-4b5c-94d7-ad780379c8ad_43,0,primary,centre,0.5517108804306036,
bbbc041,site_b,c70894fa-50e8-4eed-a5a8-159a20153a49_30,0,primary,centre,0.8211277410372433,
bbbc041,site_b,693da701-2020-404c-866d-b64c12da951d_21,0,primary,centre,0.44595517123677325,
bbbc041,site_b,34f334e6-a163-4af7-a1ed-51a7ef15934a_22,0,primary,centre,0.2728407118055556,
bbbc041,site_b,37a5a96b-f76e-4607-82fd-f47f7f2903c6_40,0,primary,centre,0.8391164994425864,
bbbc041,site_b,a5c8bf78-61e2-492d-bae5-0ffeea81212b_28,0,primary,centre,0.4065913511895855,
bbbc041,site_b,e26b88c6-5884-4b5c-94d7-ad780379c8ad_27,0,primary,centre,0.39046374019540386,
bbbc041,site_b,b9025f55-789d-4acb-9c0a-34e877c95c5c_82,0,primary,nearest,0.44698060941828255,
bbbc041,site_b,224c80b8-6c55-48cf-b719-96a47d223dc3_52,0,primary,centre,0.7723819194005812,
bbbc041,site_b,c736848a-437c-4121-b99f-58f186eb3a1d_10,0,primary,centre,0.5207825026141513,
bbbc041,site_b,f8ebe0c8-a90d-4a64-9f6a-f9985e38c340_18,0,primary,centre,0.42200121932632223,
bbbc041,site_b,294bc238-efdb-4f88-b83b-f41fe5750106_73,0,primary,centre,0.5654277191002177,
bbbc041,site_b,a612e0d5-6a95-43cc-96a6-6fbcb8d45ff4_13,0,primary,centre,0.36891847468770544,
bbbc041,site_b,06bbcd42-3ba8-4476-8804-8455f56dd928_52,0,primary,centre,0.792649727767695,
bbbc041,site_b,cea1cd9b-9b03-407b-ad8d-348155567dab_41,0,primary,centre,0.8951717376842547,
bbbc041,site_b,f0ee03d6-c57b-43a0-8812-359330bdb93a_81,0,primary,centre,0.7093892632036514,
bbbc041,site_b,6040cf0d-9dd6-4798-9406-1afbbcd24d4c_36,0,primary,centre,0.4879632404355209,
bbbc041,site_b,623982a0-1f73-4246-92cb-28f7c219efaf_9,0,primary,centre,0.5675666099773242,
bbbc041,site_b,010961af-b38c-49de-aca0-e3732d73d414_16,0,primary,centre,0.4797827903091061,
bbbc041,site_b,c8d1b7ec-be9f-4c88-a39b-2c6bf46b2998_15,0,primary,centre,0.4037832874196511,
bbbc041,site_b,efb85f8e-c780-4a19-b6ce-555a154b0d10_42,0,primary,centre,0.8352820716078743,
bbbc041,site_b,1e647046-333b-4102-a0c6-4c29405c37b3_30,0,primary,centre,0.5659897735573411,
bbbc041,site_b,f2b1ae99-8169-42ea-bdb4-3351175e4cb6_12,0,primary,centre,0.38961038961038963,
bbbc041,site_b,738b7be5-59b5-4d8c-8769-cbf2385b9fc7_47,0,primary,centre,0.6981923183418377,
bbbc041,site_b,b6fe541f-3be2-41a8-8124-757fc1ad875e_29,0,primary,nearest,0.1393578007334621,
bbbc041,site_b,ebc4056e-d766-43cf-b6b4-5dac79d96e84_0,0,primary,centre,0.4907824067353752,
bbbc041,site_b,a1265844-329c-4a49-a37f-e0541b83a50c_1,0,primary,centre,0.40889300975570425,
bbbc041,site_b,5bfde411-aa51-45d0-8b67-a57c5f1e628b_7,0,primary,centre,0.5834119496855346,
bbbc041,site_b,b910c1db-9c66-4207-892f-18a03ecc75bc_6,0,primary,centre,0.38884779750164367,
bbbc041,site_b,4dcd5df9-c56c-471b-8d44-fa4b1ca9a600_26,0,primary,centre,0.33837890625,
bbbc041,site_b,47112c6b-aaf6-488d-8f3b-f9ed0cce9a95_17,0,primary,centre,0.41561224489795917,
bbbc041,site_b,41be1bd3-0d31-4881-bf1f-3ccdfa21ff12_61,0,primary,centre,0.5726740403383214,
bbbc041,site_b,087602a2-288b-4a4d-b01a-524f0d799d89_41,0,primary,centre,0.6467858759619738,
bbbc041,site_b,bc820fb6-5ba8-4438-affe-e250d2ad5eb0_6,0,primary,centre,0.41931304926298096,
bbbc041,site_b,54c88d45-30c3-46f8-8fef-b3e9c07781f2_9,0,primary,centre,0.3475,
bbbc041,site_b,5a2447bf-a92b-4a47-a384-4b2ff020ecdc_13,0,primary,centre,0.388525564803805,
bbbc041,site_b,df4fd610-fa16-45ca-b3a3-a25a14e5c4e9_53,0,primary,centre,0.8331469363474122,
bbbc041,site_b,c8d1b7ec-be9f-4c88-a39b-2c6bf46b2998_3,0,primary,centre,0.3959155161078238,
bbbc041,site_b,f8ebe0c8-a90d-4a64-9f6a-f9985e38c340_59,0,primary,centre,0.7655775234131114,
bbbc041,site_b,010961af-b38c-49de-aca0-e3732d73d414_18,0,primary,centre,0.5704104771160164,
bbbc041,site_b,224c80b8-6c55-48cf-b719-96a47d223dc3_31,0,primary,centre,0.4337716262975779,
bbbc041,site_b,f0ee03d6-c57b-43a0-8812-359330bdb93a_65,0,primary,centre,0.6967860422405877,
bbbc041,site_b,a6e72060-5bde-490c-bdd7-7d9cb0fce7fc_29,0,primary,centre,0.8990633608815427,
bbbc041,site_b,a6e72060-5bde-490c-bdd7-7d9cb0fce7fc_30,0,primary,centre,0.914364640883978,
bbbc041,site_b,511b6e13-acd7-4dd3-b1d0-c4aa10a514c7_89,0,primary,centre,0.505072463768116,
bbbc041,site_b,f070a212-e4e2-4743-804c-80789a36f495_29,0,primary,centre,0.39748481426085897,
bbbc041,site_b,294bc238-efdb-4f88-b83b-f41fe5750106_75,0,primary,nearest,0.013192851104939018,
bbbc041,site_b,f8ebe0c8-a90d-4a64-9f6a-f9985e38c340_39,0,primary,centre,0.7687112084702447,
bbbc041,site_b,34950f4e-fe44-49ec-9d49-14bd4a8ce7c0_38,0,primary,centre,0.6584048105979671,
bbbc041,site_b,51a42643-256f-463a-bf22-7fd295caead0_25,0,primary,centre,0.57838326446281,
bbbc041,site_b,9cf0b006-cb5c-47e7-b076-1dcacf1fbfb1_23,0,primary,centre,0.4429411764705882,
bbbc041,site_b,8db76867-671a-4488-a7b6-991e4dd2e05f_17,0,primary,centre,0.41123115375312425,
bbbc041,site_b,aa57ec7c-8f35-4990-a790-62efc9df8fe8_30,0,primary,centre,0.30029585798816566,
bbbc041,site_b,4b3de416-ac61-43eb-80d0-36b81c4baf82_22,0,primary,centre,0.5481424148606812,
bbbc041,site_b,f8ebe0c8-a90d-4a64-9f6a-f9985e38c340_5,0,primary,centre,0.3990512156299741,
bbbc041,site_b,294bc238-efdb-4f88-b83b-f41fe5750106_4,0,primary,centre,0.3909898919484141,
bbbc041,site_b,c11081a1-4fd9-4003-8bd9-0727eae62d0a_2,0,primary,centre,0.42690217391304347,
bbbc041,site_b,5a2447bf-a92b-4a47-a384-4b2ff020ecdc_21,0,primary,centre,0.3322047992397244,
bbbc041,site_b,a6e72060-5bde-490c-bdd7-7d9cb0fce7fc_27,0,primary,centre,0.9210526315789473,
bbbc041,site_b,a6e72060-5bde-490c-bdd7-7d9cb0fce7fc_6,0,primary,centre,0.4257554007212633,
bbbc041,site_b,25865b39-56fb-409a-8800-3d368dd264ed_55,0,primary,centre,0.7533264462809918,
bbbc041,site_b,f2b1ae99-8169-42ea-bdb4-3351175e4cb6_49,0,primary,centre,0.46176470588235297,
bbbc041,site_b,b47c1011-0cc6-400d-9300-1c72f873a6e5_4,0,primary,centre,0.43899653979238756,
bbbc041,site_b,087602a2-288b-4a4d-b01a-524f0d799d89_43,0,primary,centre,0.7518707089408316,
bbbc041,site_b,087602a2-288b-4a4d-b01a-524f0d799d89_28,0,primary,centre,0.4220518334087823,
bbbc041,site_b,6e20a860-1f9a-4a74-b167-4c6a79bd8778_3,0,primary,centre,0.44824573195321954,
bbbc041,site_b,efb85f8e-c780-4a19-b6ce-555a154b0d10_46,0,primary,centre,0.7430421603747589,
bbbc041,site_b,abb72ce2-4193-4dd3-a34c-61c2ee22ccff_1,0,primary,centre,0.3919544321822713,
bbbc041,site_b,e26b88c6-5884-4b5c-94d7-ad780379c8ad_11,0,primary,centre,0.4656327543424318,
bbbc041,site_b,c70894fa-50e8-4eed-a5a8-159a20153a49_14,0,primary,centre,0.5058265909914261,
bbbc041,site_b,693da701-2020-404c-866d-b64c12da951d_10,0,primary,centre,0.3926053517064573,
bbbc041,site_b,ebc4056e-d766-43cf-b6b4-5dac79d96e84_32,0,primary,centre,0.7247351114358787,
bbbc041,site_b,351d6536-3a5c-46eb-a6e4-d71dd999908a_38,0,primary,centre,0.36435990197222545,
bbbc041,site_b,2c03b3c9-7786-4e1b-ac2b-c98e9f8358f2_29,0,primary,centre,0.2938730955035303,
bbbc041,site_b,8874ea02-d263-4830-99d1-e1b14230a56b_40,0,primary,centre,0.4215372539548364,
bbbc041,site_b,efb85f8e-c780-4a19-b6ce-555a154b0d10_61,0,primary,centre,0.4813496301570349,
bbbc041,site_b,1e647046-333b-4102-a0c6-4c29405c37b3_17,0,primary,centre,0.39446164430684555,
bbbc041,site_b,03be08c8-2cf3-4de6-8ac6-5f7817a6a643_52,0,primary,centre,0.778589542325806,
bbbc041,site_b,a5c8bf78-61e2-492d-bae5-0ffeea81212b_53,0,primary,centre,0.9007219417131721,
bbbc041,site_b,3e03b313-66eb-471f-a97a-7b2bf20dcff5_22,0,primary,centre,0.3356168831168831,
bbbc041,site_b,ef55f2ac-5a04-4986-99ab-0d2b5052ab3e_25,0,primary,centre,0.49379520052596976,
bbbc041,site_b,abb72ce2-4193-4dd3-a34c-61c2ee22ccff_34,0,primary,centre,0.5279512082321656,
bbbc041,site_b,511b6e13-acd7-4dd3-b1d0-c4aa10a514c7_1,0,primary,centre,0.569197896120973,
bbbc041,site_b,deab75c9-00bc-488c-8b20-ff4515d85212_43,0,primary,centre,0.9139546351084813,
bbbc041,site_b,f0ee03d6-c57b-43a0-8812-359330bdb93a_27,0,primary,centre,0.7569776881946194,
bbbc041,site_b,446734b7-6bc9-4a66-a3a0-49f6aa90db33_6,0,primary,centre,0.7252487945008721,
bbbc041,site_b,a6e72060-5bde-490c-bdd7-7d9cb0fce7fc_19,0,primary,centre,0.6111516034985423,
bbbc041,site_b,224c80b8-6c55-48cf-b719-96a47d223dc3_39,0,primary,centre,0.3466140696909928,
bbbc041,site_b,f2b1ae99-8169-42ea-bdb4-3351175e4cb6_17,0,primary,centre,0.42887080867850097,
bbbc041,site_b,64985a1e-16bb-4016-a01c-c21a5b86e572_48,0,primary,centre,0.5535840188014101,
bbbc041,site_b,351d6536-3a5c-46eb-a6e4-d71dd999908a_22,0,primary,centre,0.8268983845441786,
bbbc041,site_b,9cf0b006-cb5c-47e7-b076-1dcacf1fbfb1_36,0,primary,centre,0.6810485516115871,
bbbc041,site_b,03be08c8-2cf3-4de6-8ac6-5f7817a6a643_12,0,primary,centre,0.41605964228309567,
bbbc041,site_b,baab0701-3fd4-4940-8b90-b9c42d95888f_28,0,primary,centre,0.613795697821552,
bbbc041,site_b,bd4da4f8-8996-47e0-a4e5-a3da5717441e_7,0,primary,centre,0.4091741493383743,
bbbc041,site_b,abb72ce2-4193-4dd3-a34c-61c2ee22ccff_31,0,primary,centre,0.43653648509763615,
bbbc041,site_b,e6a7743e-4040-40fa-b097-ca6874c469b7_42,0,primary,centre,0.440647264823089,
bbbc041,site_b,41be1bd3-0d31-4881-bf1f-3ccdfa21ff12_17,0,primary,centre,0.6472980239279473,
bbbc041,site_b,51a42643-256f-463a-bf22-7fd295caead0_55,0,primary,centre,0.54249583374179,
bbbc041,site_b,a5c8bf78-61e2-492d-bae5-0ffeea81212b_12,0,primary,centre,0.5296448712086572,
bbbc041,site_b,cea1cd9b-9b03-407b-ad8d-348155567dab_61,0,primary,nearest,0.24752279032897345,
bbbc041,site_b,a3548f89-1cb5-4e67-b460-482df95b10ee_2,0,primary,centre,0.39589169000933705,
bbbc041,site_b,96287315-87a1-4045-9e16-119e045bf12a_17,0,primary,centre,0.4019635685017648,
bbbc041,site_b,738b7be5-59b5-4d8c-8769-cbf2385b9fc7_43,0,primary,centre,0.7534391534391535,
bbbc041,site_b,96afe167-6a2f-4770-aa74-e083fbd5e926_11,0,primary,centre,0.39263157894736844,
bbbc041,site_b,511b6e13-acd7-4dd3-b1d0-c4aa10a514c7_7,0,primary,centre,0.5115668883961567,
bbbc041,site_b,c8d1b7ec-be9f-4c88-a39b-2c6bf46b2998_19,0,primary,centre,0.391812865497076,
bbbc041,site_b,21116b9d-e6be-483f-8394-e74622b2e182_10,0,primary,centre,0.371098233532096,
bbbc041,site_b,604478c7-1259-441a-8ad0-7059e191c9e4_54,0,primary,centre,0.3874691358024691,
bbbc041,site_b,64985a1e-16bb-4016-a01c-c21a5b86e572_20,0,primary,centre,0.36480938416422287,
bbbc041,site_b,37a5a96b-f76e-4607-82fd-f47f7f2903c6_34,0,primary,centre,0.6631671280940764,
bbbc041,site_b,f2b1ae99-8169-42ea-bdb4-3351175e4cb6_1,0,primary,centre,0.3707487565533002,
bbbc041,site_b,8db76867-671a-4488-a7b6-991e4dd2e05f_49,0,primary,centre,0.6554676292285622,
bbbc041,site_b,f0ee03d6-c57b-43a0-8812-359330bdb93a_40,0,primary,centre,0.8017661691542288,
bbbc041,site_b,cc453255-b583-425e-bc3e-284ccf120944_10,0,primary,centre,0.35273324075243023,
bbbc041,site_b,446734b7-6bc9-4a66-a3a0-49f6aa90db33_68,0,primary,centre,0.5657953035002216,
bbbc041,site_b,f070a212-e4e2-4743-804c-80789a36f495_17,0,primary,nearest,0.4354728576305906,
bbbc041,site_b,604478c7-1259-441a-8ad0-7059e191c9e4_67,0,primary,centre,0.25585556278464544,
bbbc041,site_b,a5c8bf78-61e2-492d-bae5-0ffeea81212b_13,0,primary,centre,0.8833971088435374,
bbbc041,site_b,96287315-87a1-4045-9e16-119e045bf12a_21,0,primary,centre,0.4255972991689751,
bbbc041,site_b,294bc238-efdb-4f88-b83b-f41fe5750106_47,0,primary,centre,0.40456370938298647,
bbbc041,site_b,604478c7-1259-441a-8ad0-7059e191c9e4_58,0,primary,centre,0.2388974622770919,
bbbc041,site_b,baab0701-3fd4-4940-8b90-b9c42d95888f_20,0,primary,centre,0.8105732828555976,
bbbc041,site_b,96afe167-6a2f-4770-aa74-e083fbd5e926_21,0,primary,centre,0.3177562326869806,
bbbc041,site_b,03be08c8-2cf3-4de6-8ac6-5f7817a6a643_24,0,primary,centre,0.6865018296227899,
bbbc041,site_b,efb85f8e-c780-4a19-b6ce-555a154b0d10_10,0,primary,centre,0.34871031746031744,
bbbc041,site_b,c8d1b7ec-be9f-4c88-a39b-2c6bf46b2998_4,0,primary,centre,0.3991414760839766,
bbbc041,site_b,a4bd99a0-226a-4044-914b-8073d5890734_44,0,primary,centre,0.46656136577496976,
bbbc041,site_b,cc453255-b583-425e-bc3e-284ccf120944_2,0,primary,centre,0.3919140625,
bbbc041,site_b,34950f4e-fe44-49ec-9d49-14bd4a8ce7c0_0,0,primary,centre,0.5234720317024844,
bbbc041,site_b,b1d312cf-1f52-4955-bf42-58d3664c254a_23,0,primary,centre,0.3968858131487889,
bbbc041,site_b,9fd32265-07f2-442b-80b5-35069891d452_35,0,primary,centre,0.5307549175970229,
bbbc041,site_b,f8ebe0c8-a90d-4a64-9f6a-f9985e38c340_51,0,primary,centre,0.8279818772776519,
bbbc041,site_b,15625643-d964-4b14-9839-c126384ae35b_34,0,primary,centre,0.7220046675368854,
bbbc041,site_b,8111cff9-4c04-448e-990b-9d5010f7be56_37,0,primary,centre,0.5637396121883657,
bbbc041,site_b,6040cf0d-9dd6-4798-9406-1afbbcd24d4c_25,0,primary,centre,0.51027318640955,
bbbc041,site_b,15a5849d-8bc7-4e01-938b-c1f55067787d_12,0,primary,nearest,0.2576899063475546,
bbbc041,site_b,b910c1db-9c66-4207-892f-18a03ecc75bc_16,0,primary,centre,0.412987012987013,
bbbc041,site_b,06bbcd42-3ba8-4476-8804-8455f56dd928_5,0,primary,centre,0.573972996265441,
bbbc041,site_b,b47c1011-0cc6-400d-9300-1c72f873a6e5_22,0,primary,centre,0.33805435370470527,
bbbc041,site_b,8db76867-671a-4488-a7b6-991e4dd2e05f_8,0,primary,centre,0.3720849286460146,
bbbc041,site_b,dea9006d-c360-4118-b77b-8bc959fa5f8a_3,0,primary,centre,0.5255567725447243,
bbbc041,site_b,ebc4056e-d766-43cf-b6b4-5dac79d96e84_16,0,primary,centre,0.5054729710814367,
bbbc041,site_b,8db76867-671a-4488-a7b6-991e4dd2e05f_32,0,primary,centre,0.4289106224207134,
bbbc041,site_b,4dcd5df9-c56c-471b-8d44-fa4b1ca9a600_9,0,primary,centre,0.4375857338820302,
bbbc041,site_b,693da701-2020-404c-866d-b64c12da951d_15,0,primary,centre,0.4374405004759962,
bbbc041,site_b,8448ac8c-fa7a-475a-9ca2-dc0174f78a39_1,0,primary,centre,0.49698961937716263,
bbbc041,site_b,f0ee03d6-c57b-43a0-8812-359330bdb93a_64,0,primary,centre,0.7122933189944886,
bbbc041,site_b,8111cff9-4c04-448e-990b-9d5010f7be56_6,0,primary,centre,0.5734393053464515,
bbbc041,site_b,b9025f55-789d-4acb-9c0a-34e877c95c5c_59,0,primary,centre,0.2988909008601177,
bbbc041,site_b,ef55f2ac-5a04-4986-99ab-0d2b5052ab3e_32,0,primary,centre,0.4129601226993865,
bbbc041,site_b,64985a1e-16bb-4016-a01c-c21a5b86e572_43,0,primary,centre,0.5394573905212203,
bbbc041,site_b,5a2447bf-a92b-4a47-a384-4b2ff020ecdc_2,0,primary,centre,0.3757075471698113,
bbbc041,site_b,f08e873b-9617-42b3-9c7a-55d0e39c2663_7,0,primary,centre,0.3815490468375205,
bbbc041,site_b,604478c7-1259-441a-8ad0-7059e191c9e4_40,0,primary,centre,0.269564283604929,
bbbc041,site_b,e02301ac-68f7-4daf-b2ba-254b917f1cca_65,0,primary,centre,0.8864499788940481,
bbbc041,site_b,64985a1e-16bb-4016-a01c-c21a5b86e572_26,0,primary,centre,0.529283608868384,
bbbc041,site_b,f2b1ae99-8169-42ea-bdb4-3351175e4cb6_21,0,primary,centre,0.40722170117596135,
bbbc041,site_b,623982a0-1f73-4246-92cb-28f7c219efaf_41,0,primary,centre,0.6875865650969529,
bbbc041,site_b,0a3b53c7-e7ab-4135-80aa-fd2079d727d6_12,0,primary,centre,0.4005536332179931,
bbbc041,site_b,e02301ac-68f7-4daf-b2ba-254b917f1cca_7,0,primary,centre,0.6905297783933518,
bbbc041,site_b,abb72ce2-4193-4dd3-a34c-61c2ee22ccff_39,0,primary,centre,0.33695652173913043,
bbbc041,site_b,b9025f55-789d-4acb-9c0a-34e877c95c5c_19,0,primary,centre,0.7795683954054995,
bbbc041,site_b,f2b1ae99-8169-42ea-bdb4-3351175e4cb6_50,0,primary,centre,0.6002250197652497,
bbbc041,site_b,e93e617e-ed36-43d9-bd1a-4ffd2fba64e9_41,0,primary,centre,0.597060877293214,
bbbc041,site_b,8e22f8cc-b6ef-48cb-a06d-a44cb1fb5f2f_20,0,primary,centre,0.8579470820041284,
bbbc041,site_b,8874ea02-d263-4830-99d1-e1b14230a56b_32,0,primary,centre,0.37110423116615066,
bbbc041,site_b,c8d1b7ec-be9f-4c88-a39b-2c6bf46b2998_30,0,primary,centre,0.49382716049382713,
bbbc041,site_b,37a5a96b-f76e-4607-82fd-f47f7f2903c6_52,0,primary,centre,0.8892462311557789,
bbbc041,site_b,8448ac8c-fa7a-475a-9ca2-dc0174f78a39_3,0,primary,centre,0.48211143695014663,
bbbc041,site_b,3e03b313-66eb-471f-a97a-7b2bf20dcff5_40,0,primary,centre,0.44287414914074663,
bbbc041,site_b,b6fe541f-3be2-41a8-8124-757fc1ad875e_32,0,primary,centre,0.4537037037037037,
bbbc041,site_b,887cc81a-bae3-4360-a115-23ae05ac3a4f_11,0,primary,centre,0.4307770002164346,
bbbc041,site_b,f8ebe0c8-a90d-4a64-9f6a-f9985e38c340_16,0,primary,centre,0.3398354876615746,
bbbc041,site_b,511b6e13-acd7-4dd3-b1d0-c4aa10a514c7_65,0,primary,centre,0.4094807850798205,
bbbc041,site_b,9fd32265-07f2-442b-80b5-35069891d452_40,0,primary,centre,0.3613296206056387,
bbbc041,site_b,15a5849d-8bc7-4e01-938b-c1f55067787d_36,0,primary,centre,0.5123385106691828,
bbbc041,site_b,b9025f55-789d-4acb-9c0a-34e877c95c5c_68,0,primary,centre,0.46379970934073195,
bbbc041,site_b,f2b1ae99-8169-42ea-bdb4-3351175e4cb6_39,0,primary,centre,0.48164811745204833,
bbbc041,site_b,ebc4056e-d766-43cf-b6b4-5dac79d96e84_49,0,primary,centre,0.8181357649442755,
bbbc041,site_b,408745a6-79fb-4804-9c24-e2d6673f8f2e_11,0,primary,centre,0.433598659405111,
bbbc041,site_b,21116b9d-e6be-483f-8394-e74622b2e182_12,0,primary,centre,0.5960187353629977,
bbbc041,site_b,51a42643-256f-463a-bf22-7fd295caead0_46,0,primary,centre,0.6063156820732578,
bbbc041,site_b,4dcd5df9-c56c-471b-8d44-fa4b1ca9a600_40,0,primary,centre,0.40852584688697813,
bbbc041,site_b,d9ecacb0-14c7-4862-930b-18bb51d5f392_39,0,primary,centre,0.5955823677742667,
bbbc041,site_b,bfbf234a-cbc4-4d00-ab7f-9043d1304b41_45,0,primary,centre,0.37463800400980174,
bbbc041,site_b,b47c1011-0cc6-400d-9300-1c72f873a6e5_40,0,primary,centre,0.18453436963194503,
bbbc041,site_b,96287315-87a1-4045-9e16-119e045bf12a_35,0,primary,centre,0.5687540581487627,
bbbc041,site_b,41be1bd3-0d31-4881-bf1f-3ccdfa21ff12_5,0,primary,centre,0.36706737489516356,
bbbc041,site_b,5c399ab9-492c-4bfc-a452-83aba574a3bc_38,0,primary,centre,0.7195224130708001,
bbbc041,site_b,351d6536-3a5c-46eb-a6e4-d71dd999908a_32,0,primary,centre,0.7090005165289256,
bbbc041,site_b,6040cf0d-9dd6-4798-9406-1afbbcd24d4c_43,0,primary,centre,0.4788112082119573,
bbbc041,site_b,c736848a-437c-4121-b99f-58f186eb3a1d_19,0,primary,centre,0.5077351013565006,
bbbc041,site_b,a6e72060-5bde-490c-bdd7-7d9cb0fce7fc_23,0,primary,centre,0.7083820662768031,
bbbc041,site_b,03be08c8-2cf3-4de6-8ac6-5f7817a6a643_13,0,primary,centre,0.4571277579601004,
bbbc041,site_b,8448ac8c-fa7a-475a-9ca2-dc0174f78a39_60,0,primary,centre,0.46754682622268473,
bbbc041,site_b,3e03b313-66eb-471f-a97a-7b2bf20dcff5_57,0,primary,centre,0.39849624060150374,
bbbc041,site_b,294bc238-efdb-4f88-b83b-f41fe5750106_27,0,primary,centre,0.890219282979464,
bbbc041,site_b,623982a0-1f73-4246-92cb-28f7c219efaf_26,0,primary,centre,0.6238738738738738,
bbbc041,site_b,5c399ab9-492c-4bfc-a452-83aba574a3bc_35,0,primary,nearest,0.344296875,
bbbc041,site_b,74bf1267-d98b-4532-a81d-9d8df63e0f75_19,0,primary,centre,0.41311578726235076,
bbbc041,site_b,c11081a1-4fd9-4003-8bd9-0727eae62d0a_38,0,primary,centre,0.5652505446623094,
bbbc041,site_b,a6e72060-5bde-490c-bdd7-7d9cb0fce7fc_10,0,primary,centre,0.8467121498040354,
bbbc041,site_b,511b6e13-acd7-4dd3-b1d0-c4aa10a514c7_15,0,primary,centre,0.5190263605442177,
bbbc041,site_b,34f334e6-a163-4af7-a1ed-51a7ef15934a_3,0,primary,centre,0.42601626016260163,
bbbc041,site_b,a5c8bf78-61e2-492d-bae5-0ffeea81212b_55,0,primary,centre,0.3585055401239278,
bbbc041,site_b,41be1bd3-0d31-4881-bf1f-3ccdfa21ff12_3,0,primary,centre,0.5645369406867846,
bbbc041,site_b,96afe167-6a2f-4770-aa74-e083fbd5e926_12,0,primary,centre,0.5163543721236029,
bbbc041,site_b,ebc4056e-d766-43cf-b6b4-5dac79d96e84_17,0,primary,centre,0.600775,
bbbc041,site_b,41be1bd3-0d31-4881-bf1f-3ccdfa21ff12_10,0,primary,centre,0.5185172293769579,
bbbc041,site_b,0897f682-5301-49fc-a8d5-9df7762040bb_33,0,primary,centre,0.4375598086124402,
bbbc041,site_b,cea1cd9b-9b03-407b-ad8d-348155567dab_66,0,primary,nearest,0.00036776636019469986,
bbbc041,site_b,087602a2-288b-4a4d-b01a-524f0d799d89_8,0,primary,centre,0.4153422772617819,
bbbc041,site_b,0897f682-5301-49fc-a8d5-9df7762040bb_23,0,primary,centre,0.3672446845590798,
bbbc041,site_b,738b7be5-59b5-4d8c-8769-cbf2385b9fc7_37,0,primary,centre,0.32969135802469135,
bbbc041,site_b,a1265844-329c-4a49-a37f-e0541b83a50c_42,0,primary,centre,0.6496564935922843,
bbbc041,site_b,511b6e13-acd7-4dd3-b1d0-c4aa10a514c7_33,0,primary,centre,0.5011946629439716,
bbbc041,site_b,5bfde411-aa51-45d0-8b67-a57c5f1e628b_32,0,primary,centre,0.6543392504930966,
bbbc041,site_b,ebc4056e-d766-43cf-b6b4-5dac79d96e84_43,0,primary,centre,0.4889493914157591,
bbbc041,site_b,e26b88c6-5884-4b5c-94d7-ad780379c8ad_65,0,primary,centre,0.3901466426550039,
bbbc041,site_b,8448ac8c-fa7a-475a-9ca2-dc0174f78a39_35,0,primary,centre,0.7885093167701863,
bbbc041,site_b,3147f1e4-6fc4-4eff-a9dd-ddeee5e2de13_35,0,primary,centre,0.535100463254845,
bbbc041,site_b,37df4ffb-f268-4557-94d6-bf68d005feae_24,0,primary,centre,0.23086939102564102,
bbbc041,site_b,df4fd610-fa16-45ca-b3a3-a25a14e5c4e9_40,0,primary,centre,0.6124943310657597,
bbbc041,site_b,e93e617e-ed36-43d9-bd1a-4ffd2fba64e9_10,0,primary,centre,0.6588098675538259,
bbbc041,site_b,96957ec3-de17-41cf-855b-1388814e5918_44,0,primary,centre,0.41526955950032873,
bbbc041,site_b,4da8f6c5-5f85-4280-92d0-1ba008e8c404_37,0,primary,centre,0.3327365451388889,
bbbc041,site_b,a4bd99a0-226a-4044-914b-8073d5890734_37,0,primary,centre,0.42623384253819036,
bbbc041,site_b,3ce76f1d-636a-48b9-b0e3-fc7eb791a169_18,0,primary,centre,0.42015954570037856,
bbbc041,site_b,604478c7-1259-441a-8ad0-7059e191c9e4_64,0,primary,centre,0.49564344365161894,
bbbc041,site_b,bc820fb6-5ba8-4438-affe-e250d2ad5eb0_10,0,primary,centre,0.6664151702630653,
bbbc041,site_b,51f6463c-1622-4c0d-8482-b864e0ed2e74_10,0,primary,centre,0.7479214513343659,
bbbc041,site_b,e26b88c6-5884-4b5c-94d7-ad780379c8ad_66,0,primary,centre,0.35858585858585856,
bbbc041,site_b,f070a212-e4e2-4743-804c-80789a36f495_25,0,primary,centre,0.43413407029478457,
bbbc041,site_b,e26b88c6-5884-4b5c-94d7-ad780379c8ad_22,0,primary,centre,0.42032113913504504,
bbbc041,site_b,aa57ec7c-8f35-4990-a790-62efc9df8fe8_32,0,primary,centre,0.49772946859903383,
bbbc041,site_b,0897f682-5301-49fc-a8d5-9df7762040bb_5,0,primary,centre,0.4319487577639752,
bbbc041,site_b,ebc4056e-d766-43cf-b6b4-5dac79d96e84_1,0,primary,centre,0.5091796187314521,
bbbc041,site_b,010961af-b38c-49de-aca0-e3732d73d414_1,0,primary,centre,0.4099603718945283,
bbbc041,site_b,4dcd5df9-c56c-471b-8d44-fa4b1ca9a600_35,0,primary,centre,0.43193207571259856,
bbbc041,site_b,f0ee03d6-c57b-43a0-8812-359330bdb93a_97,0,primary,nearest,0.02279188314871091,
bbbc041,site_b,3ce76f1d-636a-48b9-b0e3-fc7eb791a169_6,0,primary,centre,0.4007346272446944,
bbbc041,site_b,51a42643-256f-463a-bf22-7fd295caead0_20,0,primary,centre,0.7278374565972222,
bbbc041,site_b,6e20a860-1f9a-4a74-b167-4c6a79bd8778_13,0,primary,centre,0.43571728817630456,
bbbc041,site_b,446734b7-6bc9-4a66-a3a0-49f6aa90db33_13,0,primary,centre,0.3936451314572599,
bbbc041,site_b,da2197c7-7911-4be6-8bb9-164f47fd270a_23,0,primary,centre,0.3891779396462019,
bbbc041,site_b,446734b7-6bc9-4a66-a3a0-49f6aa90db33_51,0,primary,centre,0.7752152194707195,
bbbc041,site_b,291fe50c-2134-4708-bfa4-09b36ffea123_18,0,primary,centre,0.45938806955756106,
bbbc041,site_b,c6807595-100a-4aa1-a5f6-882a20ca3d32_24,0,primary,centre,0.41407644259369425,
bbbc041,site_b,abb72ce2-4193-4dd3-a34c-61c2ee22ccff_24,0,primary,centre,0.40081075042293085,
bbbc041,site_b,3e03b313-66eb-471f-a97a-7b2bf20dcff5_13,0,primary,centre,0.3703790832101089,
bbbc041,site_b,bdfbad30-fa2f-4285-bf02-6064ab6d869c_32,0,primary,centre,0.4060135976252035,
bbbc041,site_b,dea9006d-c360-4118-b77b-8bc959fa5f8a_11,0,primary,centre,0.4155864197530864,
bbbc041,site_b,54c88d45-30c3-46f8-8fef-b3e9c07781f2_12,0,primary,nearest,0.22839506172839505,
bbbc041,site_b,a1265844-329c-4a49-a37f-e0541b83a50c_4,0,primary,centre,0.6957398837071318,
bbbc041,site_b,efb85f8e-c780-4a19-b6ce-555a154b0d10_24,0,primary,centre,0.8099196976854038,
bbbc041,site_b,511b6e13-acd7-4dd3-b1d0-c4aa10a514c7_74,0,primary,centre,0.6983402321240159,
bbbc041,site_b,a6e72060-5bde-490c-bdd7-7d9cb0fce7fc_36,0,primary,centre,0.9611721611721612,
bbbc041,site_b,da2197c7-7911-4be6-8bb9-164f47fd270a_32,0,primary,centre,0.3711628837116288,
bbbc041,site_b,b1d312cf-1f52-4955-bf42-58d3664c254a_6,0,primary,centre,0.36500717316321235,
bbbc041,site_b,738b7be5-59b5-4d8c-8769-cbf2385b9fc7_9,0,primary,centre,0.750497571849375,
bbbc041,site_b,446734b7-6bc9-4a66-a3a0-49f6aa90db33_0,0,primary,centre,0.47859953750659256,
bbbc041,site_b,da2197c7-7911-4be6-8bb9-164f47fd270a_17,0,primary,centre,0.5243065530339303,
bbbc041,site_b,294bc238-efdb-4f88-b83b-f41fe5750106_44,0,primary,centre,0.44105150626353445,
bbbc041,site_b,8e22f8cc-b6ef-48cb-a06d-a44cb1fb5f2f_3,0,primary,centre,0.3566249545085524,
bbbc041,site_b,8874ea02-d263-4830-99d1-e1b14230a56b_14,0,primary,centre,0.5428073347107438,
bbbc041,site_b,15a5849d-8bc7-4e01-938b-c1f55067787d_31,0,primary,centre,0.4320749871597329,
bbbc041,site_b,0346611b-ea43-45bd-9f16-c6e8086273d2_17,0,primary,centre,0.39522603095143616,
bbbc041,site_b,8448ac8c-fa7a-475a-9ca2-dc0174f78a39_53,0,primary,centre,0.7515693100518078,
bbbc041,site_b,edea6ca9-3d52-4b4f-bec3-93799b1c26e3_41,0,primary,centre,0.19004132231404958,
bbbc041,site_b,6040cf0d-9dd6-4798-9406-1afbbcd24d4c_21,0,primary,centre,0.4350039335462076,
bbbc041,site_b,3147f1e4-6fc4-4eff-a9dd-ddeee5e2de13_23,0,primary,centre,0.41688315566305356,
bbbc041,site_b,96957ec3-de17-41cf-855b-1388814e5918_19,0,primary,nearest,0.22876962395034683,
bbbc041,site_b,df4fd610-fa16-45ca-b3a3-a25a14e5c4e9_23,0,primary,centre,0.7045990566037735,
bbbc041,site_b,8111cff9-4c04-448e-990b-9d5010f7be56_36,0,primary,centre,0.7737891195327874,
bbbc041,site_b,74bf1267-d98b-4532-a81d-9d8df63e0f75_37,0,primary,centre,0.6391465677179963,
bbbc041,site_b,23e581e7-0fb7-42ff-ba55-a86beefc0619_12,0,primary,centre,0.5091145833333334,
bbbc041,site_b,baab0701-3fd4-4940-8b90-b9c42d95888f_12,0,primary,centre,0.6954899852130663,
bbbc041,site_b,37b4142a-2c7d-400d-8f01-4e438845a484_43,0,primary,centre,0.6390249433106576,
bbbc041,site_b,b9025f55-789d-4acb-9c0a-34e877c95c5c_66,0,primary,centre,0.7418269535961404,
bbbc041,site_b,8e1e0fd3-52fb-4ebb-82de-67bbd66fcf4d_29,0,primary,centre,0.4494444444444444,
bbbc041,site_b,edea6ca9-3d52-4b4f-bec3-93799b1c26e3_44,0,primary,centre,0.44385456885456886,
bbbc041,site_b,51f6463c-1622-4c0d-8482-b864e0ed2e74_25,0,primary,centre,0.8113900273224044,
bbbc041,site_b,74bf1267-d98b-4532-a81d-9d8df63e0f75_12,0,primary,centre,0.48476175118922843,
bbbc041,site_b,7d16d1e8-4abf-46fc-81bc-d71bd08ed6f2_16,0,primary,centre,0.4381385127108577,
bbbc041,site_b,78ae52cf-8dad-4070-a40e-9af02faec1f0_45,0,primary,centre,0.31465028355387525,
bbbc041,site_b,c70894fa-50e8-4eed-a5a8-159a20153a49_58,0,primary,centre,0.7790269248937175,
bbbc041,site_b,41be1bd3-0d31-4881-bf1f-3ccdfa21ff12_50,0,primary,centre,0.6808382873956644,
bbbc041,site_b,c8d1b7ec-be9f-4c88-a39b-2c6bf46b2998_27,0,primary,centre,0.34013884614069284,
bbbc041,site_b,446734b7-6bc9-4a66-a3a0-49f6aa90db33_49,0,primary,centre,0.9482405008635578,
bbbc041,site_b,4da8f6c5-5f85-4280-92d0-1ba008e8c404_12,0,primary,centre,0.4951821386603995,
bbbc041,site_b,224c80b8-6c55-48cf-b719-96a47d223dc3_46,0,primary,centre,0.17480443854070227,
bbbc041,site_b,03be08c8-2cf3-4de6-8ac6-5f7817a6a643_48,0,primary,centre,0.5108887766696124,
bbbc041,site_b,0a3b53c7-e7ab-4135-80aa-fd2079d727d6_33,0,primary,centre,0.6268480414570949,
bbbc041,site_b,010961af-b38c-49de-aca0-e3732d73d414_17,0,primary,centre,0.3461000838691641,
bbbc041,site_b,8448ac8c-fa7a-475a-9ca2-dc0174f78a39_62,0,primary,centre,0.8482459099342217,
bbbc041,site_b,d9ecacb0-14c7-4862-930b-18bb51d5f392_49,0,primary,centre,0.5008777603252333,
bbbc041,site_b,a612e0d5-6a95-43cc-96a6-6fbcb8d45ff4_51,0,primary,centre,0.6675347222222222,
bbbc041,site_b,0346611b-ea43-45bd-9f16-c6e8086273d2_35,0,primary,centre,0.48849773440223077,
bbbc041,site_b,cea1cd9b-9b03-407b-ad8d-348155567dab_10,0,primary,centre,0.3812695109261186,
bbbc041,site_b,cea1cd9b-9b03-407b-ad8d-348155567dab_21,0,primary,centre,0.8826989619377162,
bbbc041,site_b,06bbcd42-3ba8-4476-8804-8455f56dd928_32,0,primary,centre,0.6939819632327436,
bbbc041,site_b,8e22f8cc-b6ef-48cb-a06d-a44cb1fb5f2f_11,0,primary,centre,0.31259515570934254,
bbbc041,site_b,b1d312cf-1f52-4955-bf42-58d3664c254a_28,0,primary,centre,0.5025103878116344,
bbbc041,site_b,c736848a-437c-4121-b99f-58f186eb3a1d_6,0,primary,centre,0.407920030757401,
bbbc041,site_b,bdfbad30-fa2f-4285-bf02-6064ab6d869c_8,0,primary,centre,0.30662635424540186,
bbbc041,site_b,51a42643-256f-463a-bf22-7fd295caead0_5,0,primary,centre,0.625448863792111,
bbbc041,site_b,e93e617e-ed36-43d9-bd1a-4ffd2fba64e9_38,0,primary,centre,0.5963466250835375,
bbbc041,site_b,d9ecacb0-14c7-4862-930b-18bb51d5f392_36,0,primary,centre,0.3334189021520558,
bbbc041,site_b,c736848a-437c-4121-b99f-58f186eb3a1d_22,0,primary,centre,0.4300063775510204,
bbbc041,site_b,a5c8bf78-61e2-492d-bae5-0ffeea81212b_2,0,primary,centre,0.5231043898340685,
bbbc041,site_b,351d6536-3a5c-46eb-a6e4-d71dd999908a_43,0,primary,centre,0.5883723013526829,
bbbc041,site_b,37a5a96b-f76e-4607-82fd-f47f7f2903c6_19,0,primary,centre,0.5634611763228925,
bbbc041,site_b,96287315-87a1-4045-9e16-119e045bf12a_8,0,primary,centre,0.5084918321069924,
bbbc041,site_b,f08e873b-9617-42b3-9c7a-55d0e39c2663_13,0,primary,centre,0.43316158870542415,
bbbc041,site_b,c70894fa-50e8-4eed-a5a8-159a20153a49_75,0,primary,centre,0.6323087532633861,
bbbc041,site_b,2c03b3c9-7786-4e1b-ac2b-c98e9f8358f2_22,0,primary,centre,0.4097020578209822,
bbbc041,site_b,294bc238-efdb-4f88-b83b-f41fe5750106_56,0,primary,centre,0.6171457814168744,
bbbc041,site_b,d9ecacb0-14c7-4862-930b-18bb51d5f392_11,0,primary,centre,0.3980968858131488,
bbbc041,site_b,abb72ce2-4193-4dd3-a34c-61c2ee22ccff_5,0,primary,centre,0.5189470289446102,
bbbc041,site_b,ebc4056e-d766-43cf-b6b4-5dac79d96e84_47,0,primary,centre,0.8652263374485597,
bbbc041,site_b,693da701-2020-404c-866d-b64c12da951d_14,0,primary,centre,0.31707890845543757,
bbbc041,site_b,74bf1267-d98b-4532-a81d-9d8df63e0f75_8,0,primary,centre,0.40054563492063494,
bbbc041,site_b,96957ec3-de17-41cf-855b-1388814e5918_39,0,primary,centre,0.8941044287007271,
bbbc041,site_b,a1265844-329c-4a49-a37f-e0541b83a50c_55,0,primary,centre,0.8581521739130434,
bbbc041,site_b,bfbf234a-cbc4-4d00-ab7f-9043d1304b41_5,0,primary,centre,0.361132331720567,
bbbc041,site_b,9cf0b006-cb5c-47e7-b076-1dcacf1fbfb1_42,0,primary,centre,0.3482543821526872,
bbbc041,site_b,96287315-87a1-4045-9e16-119e045bf12a_25,0,primary,centre,0.4209360554699538,
bbbc041,site_b,51a42643-256f-463a-bf22-7fd295caead0_26,0,primary,centre,0.5150308641975309,
bbbc041,site_b,f070a212-e4e2-4743-804c-80789a36f495_20,0,primary,centre,0.4413563651028364,
bbbc041,site_b,e93e617e-ed36-43d9-bd1a-4ffd2fba64e9_17,0,primary,centre,0.6882548476454293,
bbbc041,site_b,15a5849d-8bc7-4e01-938b-c1f55067787d_13,0,primary,centre,0.41219135802469137,
bbbc041,site_b,f2b1ae99-8169-42ea-bdb4-3351175e4cb6_3,0,primary,centre,0.4318478734213964,
bbbc041,site_b,15a5849d-8bc7-4e01-938b-c1f55067787d_27,0,primary,centre,0.40024892234836984,
bbbc041,site_b,3e03b313-66eb-471f-a97a-7b2bf20dcff5_61,0,primary,centre,0.5015075376884423,
bbbc041,site_b,a5c8bf78-61e2-492d-bae5-0ffeea81212b_29,0,primary,centre,0.3983408486530235,
bbbc041,site_b,e02301ac-68f7-4daf-b2ba-254b917f1cca_15,0,primary,centre,0.649633884610529,
bbbc041,site_b,a5c8bf78-61e2-492d-bae5-0ffeea81212b_26,0,primary,centre,0.3565860747787026,
bbbc041,site_b,25865b39-56fb-409a-8800-3d368dd264ed_46,0,primary,centre,0.7821126242178874,
bbbc041,site_b,c8d1b7ec-be9f-4c88-a39b-2c6bf46b2998_28,0,primary,centre,0.333757294628161,
bbbc041,site_b,64985a1e-16bb-4016-a01c-c21a5b86e572_5,0,primary,centre,0.40526751241036957,
bbbc041,site_b,6d9a2241-2cce-42b3-a11d-a3a6b432dd89_8,0,primary,centre,0.5721273291925466,
bbbc041,site_b,cea1cd9b-9b03-407b-ad8d-348155567dab_60,0,primary,centre,0.973078406023905,
bbbc041,site_b,25865b39-56fb-409a-8800-3d368dd264ed_7,0,primary,centre,0.7834063353012125,
bbbc041,site_b,c70894fa-50e8-4eed-a5a8-159a20153a49_50,0,primary,centre,0.8267958412098299,
bbbc041,site_b,a5c8bf78-61e2-492d-bae5-0ffeea81212b_59,0,primary,centre,0.34012569034469625,
bbbc041,site_b,51a42643-256f-463a-bf22-7fd295caead0_52,0,primary,centre,0.7649958228905598,
bbbc041,site_b,c8d1b7ec-be9f-4c88-a39b-2c6bf46b2998_20,0,primary,centre,0.656108276643991,
bbbc041,site_b,b1d312cf-1f52-4955-bf42-58d3664c254a_49,0,primary,centre,0.5102317554240631,
bbbc041,site_b,25865b39-56fb-409a-8800-3d368dd264ed_15,0,primary,centre,0.7763488543976349,
bbbc041,site_b,df4fd610-fa16-45ca-b3a3-a25a14e5c4e9_41,0,primary,centre,0.448597774729462,
bbbc041,site_b,64985a1e-16bb-4016-a01c-c21a5b86e572_31,0,primary,centre,0.42790021633315306,
bbbc041,site_b,0897f682-5301-49fc-a8d5-9df7762040bb_18,0,primary,centre,0.38555062823355507,
bbbc041,site_b,34950f4e-fe44-49ec-9d49-14bd4a8ce7c0_31,0,primary,centre,0.7933109243697479,
bbbc041,site_b,baab0701-3fd4-4940-8b90-b9c42d95888f_21,0,primary,centre,0.5362470640512919,
bbbc041,site_b,deab75c9-00bc-488c-8b20-ff4515d85212_31,0,primary,centre,0.5889698231009365,
bbbc041,site_b,8448ac8c-fa7a-475a-9ca2-dc0174f78a39_69,0,primary,centre,0.4856319329199057,
bbbc041,site_b,c328260d-bafa-4aaa-9e7a-79bc165d7fdb_29,0,primary,centre,0.3979591836734694,
bbbc041,site_b,e02301ac-68f7-4daf-b2ba-254b917f1cca_18,0,primary,centre,0.739055067322422,
bbbc041,site_b,8448ac8c-fa7a-475a-9ca2-dc0174f78a39_49,0,primary,nearest,0.27685486886384275,
bbbc041,site_b,f0ee03d6-c57b-43a0-8812-359330bdb93a_14,0,primary,centre,0.7566769388803287,
bbbc041,site_b,15a5849d-8bc7-4e01-938b-c1f55067787d_6,0,primary,centre,0.3623042116254786,
bbbc041,site_b,06bbcd42-3ba8-4476-8804-8455f56dd928_35,0,primary,centre,0.6836539483473271,
bbbc041,site_b,511b6e13-acd7-4dd3-b1d0-c4aa10a514c7_38,0,primary,centre,0.6035714285714285,
bbbc041,site_b,f0ee03d6-c57b-43a0-8812-359330bdb93a_54,0,primary,centre,0.8422839091275709,
bbbc041,site_b,a5c8bf78-61e2-492d-bae5-0ffeea81212b_16,0,primary,centre,0.6010764046074141,
bbbc041,site_b,ebc4056e-d766-43cf-b6b4-5dac79d96e84_27,0,primary,centre,0.5985710010474338,
bbbc041,site_b,37a5a96b-f76e-4607-82fd-f47f7f2903c6_13,0,primary,centre,0.663362011022987,
bbbc041,site_b,c70894fa-50e8-4eed-a5a8-159a20153a49_13,0,primary,centre,0.5637641284949435,
bbbc041,site_b,c6807595-100a-4aa1-a5f6-882a20ca3d32_0,0,primary,centre,0.3292341820987654,
bbbc041,site_b,8111cff9-4c04-448e-990b-9d5010f7be56_27,0,primary,centre,0.4996267431096778,
bbbc041,site_b,cea1cd9b-9b03-407b-ad8d-348155567dab_49,0,primary,centre,0.5516628219915417,
bbbc041,site_b,1e647046-333b-4102-a0c6-4c29405c37b3_45,0,primary,centre,0.6352365847211208,
bbbc041,site_b,ebc4056e-d766-43cf-b6b4-5dac79d96e84_10,0,primary,centre,0.6898217849515073,
bbbc041,site_b,37b4142a-2c7d-400d-8f01-4e438845a484_39,0,primary,centre,0.6995005945303211,
bbbc041,site_b,c11081a1-4fd9-4003-8bd9-0727eae62d0a_11,0,primary,centre,0.37322816643804296,
bbbc041,site_b,294bc238-efdb-4f88-b83b-f41fe5750106_46,0,primary,centre,0.9118679050567595,
bbbc041,site_b,74bf1267-d98b-4532-a81d-9d8df63e0f75_23,0,primary,centre,0.4172689909297052,
bbbc041,site_b,511b6e13-acd7-4dd3-b1d0-c4aa10a514c7_4,0,primary,centre,0.7216125590611188,
bbbc041,site_b,0897f682-5301-49fc-a8d5-9df7762040bb_24,0,primary,centre,0.4078075984663646,
bbbc041,site_b,3ce76f1d-636a-48b9-b0e3-fc7eb791a169_25,0,primary,centre,0.40679129864860647,
bbbc041,site_b,0a3b53c7-e7ab-4135-80aa-fd2079d727d6_4,0,primary,centre,0.41959912933067295,
bbbc041,site_b,06bbcd42-3ba8-4476-8804-8455f56dd928_41,0,primary,centre,0.8484706530724717,
bbbc041,site_b,604478c7-1259-441a-8ad0-7059e191c9e4_8,0,primary,centre,0.36564264464816953,
bbbc041,site_b,511b6e13-acd7-4dd3-b1d0-c4aa10a514c7_88,0,primary,centre,0.8746905351361646,
bbbc041,site_b,51c6bc6b-4f37-4ce3-b624-840b27c1584a_8,0,primary,centre,0.4593063785291042,
bbbc041,site_b,edea6ca9-3d52-4b4f-bec3-93799b1c26e3_22,0,primary,centre,0.3295642581356867,
bbbc041,site_b,511b6e13-acd7-4dd3-b1d0-c4aa10a514c7_73,0,primary,centre,0.8765405864853378,
bbbc041,site_b,0864c569-2ad7-48ed-b12a-e40aa5b93756_46,0,primary,centre,0.5259593123491454,
bbbc041,site_b,51a42643-256f-463a-bf22-7fd295caead0_67,0,primary,centre,0.9584347900380196,
bbbc041,site_b,06bbcd42-3ba8-4476-8804-8455f56dd928_31,0,primary,centre,0.8469140625,
bbbc041,site_b,96287315-87a1-4045-9e16-119e045bf12a_13,0,primary,centre,0.4635354736424891,
bbbc041,site_b,dea9006d-c360-4118-b77b-8bc959fa5f8a_8,0,primary,centre,0.3993471847341661,
bbbc041,site_b,abb72ce2-4193-4dd3-a34c-61c2ee22ccff_16,0,primary,centre,0.5254915409236397,
bbbc041,site_b,e26b88c6-5884-4b5c-94d7-ad780379c8ad_37,0,primary,centre,0.39817001180637546,
bbbc041,site_b,c736848a-437c-4121-b99f-58f186eb3a1d_4,0,primary,centre,0.501275389702409,
bbbc041,site_b,b1d312cf-1f52-4955-bf42-58d3664c254a_46,0,primary,centre,0.3160090702947846,
bbbc041,site_b,bc820fb6-5ba8-4438-affe-e250d2ad5eb0_41,0,primary,centre,0.6712907913859162,
bbbc041,site_b,446734b7-6bc9-4a66-a3a0-49f6aa90db33_60,0,primary,centre,0.7753650793650794,
bbbc041,site_b,dea9006d-c360-4118-b77b-8bc959fa5f8a_33,0,primary,centre,0.5197454420364637,
bbbc041,site_b,1e647046-333b-4102-a0c6-4c29405c37b3_24,0,primary,centre,0.6185433884297521,
bbbc041,site_b,c8d1b7ec-be9f-4c88-a39b-2c6bf46b2998_9,0,primary,centre,0.36488920915150425,
bbbc041,site_b,887cc81a-bae3-4360-a115-23ae05ac3a4f_6,0,primary,centre,0.47074756229685805,
bbbc041,site_b,3147f1e4-6fc4-4eff-a9dd-ddeee5e2de13_21,0,primary,centre,0.29941828254847647,
bbbc041,site_b,b910c1db-9c66-4207-892f-18a03ecc75bc_10,0,primary,centre,0.4282883706752019,
bbbc041,site_b,51c6bc6b-4f37-4ce3-b624-840b27c1584a_18,0,primary,centre,0.5159792652693261,
bbbc041,site_b,511b6e13-acd7-4dd3-b1d0-c4aa10a514c7_23,0,primary,centre,0.3428772064221648,
bbbc041,site_b,15625643-d964-4b14-9839-c126384ae35b_18,0,primary,centre,0.32909355837532633,
bbbc041,site_b,511b6e13-acd7-4dd3-b1d0-c4aa10a514c7_80,0,primary,centre,0.9750206309909224,
bbbc041,site_b,edea6ca9-3d52-4b4f-bec3-93799b1c26e3_14,0,primary,centre,0.34275510204081633,
bbbc041,site_b,41be1bd3-0d31-4881-bf1f-3ccdfa21ff12_46,0,primary,centre,0.6879021397575938,
bbbc041,site_b,d9255d7f-1282-442d-b152-73d7388526f9_38,0,primary,nearest,0.0012421788737578211,
bbbc041,site_b,37b4142a-2c7d-400d-8f01-4e438845a484_34,0,primary,centre,0.4029102765366502,
bbbc041,site_b,51a42643-256f-463a-bf22-7fd295caead0_65,0,primary,centre,0.9333425186001654,
bbbc041,site_b,23e581e7-0fb7-42ff-ba55-a86beefc0619_9,0,primary,centre,0.4454732510288066,
bbbc041,site_b,23e581e7-0fb7-42ff-ba55-a86beefc0619_26,0,primary,centre,0.645952133194589,
bbbc041,site_b,224c80b8-6c55-48cf-b719-96a47d223dc3_5,0,primary,centre,0.5813996831609356,
bbbc041,site_b,1b814efc-7bf9-40ae-8e13-49dc2c04732f_24,0,primary,centre,0.41333826429980275,
bbbc041,site_b,294bc238-efdb-4f88-b83b-f41fe5750106_15,0,primary,centre,0.5117003005581795,
bbbc041,site_b,03be08c8-2cf3-4de6-8ac6-5f7817a6a643_0,0,primary,centre,0.40901394823832943,
bbbc041,site_b,3147f1e4-6fc4-4eff-a9dd-ddeee5e2de13_30,0,primary,centre,0.2963157894736842,
bbbc041,site_b,c8d1b7ec-be9f-4c88-a39b-2c6bf46b2998_5,0,primary,centre,0.5317132670294614,
bbbc041,site_b,d9ecacb0-14c7-4862-930b-18bb51d5f392_1,0,primary,centre,0.39116143170197226,
bbbc041,site_b,e26b88c6-5884-4b5c-94d7-ad780379c8ad_13,0,primary,centre,0.3655700885189589,
bbbc041,site_b,a3548f89-1cb5-4e67-b460-482df95b10ee_6,0,primary,centre,0.39636752136752135,
bbbc041,site_b,d9ecacb0-14c7-4862-930b-18bb51d5f392_15,0,primary,centre,0.5001451589490492,
bbbc041,site_b,06bbcd42-3ba8-4476-8804-8455f56dd928_43,0,primary,centre,0.6892819979188346,
bbbc041,site_b,623982a0-1f73-4246-92cb-28f7c219efaf_48,0,primary,centre,0.463145198870645,
bbbc041,site_b,887cc81a-bae3-4360-a115-23ae05ac3a4f_17,0,primary,centre,0.39391837206613484,
bbbc041,site_b,887cc81a-bae3-4360-a115-23ae05ac3a4f_16,0,primary,centre,0.4010515122873346,
bbbc041,site_b,7d16d1e8-4abf-46fc-81bc-d71bd08ed6f2_13,0,primary,centre,0.41909090909090907,
bbbc041,site_b,511b6e13-acd7-4dd3-b1d0-c4aa10a514c7_26,0,primary,centre,0.5721449882562052,
bbbc041,site_b,0864c569-2ad7-48ed-b12a-e40aa5b93756_34,0,primary,centre,0.4868870178632381,
bbbc041,site_b,bd4da4f8-8996-47e0-a4e5-a3da5717441e_9,0,primary,centre,0.45272049519510277,
bbbc041,site_b,da2197c7-7911-4be6-8bb9-164f47fd270a_18,0,primary,centre,0.494368303775831,
bbbc041,site_b,738b7be5-59b5-4d8c-8769-cbf2385b9fc7_41,0,primary,centre,0.44169243177846484,
bbbc041,site_b,c8d1b7ec-be9f-4c88-a39b-2c6bf46b2998_32,0,primary,centre,0.5988745400764736,
bbbc041,site_b,738b7be5-59b5-4d8c-8769-cbf2385b9fc7_32,0,primary,centre,0.6404743030783459,
bbbc041,site_b,5bfde411-aa51-45d0-8b67-a57c5f1e628b_35,0,primary,centre,0.6875,
bbbc041,site_b,4dcd5df9-c56c-471b-8d44-fa4b1ca9a600_21,0,primary,centre,0.29748752672843903,
bbbc041,site_b,ef55f2ac-5a04-4986-99ab-0d2b5052ab3e_47,0,primary,centre,0.45134760206103847,
bbbc041,site_b,2c03b3c9-7786-4e1b-ac2b-c98e9f8358f2_20,0,primary,centre,0.5825,
bbbc041,site_b,3e03b313-66eb-471f-a97a-7b2bf20dcff5_6,0,primary,centre,0.6382575757575758,
bbbc041,site_b,bc820fb6-5ba8-4438-affe-e250d2ad5eb0_30,0,primary,centre,0.5086311041907166,
bbbc041,site_b,294bc238-efdb-4f88-b83b-f41fe5750106_21,0,primary,centre,0.8080365644639116,
bbbc041,site_b,96957ec3-de17-41cf-855b-1388814e5918_40,0,primary,centre,0.6579830992221165,
bbbc041,site_b,efb85f8e-c780-4a19-b6ce-555a154b0d10_79,0,primary,centre,0.954211337803435,
bbbc041,site_b,b47c1011-0cc6-400d-9300-1c72f873a6e5_21,0,primary,centre,0.39630450849963045,
bbbc041,site_b,3e03b313-66eb-471f-a97a-7b2bf20dcff5_7,0,primary,centre,0.41137443999863205,
bbbc041,site_b,623982a0-1f73-4246-92cb-28f7c219efaf_29,0,primary,centre,0.43688406251961587,
bbbc041,site_b,91fd0c2e-8e9c-452d-97ab-304b05a049b3_17,0,primary,centre,0.42430013330794136,
bbbc041,site_b,34950f4e-fe44-49ec-9d49-14bd4a8ce7c0_34,0,primary,centre,0.7695652173913043,
bbbc041,site_b,4da8f6c5-5f85-4280-92d0-1ba008e8c404_22,0,primary,centre,0.48549834671705244,
bbbc041,site_b,a612e0d5-6a95-43cc-96a6-6fbcb8d45ff4_3,0,primary,centre,0.39849403122130395,
bbbc041,site_b,4dcd5df9-c56c-471b-8d44-fa4b1ca9a600_38,0,primary,centre,0.2440409014739578,
bbbc041,site_b,37df4ffb-f268-4557-94d6-bf68d005feae_9,0,primary,centre,0.2769850706830493,
bbbc041,site_b,511b6e13-acd7-4dd3-b1d0-c4aa10a514c7_58,0,primary,centre,0.867822145615883,
bbbc041,site_b,0e0bc36f-6fb2-4763-b0a1-b4c67b2d2d2a_4,0,primary,centre,0.3625159371015725,
bbbc041,site_b,c8d1b7ec-be9f-4c88-a39b-2c6bf46b2998_24,0,primary,centre,0.29356158707137675,
bbbc041,site_b,31c62771-4e90-4038-9abc-d196beda9898_15,0,primary,centre,0.36342155009451793,
bbbc041,site_b,ebc4056e-d766-43cf-b6b4-5dac79d96e84_52,0,primary,centre,0.8378358208955224,
bbbc041,site_b,4da8f6c5-5f85-4280-92d0-1ba008e8c404_35,0,primary,centre,0.45045,
bbbc041,site_b,224c80b8-6c55-48cf-b719-96a47d223dc3_14,0,primary,centre,0.34507963867343355,
bbbc041,site_b,47112c6b-aaf6-488d-8f3b-f9ed0cce9a95_25,0,primary,centre,0.4996421670364274,
bbbc041,site_b,a6e72060-5bde-490c-bdd7-7d9cb0fce7fc_14,0,primary,centre,0.8270854441067207,
bbbc041,site_b,96afe167-6a2f-4770-aa74-e083fbd5e926_10,0,primary,centre,0.5370345476542546,
bbbc041,site_b,51c6bc6b-4f37-4ce3-b624-840b27c1584a_24,0,primary,centre,0.3815237966468361,
bbbc041,site_b,baab0701-3fd4-4940-8b90-b9c42d95888f_33,0,primary,centre,0.603523166023166,
bbbc041,site_b,511b6e13-acd7-4dd3-b1d0-c4aa10a514c7_19,0,primary,centre,0.6290740740740741,
bbbc041,site_b,623982a0-1f73-4246-92cb-28f7c219efaf_40,0,primary,centre,0.6376877560309513,
bbbc041,site_b,087602a2-288b-4a4d-b01a-524f0d799d89_29,0,primary,centre,0.47754302128916215,
bbbc041,site_b,d1394e1a-dedd-4458-a024-044dae2cd69d_31,0,primary,centre,0.48341140810140537,
bbbc041,site_b,a1265844-329c-4a49-a37f-e0541b83a50c_47,0,primary,centre,0.8359062015917953,
bbbc041,site_b,dea9006d-c360-4118-b77b-8bc959fa5f8a_15,0,primary,centre,0.5902668759811617,
bbbc041,site_b,0a3b53c7-e7ab-4135-80aa-fd2079d727d6_30,0,primary,centre,0.7202963377131675,
bbbc041,site_b,e6a7743e-4040-40fa-b097-ca6874c469b7_38,0,primary,centre,0.41686251468860164,
bbbc041,site_b,deab75c9-00bc-488c-8b20-ff4515d85212_45,0,primary,centre,0.6978784169726642,
bbbc041,site_b,51a42643-256f-463a-bf22-7fd295caead0_48,0,primary,centre,0.7128281432670847,
bbbc041,site_b,f2b1ae99-8169-42ea-bdb4-3351175e4cb6_13,0,primary,centre,0.4252794309769197,
bbbc041,site_b,91fd0c2e-8e9c-452d-97ab-304b05a049b3_12,0,primary,centre,0.4764888888888889,
bbbc041,site_b,df4fd610-fa16-45ca-b3a3-a25a14e5c4e9_2,0,primary,centre,0.5023649810801514,
bbbc041,site_b,6040cf0d-9dd6-4798-9406-1afbbcd24d4c_26,0,primary,centre,0.4322096198277673,
bbbc041,site_b,a612e0d5-6a95-43cc-96a6-6fbcb8d45ff4_44,0,primary,centre,0.5862214708368555,
bbbc041,site_b,23e581e7-0fb7-42ff-ba55-a86beefc0619_23,0,primary,centre,0.41699733063992495,
bbbc041,site_b,8111cff9-4c04-448e-990b-9d5010f7be56_34,0,primary,centre,0.7114240092901727,
bbbc041,site_b,e02301ac-68f7-4daf-b2ba-254b917f1cca_13,0,primary,centre,0.9145987654320987,
bbbc041,site_b,b910c1db-9c66-4207-892f-18a03ecc75bc_39,0,primary,centre,0.4321333333333333,
bbbc041,site_b,8874ea02-d263-4830-99d1-e1b14230a56b_5,0,primary,centre,0.4236950146627566,
bbbc041,site_b,51f6463c-1622-4c0d-8482-b864e0ed2e74_8,0,primary,centre,0.3634495464852608,
bbbc041,site_b,b910c1db-9c66-4207-892f-18a03ecc75bc_29,0,primary,centre,0.34757681626802833,
bbbc041,site_b,ebc4056e-d766-43cf-b6b4-5dac79d96e84_41,0,primary,centre,0.42169579054824957,
bbbc041,site_b,b9025f55-789d-4acb-9c0a-34e877c95c5c_52,0,primary,centre,0.578871382838491,
bbbc041,site_b,0346611b-ea43-45bd-9f16-c6e8086273d2_24,0,primary,centre,0.31799881401953745,
bbbc041,site_b,f8ebe0c8-a90d-4a64-9f6a-f9985e38c340_50,0,primary,centre,0.791123592075944,
bbbc041,site_b,b910c1db-9c66-4207-892f-18a03ecc75bc_4,0,primary,centre,0.4990368077055384,
bbbc041,site_b,ef55f2ac-5a04-4986-99ab-0d2b5052ab3e_41,0,primary,centre,0.18817941771544186,
bbbc041,site_b,ebb53337-1d4f-4ab5-9b6d-83a66f48fe2e_11,0,primary,centre,0.4178293889085129,
bbbc041,site_b,a1265844-329c-4a49-a37f-e0541b83a50c_44,0,primary,centre,0.65449762978379,
bbbc041,site_b,3ce76f1d-636a-48b9-b0e3-fc7eb791a169_26,0,primary,centre,0.546595381302443,
bbbc041,site_b,55078c19-bfaf-4988-a779-767e1c6d22f6_33,0,primary,centre,0.2608252458111236,
bbbc041,site_b,51c6bc6b-4f37-4ce3-b624-840b27c1584a_15,0,primary,nearest,0.2606262548592422,
bbbc041,site_b,0346611b-ea43-45bd-9f16-c6e8086273d2_34,0,primary,centre,0.2837129950019223,
bbbc041,site_b,511b6e13-acd7-4dd3-b1d0-c4aa10a514c7_46,0,primary,centre,0.40218572636155053,
bbbc041,site_b,e26b88c6-5884-4b5c-94d7-ad780379c8ad_38,0,primary,centre,0.316346051652673,
bbbc041,site_b,8874ea02-d263-4830-99d1-e1b14230a56b_24,0,primary,centre,0.6435261707988981,
bbbc041,site_b,d9ecacb0-14c7-4862-930b-18bb51d5f392_6,0,primary,centre,0.5956888888888889,
bbbc041,site_b,cc453255-b583-425e-bc3e-284ccf120944_14,0,primary,centre,0.33986686390532544,
bbbc041,site_b,8298aca0-5099-4d45-88ca-ec8ac7922e77_19,0,primary,centre,0.6253961068356723,
bbbc041,site_b,8448ac8c-fa7a-475a-9ca2-dc0174f78a39_52,0,primary,centre,0.8808373590982287,
bbbc041,site_b,64985a1e-16bb-4016-a01c-c21a5b86e572_3,0,primary,centre,0.4079788816180845,
bbbc041,site_b,cc453255-b583-425e-bc3e-284ccf120944_23,0,primary,nearest,0.14776851727382712,
bbbc041,site_b,5c399ab9-492c-4bfc-a452-83aba574a3bc_15,0,primary,centre,0.3614088326446281,
bbbc041,site_b,3147f1e4-6fc4-4eff-a9dd-ddeee5e2de13_12,0,primary,centre,0.43505046989209883,
bbbc041,site_b,4da8f6c5-5f85-4280-92d0-1ba008e8c404_49,0,primary,centre,0.4417745935519427,
bbbc041,site_b,e02301ac-68f7-4daf-b2ba-254b917f1cca_62,0,primary,centre,0.9542752629172382,
bbbc041,site_b,21116b9d-e6be-483f-8394-e74622b2e182_17,0,primary,nearest,0.35931729355659936,
bbbc041,site_b,e6a7743e-4040-40fa-b097-ca6874c469b7_20,0,primary,centre,0.329608938547486,
bbbc041,site_b,c70894fa-50e8-4eed-a5a8-159a20153a49_56,0,primary,centre,0.769708670577461,
bbbc041,site_b,96afe167-6a2f-4770-aa74-e083fbd5e926_4,0,primary,centre,0.3641157382368848,
bbbc041,site_b,06bbcd42-3ba8-4476-8804-8455f56dd928_45,0,primary,centre,0.7395564961354435,
bbbc041,site_b,54c88d45-30c3-46f8-8fef-b3e9c07781f2_3,0,primary,centre,0.4001101928374656,
bbbc041,site_b,b910c1db-9c66-4207-892f-18a03ecc75bc_11,0,primary,centre,0.550844580256345,
bbbc041,site_b,623982a0-1f73-4246-92cb-28f7c219efaf_5,0,primary,centre,0.41859270672829996,
bbbc041,site_b,3e03b313-66eb-471f-a97a-7b2bf20dcff5_25,0,primary,centre,0.6584316397145829,
bbbc041,site_b,8448ac8c-fa7a-475a-9ca2-dc0174f78a39_64,0,primary,centre,0.7300949598246895,
bbbc041,site_b,8e1e0fd3-52fb-4ebb-82de-67bbd66fcf4d_15,0,primary,centre,0.4369468332182537,
bbbc041,site_b,a1265844-329c-4a49-a37f-e0541b83a50c_49,0,primary,centre,0.8602158022972503,
bbbc041,site_b,5c399ab9-492c-4bfc-a452-83aba574a3bc_7,0,primary,centre,0.46799268404206673,
bbbc041,site_b,da2197c7-7911-4be6-8bb9-164f47fd270a_38,0,primary,centre,0.5875734430082257,
bbbc041,site_b,3147f1e4-6fc4-4eff-a9dd-ddeee5e2de13_8,0,primary,centre,0.3856229267124927,
bbbc041,site_b,e02301ac-68f7-4daf-b2ba-254b917f1cca_41,0,primary,centre,0.7818916437098256,
bbbc041,site_b,41be1bd3-0d31-4881-bf1f-3ccdfa21ff12_2,0,primary,centre,0.3699890470974808,
bbbc041,site_b,23e581e7-0fb7-42ff-ba55-a86beefc0619_30,0,primary,centre,0.3758205070167497,
bbbc041,site_b,23e581e7-0fb7-42ff-ba55-a86beefc0619_16,0,primary,centre,0.4383495991634716,
bbbc041,site_b,2c03b3c9-7786-4e1b-ac2b-c98e9f8358f2_27,0,primary,centre,0.42561534960260494,
bbbc041,site_b,693da701-2020-404c-866d-b64c12da951d_5,0,primary,centre,0.41352549889135254,
bbbc041,site_b,738b7be5-59b5-4d8c-8769-cbf2385b9fc7_29,0,primary,centre,0.3998314659342717,
bbbc041,site_b,087602a2-288b-4a4d-b01a-524f0d799d89_11,0,primary,centre,0.41388941788865613,
bbbc041,site_b,294bc238-efdb-4f88-b83b-f41fe5750106_78,0,primary,centre,0.7551538381850202,
bbbc041,site_b,224c80b8-6c55-48cf-b719-96a47d223dc3_41,0,primary,centre,0.20379384661117717,
bbbc041,site_b,f0ee03d6-c57b-43a0-8812-359330bdb93a_29,0,primary,centre,0.7747850017199862,
bbbc041,site_b,f0ee03d6-c57b-43a0-8812-359330bdb93a_82,0,primary,nearest,0.21934617380421842,
bbbc041,site_b,abb72ce2-4193-4dd3-a34c-61c2ee22ccff_43,0,primary,centre,0.2914752545583708,
bbbc041,site_b,96287315-87a1-4045-9e16-119e045bf12a_26,0,primary,centre,0.5269368489583334,
bbbc041,site_b,010961af-b38c-49de-aca0-e3732d73d414_29,0,primary,centre,0.5229830332409973,
bbbc041,site_b,abb72ce2-4193-4dd3-a34c-61c2ee22ccff_9,0,primary,centre,0.3880915907441748,
bbbc041,site_b,31c62771-4e90-4038-9abc-d196beda9898_14,0,primary,centre,0.49578837452140617,
bbbc041,site_b,abb72ce2-4193-4dd3-a34c-61c2ee22ccff_45,0,primary,centre,0.40664067751041805,
bbbc041,site_b,0864c569-2ad7-48ed-b12a-e40aa5b93756_47,0,primary,centre,0.4878246753246753,
bbbc041,site_b,d9255d7f-1282-442d-b152-73d7388526f9_8,0,primary,centre,0.7677952452645216,
bbbc041,site_b,34f334e6-a163-4af7-a1ed-51a7ef15934a_24,0,primary,centre,0.4563644103873989,
bbbc041,site_b,738b7be5-59b5-4d8c-8769-cbf2385b9fc7_25,0,primary,centre,0.5176242236024845,
bbbc041,site_b,693da701-2020-404c-866d-b64c12da951d_30,0,primary,centre,0.39401150109062066,
bbbc041,site_b,efb85f8e-c780-4a19-b6ce-555a154b0d10_7,0,primary,centre,0.4266409266409266,
bbbc041,site_b,738b7be5-59b5-4d8c-8769-cbf2385b9fc7_49,0,primary,centre,0.7684634694147179,
bbbc041,site_b,91fd0c2e-8e9c-452d-97ab-304b05a049b3_3,0,primary,centre,0.4237620103473762,
bbbc041,site_b,06bbcd42-3ba8-4476-8804-8455f56dd928_12,0,primary,centre,0.5687934027777778,
bbbc041,site_b,8448ac8c-fa7a-475a-9ca2-dc0174f78a39_45,0,primary,centre,0.451385519090793,
bbbc041,site_b,37a5a96b-f76e-4607-82fd-f47f7f2903c6_24,0,primary,centre,0.6247361640305913,
bbbc041,site_b,91fd0c2e-8e9c-452d-97ab-304b05a049b3_24,0,primary,centre,0.4771056689017175,
bbbc041,site_b,d9ecacb0-14c7-4862-930b-18bb51d5f392_16,0,primary,centre,0.3604947403024326,
bbbc041,site_b,e26b88c6-5884-4b5c-94d7-ad780379c8ad_21,0,primary,centre,0.340569307797346,
bbbc041,site_b,e93e617e-ed36-43d9-bd1a-4ffd2fba64e9_21,0,primary,centre,0.5891296869625043,
bbbc041,site_b,511b6e13-acd7-4dd3-b1d0-c4aa10a514c7_85,0,primary,centre,0.8263223656809663,
bbbc041,site_b,25865b39-56fb-409a-8800-3d368dd264ed_51,0,primary,centre,0.6865430815016673,
bbbc041,site_b,8db76867-671a-4488-a7b6-991e4dd2e05f_18,0,primary,centre,0.32548105534616145,
bbbc041,site_b,b9025f55-789d-4acb-9c0a-34e877c95c5c_8,0,primary,centre,0.7010437613712535,
bbbc041,site_b,37a5a96b-f76e-4607-82fd-f47f7f2903c6_18,0,primary,centre,0.8425825426280592,
bbbc041,site_b,623982a0-1f73-4246-92cb-28f7c219efaf_31,0,primary,centre,0.6499079117520279,
bbbc041,site_b,8448ac8c-fa7a-475a-9ca2-dc0174f78a39_65,0,primary,nearest,0.1464850938535149,
bbbc041,site_b,6040cf0d-9dd6-4798-9406-1afbbcd24d4c_1,0,primary,centre,0.4151662049861496,
bbbc041,site_b,baab0701-3fd4-4940-8b90-b9c42d95888f_52,0,primary,centre,0.627150980098758,
bbbc041,site_b,c70894fa-50e8-4eed-a5a8-159a20153a49_44,0,primary,centre,0.7068211561173354,
bbbc041,site_b,efb85f8e-c780-4a19-b6ce-555a154b0d10_16,0,primary,centre,0.605482794042116,
bbbc041,site_b,e02301ac-68f7-4daf-b2ba-254b917f1cca_24,0,primary,centre,0.7276704076876188,
bbbc041,site_b,8db76867-671a-4488-a7b6-991e4dd2e05f_23,0,primary,centre,0.36623629043454115,
bbbc041,site_b,d9ecacb0-14c7-4862-930b-18bb51d5f392_35,0,primary,centre,0.4319748276895415,
bbbc041,site_b,d9255d7f-1282-442d-b152-73d7388526f9_24,0,primary,centre,0.6989445984154979,
bbbc041,site_b,abb72ce2-4193-4dd3-a34c-61c2ee22ccff_36,0,primary,centre,0.33568888888888887,
bbbc041,site_b,b9025f55-789d-4acb-9c0a-34e877c95c5c_37,0,primary,centre,0.6685671993640525,
bbbc041,site_b,f070a212-e4e2-4743-804c-80789a36f495_15,0,primary,centre,0.4009645615213211,
bbbc041,site_b,887cc81a-bae3-4360-a115-23ae05ac3a4f_14,0,primary,centre,0.41408042506943604,
bbbc041,site_b,51c6bc6b-4f37-4ce3-b624-840b27c1584a_6,0,primary,centre,0.3477090222012282,
bbbc041,site_b,623982a0-1f73-4246-92cb-28f7c219efaf_21,0,primary,centre,0.5986403881472547,
bbbc041,site_b,a4bd99a0-226a-4044-914b-8073d5890734_32,0,primary,centre,0.46950922380786636,
bbbc041,site_b,8db76867-671a-4488-a7b6-991e4dd2e05f_31,0,primary,centre,0.358203125,
bbbc041,site_b,b47c1011-0cc6-400d-9300-1c72f873a6e5_37,0,primary,centre,0.5463940133220032,
bbbc041,site_b,511b6e13-acd7-4dd3-b1d0-c4aa10a514c7_71,0,primary,centre,0.5881976257327225,
bbbc041,site_b,78ae52cf-8dad-4070-a40e-9af02faec1f0_4,0,primary,centre,0.3528585818503709,
bbbc041,site_b,8db76867-671a-4488-a7b6-991e4dd2e05f_36,0,primary,centre,0.4539224381198097,
bbbc041,site_b,511b6e13-acd7-4dd3-b1d0-c4aa10a514c7_96,0,primary,centre,0.7903144812001758,
bbbc041,site_b,b9025f55-789d-4acb-9c0a-34e877c95c5c_84,0,primary,centre,0.9353409021917309,
bbbc041,site_b,deab75c9-00bc-488c-8b20-ff4515d85212_38,0,primary,centre,0.7693567026194145,
bbbc041,site_b,df4fd610-fa16-45ca-b3a3-a25a14e5c4e9_32,0,primary,centre,0.35723876953125,
bbbc041,site_b,f0ee03d6-c57b-43a0-8812-359330bdb93a_4,0,primary,centre,0.7750679040289724,
bbbc041,site_b,f08e873b-9617-42b3-9c7a-55d0e39c2663_8,0,primary,centre,0.38809758428140584,
bbbc041,site_b,e93e617e-ed36-43d9-bd1a-4ffd2fba64e9_46,0,primary,centre,0.6603671054220505,
bbbc041,site_b,3147f1e4-6fc4-4eff-a9dd-ddeee5e2de13_37,0,primary,centre,0.2843037708763699,
bbbc041,site_b,291fe50c-2134-4708-bfa4-09b36ffea123_8,0,primary,centre,0.5750309580096814,
bbbc041,site_b,55078c19-bfaf-4988-a779-767e1c6d22f6_0,0,primary,centre,0.48370438767484014,
bbbc041,site_b,351d6536-3a5c-46eb-a6e4-d71dd999908a_15,0,primary,centre,0.3851937752506359,
bbbc041,site_b,06bbcd42-3ba8-4476-8804-8455f56dd928_44,0,primary,centre,0.6559546313799622,
bbbc041,site_b,511b6e13-acd7-4dd3-b1d0-c4aa10a514c7_39,0,primary,centre,0.8477115470069193,
bbbc041,site_b,6d9a2241-2cce-42b3-a11d-a3a6b432dd89_30,0,primary,centre,0.7505008803351345,
bbbc041,site_b,c328260d-bafa-4aaa-9e7a-79bc165d7fdb_17,0,primary,centre,0.603840830449827,
bbbc041,site_b,efb85f8e-c780-4a19-b6ce-555a154b0d10_45,0,primary,centre,0.7431946924111177,
bbbc041,site_b,5a2447bf-a92b-4a47-a384-4b2ff020ecdc_16,0,primary,centre,0.4194245265673837,
bbbc041,site_b,c8d1b7ec-be9f-4c88-a39b-2c6bf46b2998_33,0,primary,centre,0.41767554479418884,
bbbc041,site_b,010961af-b38c-49de-aca0-e3732d73d414_45,0,primary,centre,0.5806749131944444,
bbbc041,site_b,c70894fa-50e8-4eed-a5a8-159a20153a49_60,0,primary,centre,0.7877430045041891,
bbbc041,site_b,55078c19-bfaf-4988-a779-767e1c6d22f6_18,0,primary,centre,0.4173873463814292,
bbbc041,site_b,f0ee03d6-c57b-43a0-8812-359330bdb93a_88,0,primary,nearest,0.030062071483630166,
bbbc041,site_b,f8ebe0c8-a90d-4a64-9f6a-f9985e38c340_9,0,primary,centre,0.6053722993827161,
bbbc041,site_b,4b3de416-ac61-43eb-80d0-36b81c4baf82_7,0,primary,centre,0.4381650607457059,
bbbc041,site_b,1b814efc-7bf9-40ae-8e13-49dc2c04732f_31,0,primary,centre,0.2742248062015504,
bbbc041,site_b,d9255d7f-1282-442d-b152-73d7388526f9_33,0,primary,centre,0.7435678391959799,
bbbc041,site_b,351d6536-3a5c-46eb-a6e4-d71dd999908a_29,0,primary,centre,0.7108012486992716,
bbbc041,site_b,a1265844-329c-4a49-a37f-e0541b83a50c_30,0,primary,centre,0.6390013495276653,
bbbc041,site_b,64985a1e-16bb-4016-a01c-c21a5b86e572_39,0,primary,centre,0.5554492630385488,
bbbc041,site_b,294bc238-efdb-4f88-b83b-f41fe5750106_84,0,primary,centre,0.5074119407044744,
bbbc041,site_b,96afe167-6a2f-4770-aa74-e083fbd5e926_22,0,primary,centre,0.5846938775510204,
bbbc041,site_b,8298aca0-5099-4d45-88ca-ec8ac7922e77_14,0,primary,centre,0.6424691358024691,
bbbc041,site_b,25865b39-56fb-409a-8800-3d368dd264ed_14,0,primary,centre,0.3211202852317508,
bbbc041,site_b,c328260d-bafa-4aaa-9e7a-79bc165d7fdb_18,0,primary,centre,0.40848214285714285,
bbbc041,site_b,0897f682-5301-49fc-a8d5-9df7762040bb_12,0,primary,centre,0.4804106827916352,
bbbc041,site_b,351d6536-3a5c-46eb-a6e4-d71dd999908a_11,0,primary,centre,0.6854455572675912,
bbbc041,site_b,a4bd99a0-226a-4044-914b-8073d5890734_10,0,primary,centre,0.46789696270665126,
bbbc041,site_b,291fe50c-2134-4708-bfa4-09b36ffea123_13,0,primary,centre,0.42040920552842415,
bbbc041,site_b,a1265844-329c-4a49-a37f-e0541b83a50c_39,0,primary,centre,0.7015510661391408,
bbbc041,site_b,8e1e0fd3-52fb-4ebb-82de-67bbd66fcf4d_24,0,primary,centre,0.36910994764397903,
bbbc041,site_b,6d9a2241-2cce-42b3-a11d-a3a6b432dd89_31,0,primary,centre,0.84395,
bbbc041,site_b,f0ee03d6-c57b-43a0-8812-359330bdb93a_43,0,primary,centre,0.9167474048442906,
bbbc041,site_b,693da701-2020-404c-866d-b64c12da951d_22,0,primary,centre,0.5202572153121604,
bbbc041,site_b,e02301ac-68f7-4daf-b2ba-254b917f1cca_43,0,primary,centre,0.5511064756031199,
bbbc041,site_b,511b6e13-acd7-4dd3-b1d0-c4aa10a514c7_103,0,primary,centre,0.9708962328301374,
bbbc041,site_b,34950f4e-fe44-49ec-9d49-14bd4a8ce7c0_21,0,primary,centre,0.808317001798706,
bbbc041,site_b,4da8f6c5-5f85-4280-92d0-1ba008e8c404_7,0,primary,centre,0.35920356446672236,
bbbc041,site_b,408745a6-79fb-4804-9c24-e2d6673f8f2e_30,0,primary,centre,0.5512120177534995,
bbbc041,site_b,91fd0c2e-8e9c-452d-97ab-304b05a049b3_32,0,primary,centre,0.508213447607387,
bbbc041,site_b,511b6e13-acd7-4dd3-b1d0-c4aa10a514c7_94,0,primary,centre,0.8504729257919127,
bbbc041,site_b,a3548f89-1cb5-4e67-b460-482df95b10ee_35,0,primary,centre,0.3111915669178858,
bbbc041,site_b,37b4142a-2c7d-400d-8f01-4e438845a484_41,0,primary,centre,0.4376690102758248,
bbbc041,site_b,bfbf234a-cbc4-4d00-ab7f-9043d1304b41_47,0,primary,centre,0.4898666666666667,
bbbc041,site_b,51a42643-256f-463a-bf22-7fd295caead0_78,0,primary,centre,0.9399963017751479,
bbbc041,site_b,aa57ec7c-8f35-4990-a790-62efc9df8fe8_33,0,primary,centre,0.4786648061104583,
bbbc041,site_b,34950f4e-fe44-49ec-9d49-14bd4a8ce7c0_5,0,primary,centre,0.6318002081165452,
bbbc041,site_b,baab0701-3fd4-4940-8b90-b9c42d95888f_66,0,primary,centre,0.5271058955712993,
bbbc041,site_b,64985a1e-16bb-4016-a01c-c21a5b86e572_2,0,primary,centre,0.4069182389937107,
bbbc041,site_b,0897f682-5301-49fc-a8d5-9df7762040bb_13,0,primary,centre,0.5015126184221002,
bbbc041,site_b,0346611b-ea43-45bd-9f16-c6e8086273d2_15,0,primary,centre,0.5052237252861602,
bbbc041,site_b,9cf0b006-cb5c-47e7-b076-1dcacf1fbfb1_24,0,primary,centre,0.5045219638242894,
bbbc041,site_b,e6a7743e-4040-40fa-b097-ca6874c469b7_40,0,primary,centre,0.34300760830184773,
bbbc041,site_b,b9025f55-789d-4acb-9c0a-34e877c95c5c_28,0,primary,centre,0.8909891061250992,
bbbc041,site_b,9cf3f75a-354c-46f9-8b53-0a9711ac8bee_24,0,primary,centre,0.4476953125,
bbbc041,site_b,a1265844-329c-4a49-a37f-e0541b83a50c_14,0,primary,centre,0.28896623738252697,
bbbc041,site_b,1e647046-333b-4102-a0c6-4c29405c37b3_38,0,primary,centre,0.8010537675363423,
bbbc041,site_b,224c80b8-6c55-48cf-b719-96a47d223dc3_43,0,primary,centre,0.4187331795463283,
bbbc041,site_b,e6a7743e-4040-40fa-b097-ca6874c469b7_33,0,primary,centre,0.4785355537932858,
bbbc041,site_b,edea6ca9-3d52-4b4f-bec3-93799b1c26e3_17,0,primary,centre,0.4319315445476436,
bbbc041,site_b,623982a0-1f73-4246-92cb-28f7c219efaf_27,0,primary,centre,0.7718293961138434,
bbbc041,site_b,4da8f6c5-5f85-4280-92d0-1ba008e8c404_41,0,primary,nearest,0.3207325783083359,
bbbc041,site_b,c8d1b7ec-be9f-4c88-a39b-2c6bf46b2998_44,0,primary,centre,0.6498253157753292,
bbbc041,site_b,64985a1e-16bb-4016-a01c-c21a5b86e572_10,0,primary,centre,0.6371753246753247,
bbbc041,site_b,51a42643-256f-463a-bf22-7fd295caead0_61,0,primary,centre,0.8404375707280272,
bbbc041,site_b,e02301ac-68f7-4daf-b2ba-254b917f1cca_1,0,primary,centre,0.5863600628930817,
bbbc041,site_b,b1d312cf-1f52-4955-bf42-58d3664c254a_11,0,primary,centre,0.34730822153422775,
bbbc041,site_b,010961af-b38c-49de-aca0-e3732d73d414_5,0,primary,centre,0.6010701545778835,
bbbc041,site_b,8e1e0fd3-52fb-4ebb-82de-67bbd66fcf4d_9,0,primary,centre,0.44552845528455287,
bbbc041,site_b,623982a0-1f73-4246-92cb-28f7c219efaf_38,0,primary,centre,0.6171061197916666,
bbbc041,site_b,df4fd610-fa16-45ca-b3a3-a25a14e5c4e9_45,0,primary,centre,0.7148803329864725,
bbbc041,site_b,693da701-2020-404c-866d-b64c12da951d_25,0,primary,centre,0.5131717597471022,
bbbc041,site_b,51a42643-256f-463a-bf22-7fd295caead0_51,0,primary,centre,0.7131632064590542,
bbbc041,site_b,5bfde411-aa51-45d0-8b67-a57c5f1e628b_33,0,primary,centre,0.6839722596802158,
bbbc041,site_b,f8ebe0c8-a90d-4a64-9f6a-f9985e38c340_19,0,primary,centre,0.5019826425258117,
bbbc041,site_b,d9255d7f-1282-442d-b152-73d7388526f9_29,0,primary,centre,0.8638760288065843,
bbbc041,site_b,3e03b313-66eb-471f-a97a-7b2bf20dcff5_26,0,primary,centre,0.44061791383219956,
bbbc041,site_b,a3548f89-1cb5-4e67-b460-482df95b10ee_1,0,primary,centre,0.3837722579679784,
bbbc041,site_b,224c80b8-6c55-48cf-b719-96a47d223dc3_6,0,primary,centre,0.3732211844099956,
bbbc041,site_b,06bbcd42-3ba8-4476-8804-8455f56dd928_14,0,primary,centre,0.38274853016188354,
bbbc041,site_b,55078c19-bfaf-4988-a779-767e1c6d22f6_17,0,primary,centre,0.4051885907299681,
bbbc041,site_b,0897f682-5301-49fc-a8d5-9df7762040bb_28,0,primary,centre,0.5923076923076923,
bbbc041,site_b,bfbf234a-cbc4-4d00-ab7f-9043d1304b41_42,0,primary,centre,0.3501069458516267,
bbbc041,site_b,df4fd610-fa16-45ca-b3a3-a25a14e5c4e9_57,0,primary,centre,0.8331709014966934,
bbbc041,site_b,41be1bd3-0d31-4881-bf1f-3ccdfa21ff12_16,0,primary,centre,0.488179012345679,
bbbc041,site_b,c11081a1-4fd9-4003-8bd9-0727eae62d0a_13,0,primary,centre,0.3291379482569174,
bbbc041,site_b,c736848a-437c-4121-b99f-58f186eb3a1d_12,0,primary,centre,0.360703125,
bbbc041,site_b,cc453255-b583-425e-bc3e-284ccf120944_20,0,primary,centre,0.36833631484794277,
bbbc041,site_b,47112c6b-aaf6-488d-8f3b-f9ed0cce9a95_24,0,primary,centre,0.47702046479361776,
bbbc041,site_b,446734b7-6bc9-4a66-a3a0-49f6aa90db33_54,0,primary,centre,0.8791976131530502,
bbbc041,site_b,446734b7-6bc9-4a66-a3a0-49f6aa90db33_14,0,primary,centre,0.4868675280763193,
bbbc041,site_b,e93e617e-ed36-43d9-bd1a-4ffd2fba64e9_4,0,primary,centre,0.620337637977058,
bbbc041,site_b,4dcd5df9-c56c-471b-8d44-fa4b1ca9a600_23,0,primary,centre,0.32038123167155425,
bbbc041,site_b,1b814efc-7bf9-40ae-8e13-49dc2c04732f_10,0,primary,centre,0.39743836671802774,
bbbc041,site_b,c3631a04-b757-407b-8e7e-1ed3a6c463d4_10,0,primary,centre,0.40616841721814095,
bbbc041,site_b,06bbcd42-3ba8-4476-8804-8455f56dd928_17,0,primary,centre,0.7017201874080914,
bbbc041,site_b,4dcd5df9-c56c-471b-8d44-fa4b1ca9a600_18,0,primary,centre,0.3961728395061728,
bbbc041,site_b,b47c1011-0cc6-400d-9300-1c72f873a6e5_10,0,primary,centre,0.37863636363636366,
bbbc041,site_b,ebc4056e-d766-43cf-b6b4-5dac79d96e84_11,0,primary,centre,0.6317087950138505,
bbbc041,site_b,8448ac8c-fa7a-475a-9ca2-dc0174f78a39_63,0,primary,centre,0.7683721408730839,
bbbc041,site_b,5a2447bf-a92b-4a47-a384-4b2ff020ecdc_11,0,primary,centre,0.4708839547549225,
bbbc041,site_b,a1265844-329c-4a49-a37f-e0541b83a50c_22,0,primary,centre,0.5395408163265306,
bbbc041,site_b,0a3b53c7-e7ab-4135-80aa-fd2079d727d6_11,0,primary,centre,0.5548475193445608,
bbbc041,site_b,a3548f89-1cb5-4e67-b460-482df95b10ee_5,0,primary,centre,0.3542967048918566,
bbbc041,site_b,224c80b8-6c55-48cf-b719-96a47d223dc3_9,0,primary,centre,0.42704790249433106,
bbbc041,site_b,41be1bd3-0d31-4881-bf1f-3ccdfa21ff12_51,0,primary,centre,0.6557864903164856,
bbbc041,site_b,9fd32265-07f2-442b-80b5-35069891d452_38,0,primary,centre,0.6677132391418106,
bbbc041,site_b,8874ea02-d263-4830-99d1-e1b14230a56b_9,0,primary,centre,0.3883069891449248,
bbbc041,site_b,f8ebe0c8-a90d-4a64-9f6a-f9985e38c340_57,0,primary,centre,0.7793628808864266,
bbbc041,site_b,b9025f55-789d-4acb-9c0a-34e877c95c5c_0,0,primary,centre,0.6378785451049511,
bbbc041,site_b,224c80b8-6c55-48cf-b719-96a47d223dc3_26,0,primary,centre,0.44784245194246536,
bbbc041,site_b,294bc238-efdb-4f88-b83b-f41fe5750106_8,0,primary,centre,0.5179208804283165,
bbbc041,site_b,446734b7-6bc9-4a66-a3a0-49f6aa90db33_47,0,primary,centre,0.6531972789115646,
bbbc041,site_b,6040cf0d-9dd6-4798-9406-1afbbcd24d4c_24,0,primary,centre,0.4107350702838213,
bbbc041,site_b,cea1cd9b-9b03-407b-ad8d-348155567dab_18,0,primary,centre,0.4002573598644153,
bbbc041,site_b,f2b1ae99-8169-42ea-bdb4-3351175e4cb6_7,0,primary,centre,0.4774497922437673,
bbbc041,site_b,f8ebe0c8-a90d-4a64-9f6a-f9985e38c340_52,0,primary,centre,0.542142761123807,
bbbc041,site_b,b6fe541f-3be2-41a8-8124-757fc1ad875e_27,0,primary,centre,0.4735671514114628,
bbbc041,site_b,edea6ca9-3d52-4b4f-bec3-93799b1c26e3_2,0,primary,centre,0.42464622641509436,
bbbc041,site_b,d9ecacb0-14c7-4862-930b-18bb51d5f392_5,0,primary,centre,0.3805374001452433,
bbbc041,site_b,3147f1e4-6fc4-4eff-a9dd-ddeee5e2de13_33,0,primary,centre,0.247879834656213,
bbbc041,site_b,df4fd610-fa16-45ca-b3a3-a25a14e5c4e9_44,0,primary,centre,0.665136792283696,
bbbc041,site_b,511b6e13-acd7-4dd3-b1d0-c4aa10a514c7_24,0,primary,centre,0.4717801903628792,
bbbc041,site_b,c3631a04-b757-407b-8e7e-1ed3a6c463d4_14,0,primary,centre,0.4415625,
bbbc041,site_b,abb72ce2-4193-4dd3-a34c-61c2ee22ccff_33,0,primary,centre,0.4248148148148148,
bbbc041,site_b,446734b7-6bc9-4a66-a3a0-49f6aa90db33_22,0,primary,centre,0.7806920415224914,
bbbc041,site_b,e93e617e-ed36-43d9-bd1a-4ffd2fba64e9_35,0,primary,centre,0.44991789819376027,
bbbc041,site_b,bfbf234a-cbc4-4d00-ab7f-9043d1304b41_26,0,primary,centre,0.3522512168739859,
bbbc041,site_b,b6fe541f-3be2-41a8-8124-757fc1ad875e_16,0,primary,centre,0.5011927259208774,
bbbc041,site_b,5bfde411-aa51-45d0-8b67-a57c5f1e628b_24,0,primary,centre,0.6340905791842067,
bbbc041,site_b,df4fd610-fa16-45ca-b3a3-a25a14e5c4e9_60,0,primary,nearest,0.0007702811526207066,
bbbc041,site_b,ef55f2ac-5a04-4986-99ab-0d2b5052ab3e_27,0,primary,centre,0.3591806381828015,
bbbc041,site_b,91fd0c2e-8e9c-452d-97ab-304b05a049b3_28,0,primary,centre,0.5656420744177528,
bbbc041,site_b,abb72ce2-4193-4dd3-a34c-61c2ee22ccff_40,0,primary,centre,0.40377869897959184,
bbbc041,site_b,a3548f89-1cb5-4e67-b460-482df95b10ee_24,0,primary,centre,0.3961368532515427,
bbbc041,site_b,8e1e0fd3-52fb-4ebb-82de-67bbd66fcf4d_3,0,primary,centre,0.36750595195151864,
bbbc041,site_b,0897f682-5301-49fc-a8d5-9df7762040bb_10,0,primary,centre,0.4372112382934443,
bbbc041,site_b,25865b39-56fb-409a-8800-3d368dd264ed_20,0,primary,centre,0.7318836565096953,
bbbc041,site_b,55078c19-bfaf-4988-a779-767e1c6d22f6_28,0,primary,centre,0.37776164625678577,
bbbc041,site_b,bdfbad30-fa2f-4285-bf02-6064ab6d869c_7,0,primary,centre,0.4186154049412076,
bbbc041,site_b,ebc4056e-d766-43cf-b6b4-5dac79d96e84_8,0,primary,centre,0.5684349890430972,
bbbc041,site_b,34950f4e-fe44-49ec-9d49-14bd4a8ce7c0_1,0,primary,centre,0.4429808947430877,
bbbc041,site_b,bfbf234a-cbc4-4d00-ab7f-9043d1304b41_31,0,primary,centre,0.4194531003816393,
bbbc041,site_b,15625643-d964-4b14-9839-c126384ae35b_0,0,primary,centre,0.4134725683319489,
bbbc041,site_b,34950f4e-fe44-49ec-9d49-14bd4a8ce7c0_26,0,primary,centre,0.7143882577163931,
bbbc041,site_b,06bbcd42-3ba8-4476-8804-8455f56dd928_6,0,primary,centre,0.5417560914026007,
bbbc041,site_b,d9ecacb0-14c7-4862-930b-18bb51d5f392_3,0,primary,centre,0.4017798900382071,
bbbc041,site_b,b910c1db-9c66-4207-892f-18a03ecc75bc_53,0,primary,centre,0.5367493112947659,
bbbc041,site_b,c328260d-bafa-4aaa-9e7a-79bc165d7fdb_12,0,primary,centre,0.48520710059171596,
bbbc041,site_b,294bc238-efdb-4f88-b83b-f41fe5750106_36,0,primary,centre,0.8650416171224733,
bbbc041,site_b,0346611b-ea43-45bd-9f16-c6e8086273d2_32,0,primary,centre,0.4239512471655329,
bbbc041,site_b,c6807595-100a-4aa1-a5f6-882a20ca3d32_5,0,primary,centre,0.40841855368882396,
bbbc041,site_b,5bfde411-aa51-45d0-8b67-a57c5f1e628b_25,0,primary,centre,0.7490311418685122,
bbbc041,site_b,c3631a04-b757-407b-8e7e-1ed3a6c463d4_20,0,primary,centre,0.44185484844825507,
bbbc041,site_b,df4fd610-fa16-45ca-b3a3-a25a14e5c4e9_65,0,primary,centre,0.9236516034985423,
bbbc041,site_b,a5c8bf78-61e2-492d-bae5-0ffeea81212b_65,0,primary,centre,0.9119809688581315,
bbbc041,site_b,d9255d7f-1282-442d-b152-73d7388526f9_16,0,primary,centre,0.772710730382688,
bbbc041,site_b,15a5849d-8bc7-4e01-938b-c1f55067787d_28,0,primary,centre,0.44994861253854057,
bbbc041,site_b,e6a7743e-4040-40fa-b097-ca6874c469b7_39,0,primary,centre,0.3926153340094844,
bbbc041,site_b,34f334e6-a163-4af7-a1ed-51a7ef15934a_20,0,primary,centre,0.390874615545403,
bbbc041,site_b,efb85f8e-c780-4a19-b6ce-555a154b0d10_66,0,primary,centre,0.7916753381893861,
bbbc041,site_b,37b4142a-2c7d-400d-8f01-4e438845a484_57,0,primary,centre,0.4260810168686149,
bbbc041,site_b,224c80b8-6c55-48cf-b719-96a47d223dc3_50,0,primary,centre,0.725625,
bbbc041,site_b,06bbcd42-3ba8-4476-8804-8455f56dd928_50,0,primary,centre,0.857625786163522,
bbbc041,site_b,693da701-2020-404c-866d-b64c12da951d_2,0,primary,centre,0.38922155688622756,
bbbc041,site_b,c8d1b7ec-be9f-4c88-a39b-2c6bf46b2998_41,0,primary,centre,0.3392424487158779,
bbbc041,site_b,a4bd99a0-226a-4044-914b-8073d5890734_46,0,primary,centre,0.6998860457888739,
bbbc041,site_b,96287315-87a1-4045-9e16-119e045bf12a_18,0,primary,centre,0.35066336570811907,
bbbc041,site_b,96287315-87a1-4045-9e16-119e045bf12a_10,0,primary,centre,0.44115526357955454,
bbbc041,site_b,edea6ca9-3d52-4b4f-bec3-93799b1c26e3_47,0,primary,centre,0.4052892561983471,
bbbc041,site_b,b9025f55-789d-4acb-9c0a-34e877c95c5c_85,0,primary,centre,0.865186426476749,
bbbc041,site_b,604478c7-1259-441a-8ad0-7059e191c9e4_35,0,primary,centre,0.3255223880597015,
bbbc041,site_b,446734b7-6bc9-4a66-a3a0-49f6aa90db33_38,0,primary,centre,0.5050753370340999,
bbbc041,site_b,8e22f8cc-b6ef-48cb-a06d-a44cb1fb5f2f_18,0,primary,centre,0.7422044960116027,
bbbc041,site_b,3147f1e4-6fc4-4eff-a9dd-ddeee5e2de13_6,0,primary,centre,0.39375461936437545,
bbbc041,site_b,deab75c9-00bc-488c-8b20-ff4515d85212_35,0,primary,centre,0.8916233766233767,
mpidb_wholecell,Falciparum,Falciparum_1305121398-0001-R_S_0,1,primary,seed,0.5783598110777157,0.9843798812870977
mpidb_wholecell,Falciparum,Falciparum_1305121398-0001-R_S_1,1,primary,seed,0.45224161872644314,0.9595947697019672
mpidb_wholecell,Falciparum,Falciparum_1305121398-0001-R_S_2,1,primary,seed,0.5707465277777778,0.9686965028124236
mpidb_wholecell,Falciparum,Falciparum_1305121398-0003-R_0,1,primary,seed,0.421136749575467,0.8219005663939585
mpidb_wholecell,Falciparum,Falciparum_1305121398-0004-R_0,1,primary,seed,0.5665553781390623,0.7535403050108932
mpidb_wholecell,Falciparum,Falciparum_1305121398-0004-R_1,1,primary,seed,0.5684110596890946,0.8096230675699149
mpidb_wholecell,Falciparum,Falciparum_1305121398-0005-T_0,1,primary,seed,0.5779124149659864,0.7559065228556754
mpidb_wholecell,Falciparum,Falciparum_1305121398-0006-R_0,1,primary,seed,0.6439773903351644,0.9697545800207397
mpidb_wholecell,Falciparum,Falciparum_1305121398-0007-R_0,1,primary,seed,0.36768525282038794,0.9518394648829431
mpidb_wholecell,Falciparum,Falciparum_1305121398-0008-R_0,1,primary,seed,0.47831111111111113,0.8614354884648249
mpidb_wholecell,Falciparum,Falciparum_1305121398-0010-S_0,1,primary,seed,0.4128,0.9555555555555556
mpidb_wholecell,Falciparum,Falciparum_1305121398-0011-S_0,1,primary,seed,0.40708061002178647,0.9758969386341598
mpidb_wholecell,Falciparum,Falciparum_1305121398-0012-S_0,1,primary,seed,0.22711058263971462,0.9557414448669201
mpidb_wholecell,Falciparum,Falciparum_1305121398-0013-S_0,1,primary,seed,0.5005612244897959,0.9956281877797439
mpidb_wholecell,Falciparum,Falciparum_1305121398-0014-S_0,1,primary,seed,0.47156353330184225,0.9838076545632973
mpidb_wholecell,Falciparum,Falciparum_1305121398-0015-S_0,1,primary,seed,0.6094812925170068,0.9962986368150221
mpidb_wholecell,Falciparum,Falciparum_1305121398-0016-S_0,1,primary,seed,0.49922918807810895,0.9751311647429171
mpidb_wholecell,Falciparum,Falciparum_1305121398-0017-R_0,1,primary,seed,0.6641277641277641,0.6360360360360361
mpidb_wholecell,Falciparum,Falciparum_1305121398-0018-S_0,1,primary,seed,0.5014643363249882,0.9811248808388942
mpidb_wholecell,Falciparum,Falciparum_1305121398-0019-R_0,1,primary,seed,0.5311849229487714,0.6454474174262472
mpidb_wholecell,Falciparum,Falciparum_1305121398-0020-S_0,1,primary,seed,0.5078105316200554,0.9621997471554994
mpidb_wholecell,Falciparum,Falciparum_1305121398-0021-S_0,1,primary,seed,0.3020334928229665,0.9290171606864275
mpidb_wholecell,Falciparum,Falciparum_1305121398-0022-S_0,1,primary,seed,0.8228103741496599,0.9996981891348089
mpidb_wholecell,Falciparum,Falciparum_1307210661-0001-R_0,1,primary,seed,0.6282255048616305,0.9183962264150943
mpidb_wholecell,Falciparum,Falciparum_1307210661-0001-R_1,1,primary,seed,0.6506164965986394,1.0
mpidb_wholecell,Falciparum,Falciparum_1307210661-0001-R_2,1,primary,seed,0.4681476757369615,0.8578625404821878
mpidb_wholecell,Falciparum,Falciparum_1307210661-0001-R_3,1,primary,seed,0.6438473713315916,0.8550581251545881
mpidb_wholecell,Falciparum,Falciparum_1307210661-0001-R_4,1,primary,seed,0.6248850891708034,1.0
mpidb_wholecell,Falciparum,Falciparum_1307210661-0001-R_5,1,primary,seed,0.63453089569161,1.0
mpidb_wholecell,Falciparum,Falciparum_1307210661-0001-R_6,1,primary,seed,0.6380090497737556,0.8647699332630839
mpidb_wholecell,Falciparum,Falciparum_1307210661-0001-R_7,1,primary,seed,0.5138053516457495,1.0
mpidb_wholecell,Falciparum,Falciparum_1307210661-0001-R_8,1,primary,seed,0.6130841121495327,1.0
mpidb_wholecell,Falciparum,Falciparum_1307210661-0001-R_9,1,primary,seed,0.5909509637188208,1.0
mpidb_wholecell,Falciparum,Falciparum_1307210661-0001-R_10,1,primary,seed,0.4243421052631579,0.5876388218252052
mpidb_wholecell,Falciparum,Falciparum_1307210661-0001-R_11,1,primary,seed,0.5693595535477013,0.8012005649717514
mpidb_wholecell,Falciparum,Falciparum_1307210661-0001-R_12,1,primary,seed,0.45591007635026864,0.9726114649681529
mpidb_wholecell,Falciparum,Falciparum_1307210661-0001-R_13,1,primary,seed,0.6627464956046567,0.8664484451718494
mpidb_wholecell,Falciparum,Falciparum_1307210661-0001-R_14,1,primary,seed,0.45663376714123505,1.0
mpidb_wholecell,Falciparum,Falciparum_1307210661-0001-R_15,1,primary,seed,0.45309152127333946,1.0
mpidb_wholecell,Falciparum,Falciparum_1307210661-0001-R_16,1,primary,seed,0.7529761904761905,1.0
mpidb_wholecell,Falciparum,Falciparum_1307210661-0001-R_17,1,primary,seed,0.7825609410430839,1.0
mpidb_wholecell,Falciparum,Falciparum_1307210661-0001-R_18,1,primary,seed,0.45175325788751713,1.0
mpidb_wholecell,Falciparum,Falciparum_1307210661-0001-R_19,1,primary,seed,0.4489936064409188,0.9080882352941176
mpidb_wholecell,Falciparum,Falciparum_1307210661-0001-R_20,1,primary,seed,0.5860343491735537,0.9739015526924347
mpidb_wholecell,Falciparum,Falciparum_1307210661-0001-R_21,1,primary,seed,0.5456580591420241,1.0
mpidb_wholecell,Falciparum,Falciparum_1307210661-0001-R_22,1,primary,seed,0.5287684804145709,1.0
mpidb_wholecell,Falciparum,Falciparum_1307210661-0001-R_23,1,primary,seed,0.6428336620644313,1.0
mpidb_wholecell,Falciparum,Falciparum_1307210661-0001-R_24,1,primary,seed,0.38226045942877107,0.8300589390962672
mpidb_wholecell,Falciparum,Falciparum_1307210661-0001-R_25,1,primary,seed,0.6600533872015006,0.9689280165717244
mpidb_wholecell,Falciparum,Falciparum_1307210661-0001-R_26,1,primary,seed,0.5196049455691838,0.9713663243075008
mpidb_wholecell,Falciparum,Falciparum_1307210661-0001-R_27,1,primary,seed,0.5417162108600871,0.8829501343684683
mpidb_wholecell,Falciparum,Falciparum_1307210661-0001-R_28,1,primary,seed,0.702983276643991,1.0
mpidb_wholecell,Falciparum,Falciparum_1307210661-0001-R_29,1,primary,seed,0.6639739229024944,0.8766990291262136
mpidb_wholecell,Falciparum,Falciparum_1307210661-0001-R_30,1,primary,seed,0.6307043650793651,0.9991463935125907
mpidb_wholecell,Falciparum,Falciparum_1307210661-0002-R_0,1,primary,seed,0.5555766043097324,0.7261348776387073
mpidb_wholecell,Falciparum,Falciparum_1307210661-0002-R_1,1,primary,seed,0.7298398526077098,0.8970120788302607
mpidb_wholecell,Falciparum,Falciparum_1307210661-0002-R_2,1,primary,seed,0.4531885268727374,1.0
mpidb_wholecell,Falciparum,Falciparum_1307210661-0002-R_3,1,primary,seed,0.46421609579504314,0.851425832734244
mpidb_wholecell,Falciparum,Falciparum_1307210661-0002-R_4,1,primary,seed,0.5703661144626384,1.0
mpidb_wholecell,Falciparum,Falciparum_1307210661-0002-R_5,1,primary,seed,0.4181547619047619,0.6369351669941061
mpidb_wholecell,Falciparum,Falciparum_1307210661-0002-R_6,1,primary,seed,0.49476290230432296,0.7443809523809524
mpidb_wholecell,Falciparum,Falciparum_1307210661-0002-R_7,1,primary,seed,0.47658271604938274,0.6231684981684982
mpidb_wholecell,Falciparum,Falciparum_1307210661-0002-R_8,1,primary,seed,0.7523120623596248,0.8419663477400198
mpidb_wholecell,Falciparum,Falciparum_1307210661-0002-R_9,1,primary,seed,0.4182610544217687,0.5807738332668528
mpidb_wholecell,Falciparum,Falciparum_1307210661-0002-R_10,1,primary,seed,0.43765315409927885,0.8454419250347062
mpidb_wholecell,Falciparum,Falciparum_1307210661-0002-R_11,1,primary,seed,0.582037037037037,0.919925013390466
mpidb_wholecell,Falciparum,Falciparum_1307210661-0002-R_12,1,primary,seed,0.4925240929705215,0.7137648131267093
mpidb_wholecell,Falciparum,Falciparum_1307210661-0002-R_13,1,primary,seed,0.4895836980497882,0.8400351571083279
mpidb_wholecell,Falciparum,Falciparum_1307210661-0002-R_14,1,primary,seed,0.6830711451247166,1.0
mpidb_wholecell,Falciparum,Falciparum_1307210661-0002-R_15,1,primary,seed,0.497130108121508,0.9909867172675522
mpidb_wholecell,Falciparum,Falciparum_1307210661-0002-R_16,1,primary,seed,0.504674515235457,0.8401665598975016
mpidb_wholecell,Falciparum,Falciparum_1307210661-0002-R_17,1,primary,seed,0.5161172161172162,0.7265415549597856
mpidb_wholecell,Falciparum,Falciparum_1307210661-0002-R_18,1,primary,seed,0.6088581314878893,1.0
mpidb_wholecell,Falciparum,Falciparum_1307210661-0002-R_19,1,primary,seed,0.44802773024439474,0.9266387726638773
mpidb_wholecell,Falciparum,Falciparum_1307210661-0002-R_20,1,primary,seed,0.46324786324786327,0.8859163591635917
mpidb_wholecell,Falciparum,Falciparum_1307210661-0002-R_21,1,primary,seed,0.4354847645429363,0.6145124716553289
mpidb_wholecell,Falciparum,Falciparum_1307210661-0002-R_22,1,primary,seed,0.5916950113378685,0.6267721727662381
mpidb_wholecell,Falciparum,Falciparum_1307210661-0002-R_23,1,primary,seed,0.41433867337481795,1.0
mpidb_wholecell,Falciparum,Falciparum_1307210661-0002-R_24,1,primary,seed,0.47959937911153816,0.8111888111888111
mpidb_wholecell,Falciparum,Falciparum_1307210661-0003-R_0,1,primary,seed,0.45943696627587205,0.743933265925177
mpidb_wholecell,Falciparum,Falciparum_1307210661-0003-R_1,1,primary,seed,0.5576416675216306,0.9971360381861575
mpidb_wholecell,Falciparum,Falciparum_1307210661-0003-R_2,1,primary,seed,0.6917871315192744,1.0
mpidb_wholecell,Falciparum,Falciparum_1307210661-0003-R_3,1,primary,seed,0.44506496974012105,0.7500718184429761
mpidb_wholecell,Falciparum,Falciparum_1307210661-0003-R_4,1,primary,seed,0.43451393134771593,0.7509752925877763
mpidb_wholecell,Falciparum,Falciparum_1307210661-0003-R_5,1,primary,seed,0.8035005668934241,1.0
mpidb_wholecell,Falciparum,Falciparum_1307210661-0003-R_6,1,primary,seed,0.7083687641723356,1.0
mpidb_wholecell,Falciparum,Falciparum_1307210661-0003-R_7,1,primary,seed,0.6739654195011338,0.8221973720995247
mpidb_wholecell,Falciparum,Falciparum_1307210661-0003-R_8,1,primary,seed,0.556430155210643,0.9204737732656514
mpidb_wholecell,Falciparum,Falciparum_1307210661-0003-R_9,1,primary,seed,0.5253330498866213,0.762516733601071
mpidb_wholecell,Falciparum,Falciparum_1307210661-0003-R_10,1,primary,seed,0.4219458616780045,0.576084407971864
mpidb_wholecell,Falciparum,Falciparum_1307210661-0003-R_11,1,primary,seed,0.5756328002808899,0.6560490045941807
mpidb_wholecell,Falciparum,Falciparum_1307210661-0003-R_12,1,primary,seed,0.5788954635108481,0.9666136724960255
mpidb_wholecell,Falciparum,Falciparum_1307210661-0003-R_13,1,primary,seed,0.599958376690947,0.9647556390977443
mpidb_wholecell,Falciparum,Falciparum_1307210661-0003-R_14,1,primary,seed,0.5120694406172499,0.9288064612623392
mpidb_wholecell,Falciparum,Falciparum_1307210661-0003-R_15,1,primary,seed,0.6191975308641975,0.9016503873358033
mpidb_wholecell,Falciparum,Falciparum_1307210661-0003-R_16,1,primary,seed,0.5618625277161863,0.8660226795464091
mpidb_wholecell,Falciparum,Falciparum_1307210661-0003-R_17,1,primary,seed,0.5585073795600112,0.9073645206113942
mpidb_wholecell,Falciparum,Falciparum_1307210661-0003-R_18,1,primary,seed,0.6980583900226758,0.893961179007908
mpidb_wholecell,Falciparum,Falciparum_1307210661-0003-R_19,1,primary,seed,0.44376799670917316,0.7806774014436424
mpidb_wholecell,Falciparum,Falciparum_1307210661-0003-R_20,1,primary,seed,0.7369968820861678,0.8768
mpidb_wholecell,Falciparum,Falciparum_1307210661-0003-R_21,1,primary,seed,0.6095911949685534,0.9928268666449299
mpidb_wholecell,Falciparum,Falciparum_1307210661-0003-R_22,1,primary,seed,0.5315212673611112,0.2635058556856819
mpidb_wholecell,Falciparum,Falciparum_1307210661-0003-R_23,1,primary,seed,0.4374725649904892,1.0
mpidb_wholecell,Falciparum,Falciparum_1307210661-0003-R_24,1,primary,seed,0.6942216981132076,1.0
mpidb_wholecell,Falciparum,Falciparum_1307210661-0003-R_25,1,primary,seed,0.577941438234247,0.8225201072386059
mpidb_wholecell,Falciparum,Falciparum_1307210661-0003-R_26,1,primary,seed,0.7035827664399092,0.8066479400749064
mpidb_wholecell,Falciparum,Falciparum_1307210661-0003-R_27,1,primary,seed,0.5697873289708507,1.0
mpidb_wholecell,Falciparum,Falciparum_1307210661-0003-R_28,1,primary,seed,0.6028557256235828,0.5180960737003729
mpidb_wholecell,Falciparum,Falciparum_1307210661-0003-R_29,1,primary,seed,0.4412202380952381,0.2926829268292683
mpidb_wholecell,Falciparum,Falciparum_1307210661-0004-R_0,1,primary,seed,0.6584467120181405,0.8727325079182263
mpidb_wholecell,Falciparum,Falciparum_1307210661-0004-R_1,1,primary,seed,0.6527777777777778,0.983173638700631
mpidb_wholecell,Falciparum,Falciparum_1307210661-0004-R_2,1,primary,seed,0.7097093223254214,0.806282722513089
mpidb_wholecell,Falciparum,Falciparum_1307210661-0004-R_3,1,primary,seed,0.591765873015873,0.46686746987951805
mpidb_wholecell,Falciparum,Falciparum_1307210661-0004-R_4,1,primary,seed,0.5511621315192744,0.6543037088873338
mpidb_wholecell,Falciparum,Falciparum_1307210661-0004-R_5,1,primary,seed,0.5717730215352094,0.8155709342560553
mpidb_wholecell,Falciparum,Falciparum_1307210661-0004-R_6,1,primary,seed,0.4110004151100041,0.9221392056626032
mpidb_wholecell,Falciparum,Falciparum_1307210661-0004-R_7,1,primary,seed,0.8514739229024944,0.95
mpidb_wholecell,Falciparum,Falciparum_1307210661-0004-R_8,1,primary,seed,0.5560850579077273,1.0
mpidb_wholecell,Falciparum,Falciparum_1307210661-0004-R_9,1,primary,seed,0.7418509070294784,1.0
mpidb_wholecell,Falciparum,Falciparum_1307210661-0004-R_10,1,primary,seed,0.5808177437641724,0.9140391636242947
mpidb_wholecell,Falciparum,Falciparum_1307210661-0004-R_11,1,primary,seed,0.6437074829931972,1.0
mpidb_wholecell,Falciparum,Falciparum_1307210661-0004-R_12,1,primary,seed,0.4465702947845805,0.7968702055845351
mpidb_wholecell,Falciparum,Falciparum_1307210661-0004-R_13,1,primary,seed,0.8737599206349206,0.8456090651558074
mpidb_wholecell,Falciparum,Falciparum_1307210661-0004-R_14,1,primary,seed,0.8173185941043084,0.9241302738712065
mpidb_wholecell,Falciparum,Falciparum_1307210661-0004-R_15,1,primary,seed,0.5353432306907568,1.0
mpidb_wholecell,Falciparum,Falciparum_1307210661-0004-R_16,1,primary,seed,0.8289670100014928,0.6791304347826087
mpidb_wholecell,Falciparum,Falciparum_1307210661-0004-R_17,1,primary,seed,0.7883007369614512,0.9951632406287787
mpidb_wholecell,Falciparum,Falciparum_1307210661-0004-R_18,1,primary,seed,0.5775581065759637,1.0
mpidb_wholecell,Falciparum,Falciparum_1307210661-0004-R_19,1,primary,seed,0.608701814058957,1.0
mpidb_wholecell,Falciparum,Falciparum_1307210661-0004-R_20,1,primary,seed,0.6319798752834467,1.0
mpidb_wholecell,Falciparum,Falciparum_1307210661-0004-R_21,1,primary,seed,0.4729658272192478,0.5703785373024624
mpidb_wholecell,Falciparum,Falciparum_1307210661-0004-R_22,1,primary,seed,0.493052999631947,1.0
mpidb_wholecell,Falciparum,Falciparum_1307210661-0004-R_23,1,primary,seed,0.47705078125,0.9145569620253164
mpidb_wholecell,Falciparum,Falciparum_1307210661-0004-R_24,1,primary,seed,0.48284023668639053,0.943259385665529
mpidb_wholecell,Falciparum,Falciparum_1307210661-0004-R_25,1,primary,seed,0.39512471655328796,0.7409304310712761
mpidb_wholecell,Falciparum,Falciparum_1307210661-0004-R_26,1,primary,seed,0.7121952947845805,0.983502538071066
mpidb_wholecell,Falciparum,Falciparum_1307210661-0004-R_27,1,primary,seed,0.7495039682539683,1.0
mpidb_wholecell,Falciparum,Falciparum_1307210661-0004-R_28,1,primary,seed,0.6480044345898004,0.8407433545048224
mpidb_wholecell,Falciparum,Falciparum_1307210661-0004-R_29,1,primary,seed,0.6046626984126984,0.7237640936686903
mpidb_wholecell,Falciparum,Falciparum_1307210661-0004-R_30,1,primary,seed,0.4744897959183674,0.60661890139884
mpidb_wholecell,Falciparum,Falciparum_1307210661-0004-R_31,1,primary,seed,0.7268636621315193,0.9048305695746215
mpidb_wholecell,Falciparum,Falciparum_1307210661-0004-R_32,1,primary,seed,0.7038336167800453,0.986673371888358
mpidb_wholecell,Falciparum,Falciparum_1307210661-0005-R_0,1,primary,seed,0.5961780358006773,0.6131911188506748
mpidb_wholecell,Falciparum,Falciparum_1307210661-0005-R_1,1,primary,seed,0.5324119993828385,0.8285007072135785
mpidb_wholecell,Falciparum,Falciparum_1307210661-0005-R_2,1,primary,seed,0.5290637860082305,0.7712441735389028
mpidb_wholecell,Falciparum,Falciparum_1307210661-0005-R_3,1,primary,seed,0.43563834104374644,0.6245421245421245
mpidb_wholecell,Falciparum,Falciparum_1307210661-0005-R_4,1,primary,seed,0.440142536835362,0.8988935520793591
mpidb_wholecell,Falciparum,Falciparum_1307210661-0005-R_5,1,primary,seed,0.5156009070294785,0.6887254901960784
mpidb_wholecell,Falciparum,Falciparum_1307210661-0005-R_6,1,primary,seed,0.6297019527235355,0.9443328550932568
mpidb_wholecell,Falciparum,Falciparum_1307210661-0005-R_7,1,primary,seed,0.5253447769953051,0.8189226793877956
mpidb_wholecell,Falciparum,Falciparum_1307210661-0005-R_8,1,primary,seed,0.5537835743801653,0.895364238410596
mpidb_wholecell,Falciparum,Falciparum_1307210661-0005-R_9,1,primary,seed,0.5041322314049587,1.0
mpidb_wholecell,Falciparum,Falciparum_1307210661-0005-R_10,1,primary,seed,0.45102851799906496,0.6798890429958391
mpidb_wholecell,Falciparum,Falciparum_1307210661-0005-R_11,1,primary,seed,0.5255428316478287,1.0
mpidb_wholecell,Falciparum,Falciparum_1307210661-0005-R_12,1,primary,seed,0.5515079365079365,0.9622342113614726
mpidb_wholecell,Falciparum,Falciparum_1307210661-0005-R_13,1,primary,seed,0.7160218253968254,0.8875864141869552
mpidb_wholecell,Falciparum,Falciparum_1307210661-0005-R_14,1,primary,seed,0.501097602161432,0.5402053036783576
mpidb_wholecell,Falciparum,Falciparum_1307210661-0005-R_15,1,primary,seed,0.5443029835390947,0.6500172235618326
mpidb_wholecell,Falciparum,Falciparum_1307210661-0005-R_16,1,primary,seed,0.6544408579758434,1.0
mpidb_wholecell,Falciparum,Falciparum_1307210661-0005-R_17,1,primary,seed,0.7000070861678005,0.7315517764955968
mpidb_wholecell,Falciparum,Falciparum_1307210661-0005-R_18,1,primary,seed,0.5757157029478458,0.57265625
mpidb_wholecell,Falciparum,Falciparum_1307210661-0005-R_19,1,primary,seed,0.860969387755102,1.0
mpidb_wholecell,Falciparum,Falciparum_1307210661-0005-R_20,1,primary,seed,0.6368339002267573,0.9331460674157304
mpidb_wholecell,Falciparum,Falciparum_1307210661-0005-R_21,1,primary,seed,0.7154195011337868,1.0
mpidb_wholecell,Falciparum,Falciparum_1307210661-0005-R_22,1,primary,seed,0.6057610544217688,0.8881012658227848
mpidb_wholecell,Falciparum,Falciparum_1307210661-0005-R_23,1,primary,seed,0.672641566084189,1.0
mpidb_wholecell,Falciparum,Falciparum_1307210661-0005-R_24,1,primary,seed,0.4565711400075748,1.0
mpidb_wholecell,Falciparum,Falciparum_1307210661-0005-R_25,1,primary,seed,0.5847404844290658,0.780450200431699
mpidb_wholecell,Falciparum,Falciparum_1307210661-0005-R_26,1,primary,seed,0.5173442906574395,0.9962718669343275
mpidb_wholecell,Falciparum,Falciparum_1307210661-0006-R_0,1,primary,seed,0.7054634353741497,1.0
mpidb_wholecell,Falciparum,Falciparum_1307210661-0006-R_1,1,primary,seed,0.5654407596371882,0.9755441428222059
mpidb_wholecell,Falciparum,Falciparum_1307210661-0006-R_2,1,primary,seed,0.7817106009070295,0.9393730623492939
mpidb_wholecell,Falciparum,Falciparum_1307210661-0006-R_3,1,primary,seed,0.7954320987654321,0.725
mpidb_wholecell,Falciparum,Falciparum_1307210661-0006-R_4,1,primary,seed,0.7203529288190189,0.9617658651951123
mpidb_wholecell,Falciparum,Falciparum_1307210661-0006-R_5,1,primary,seed,0.7445436507936508,1.0
mpidb_wholecell,Falciparum,Falciparum_1307210661-0006-R_6,1,primary,seed,0.81515731292517,1.0
mpidb_wholecell,Falciparum,Falciparum_1307210661-0006-R_7,1,primary,seed,0.5576831555667534,0.7158903204492897
mpidb_wholecell,Falciparum,Falciparum_1307210661-0006-R_8,1,primary,seed,0.6283515162721893,0.9348787825163688
mpidb_wholecell,Falciparum,Falciparum_1307210661-0006-R_9,1,primary,seed,0.6191539115646258,0.9980889980889981
mpidb_wholecell,Falciparum,Falciparum_1307210661-0006-R_10,1,primary,seed,0.2584325396825397,0.5591739475774424
mpidb_wholecell,Falciparum,Falciparum_1307210661-0006-R_11,1,primary,seed,0.7921272675736961,0.9634335295940502
mpidb_wholecell,Falciparum,Falciparum_1307210661-0006-R_12,1,primary,seed,0.5241771252663983,1.0
mpidb_wholecell,Falciparum,Falciparum_1307210661-0006-R_13,1,primary,seed,0.7415320294784581,0.9927272727272727
mpidb_wholecell,Falciparum,Falciparum_1307210661-0006-R_14,1,primary,seed,0.70578231292517,0.9517182618574269
mpidb_wholecell,Falciparum,Falciparum_1307210661-0006-R_15,1,primary,seed,0.6474631519274376,0.7788284738639348
mpidb_wholecell,Falciparum,Falciparum_1307210661-0006-R_16,1,primary,seed,0.5999149659863946,0.8432929377350606
mpidb_wholecell,Falciparum,Falciparum_1307210661-0006-R_17,1,primary,seed,0.46001336600579196,0.9899536321483772
mpidb_wholecell,Falciparum,Falciparum_1307210661-0006-R_18,1,primary,seed,0.49340495691947667,0.8890302876049886
mpidb_wholecell,Falciparum,Falciparum_1307210661-0006-R_19,1,primary,seed,0.5379644165358451,1.0
mpidb_wholecell,Falciparum,Falciparum_1307210661-0006-R_20,1,primary,seed,0.6011149557862361,1.0
mpidb_wholecell,Falciparum,Falciparum_1307210661-0006-R_21,1,primary,seed,0.5261479591836735,0.8939721792890263
mpidb_wholecell,Falciparum,Falciparum_1307210661-0006-R_22,1,primary,seed,0.6581450872359963,0.9967417061611374
mpidb_wholecell,Falciparum,Falciparum_1307210661-0006-R_23,1,primary,seed,0.7219742063492064,0.8782174414137534
mpidb_wholecell,Falciparum,Falciparum_1307210661-0006-R_24,1,primary,seed,0.6940108683084749,0.771255060728745
mpidb_wholecell,Falciparum,Falciparum_1307210661-0006-R_25,1,primary,seed,0.4465702947845805,0.7104776008885598
mpidb_wholecell,Falciparum,Falciparum_1307210661-0007-R_0,1,primary,seed,0.6101598173515982,0.7704081632653061
mpidb_wholecell,Falciparum,Falciparum_1307210661-0007-R_1,1,primary,seed,0.518461452263559,0.7018026275588145
mpidb_wholecell,Falciparum,Falciparum_1307210661-0007-R_2,1,primary,seed,0.5252015236070511,0.9578675838349097
mpidb_wholecell,Falciparum,Falciparum_1307210661-0007-R_3,1,primary,seed,0.5380172902494331,1.0
mpidb_wholecell,Falciparum,Falciparum_1307210661-0007-R_4,1,primary,seed,0.5374866958738646,0.808965102286402
mpidb_wholecell,Falciparum,Falciparum_1307210661-0007-R_5,1,primary,seed,0.7074829931972789,1.0
mpidb_wholecell,Falciparum,Falciparum_1307210661-0007-R_6,1,primary,seed,0.6479946145124716,0.7544090550144775
mpidb_wholecell,Falciparum,Falciparum_1307210661-0007-R_7,1,primary,seed,0.47310099451303156,0.7106860959319976
mpidb_wholecell,Falciparum,Falciparum_1307210661-0007-R_8,1,primary,seed,0.5742241694048923,0.9939301972685888
mpidb_wholecell,Falciparum,Falciparum_1307210661-0007-R_9,1,primary,seed,0.44651841204075593,0.9989078995267565
mpidb_wholecell,Falciparum,Falciparum_1307210661-0007-R_10,1,primary,seed,0.5053393121301775,1.0
mpidb_wholecell,Falciparum,Falciparum_1307210661-0007-R_11,1,primary,seed,0.7837301587301587,1.0
mpidb_wholecell,Falciparum,Falciparum_1307210661-0007-R_12,1,primary,seed,0.513703836179916,0.581973898858075
mpidb_wholecell,Falciparum,Falciparum_1307210661-0007-R_13,1,primary,seed,0.5653899145770185,0.31875953228266396
mpidb_wholecell,Falciparum,Falciparum_1307210661-0007-R_14,1,primary,seed,0.45226836116447466,0.7346604854104173
mpidb_wholecell,Falciparum,Falciparum_1307210661-0007-R_15,1,primary,seed,0.704441823899371,1.0
mpidb_wholecell,Falciparum,Falciparum_1307210661-0007-R_16,1,primary,seed,0.6755243764172335,1.0
mpidb_wholecell,Falciparum,Falciparum_1307210661-0007-R_17,1,primary,seed,0.7562546676624347,0.8624697336561743
mpidb_wholecell,Falciparum,Falciparum_1307210661-0007-R_18,1,primary,seed,0.42792631673075204,0.5198947714567577
mpidb_wholecell,Falciparum,Falciparum_1307210661-0007-R_19,1,primary,seed,0.6109796596097966,0.6823238566131026
mpidb_wholecell,Falciparum,Falciparum_1307210661-0007-R_20,1,primary,seed,0.5755130874479476,0.9776681381459361
mpidb_wholecell,Falciparum,Falciparum_1307210661-0007-R_21,1,primary,seed,0.5638456362937332,0.5366780691752185
mpidb_wholecell,Falciparum,Falciparum_1307210661-0007-R_22,1,primary,seed,0.8195153061224489,1.0
mpidb_wholecell,Falciparum,Falciparum_1307210661-0007-R_23,1,primary,seed,0.5121527777777778,0.8565153733528551
mpidb_wholecell,Falciparum,Falciparum_1307210661-0007-R_24,1,primary,seed,0.47090266165949396,1.0
mpidb_wholecell,Falciparum,Falciparum_1307210661-0007-R_25,1,primary,seed,0.6173427283691996,0.9219269102990033
mpidb_wholecell,Falciparum,Falciparum_1307210661-0007-R_26,1,primary,seed,0.6080194805194805,1.0
mpidb_wholecell,Falciparum,Falciparum_1307210661-0007-R_27,1,primary,seed,0.5581420068027211,0.6255411255411255
mpidb_wholecell,Falciparum,Falciparum_1307210661-0007-R_28,1,primary,seed,0.5924679487179487,0.7522292993630574
mpidb_wholecell,Falciparum,Falciparum_1307210661-0007-R_29,1,primary,seed,0.5212585034013606,0.7579861111111111
mpidb_wholecell,Falciparum,Falciparum_1307210661-0007-R_30,1,primary,seed,0.48094182825484766,0.8857472590882862
mpidb_wholecell,Falciparum,Falciparum_1307210661-0008-R_0,1,primary,seed,0.5490717120181405,1.0
mpidb_wholecell,Falciparum,Falciparum_1307210661-0008-R_1,1,primary,seed,0.5330925352597179,1.0
mpidb_wholecell,Falciparum,Falciparum_1307210661-0008-R_2,1,primary,seed,0.7426225393524328,0.8469727212242182
mpidb_wholecell,Falciparum,Falciparum_1307210661-0008-R_3,1,primary,seed,0.5981439619274241,0.7745398773006135
mpidb_wholecell,Falciparum,Falciparum_1307210661-0008-R_4,1,primary,seed,0.5127162540142961,1.0
mpidb_wholecell,Falciparum,Falciparum_1307210661-0008-R_5,1,primary,seed,0.521832590904382,0.8599283724631914
mpidb_wholecell,Falciparum,Falciparum_1307210661-0008-R_6,1,primary,seed,0.7751913265306123,1.0
mpidb_wholecell,Falciparum,Falciparum_1307210661-0008-R_7,1,primary,seed,0.47351473922902493,1.0
mpidb_wholecell,Falciparum,Falciparum_1307210661-0008-R_8,1,primary,seed,0.47619047619047616,0.5580487804878049
mpidb_wholecell,Falciparum,Falciparum_1307210661-0008-R_9,1,primary,seed,0.5572,0.7012694269782892
mpidb_wholecell,Falciparum,Falciparum_1307210661-0008-R_10,1,primary,seed,0.48922902494331066,0.7456106125634022
mpidb_wholecell,Falciparum,Falciparum_1307210661-0008-R_11,1,primary,seed,0.675898723358795,0.8632941884974406
mpidb_wholecell,Falciparum,Falciparum_1307210661-0008-R_12,1,primary,seed,0.6103971168230654,0.9630127774041695
mpidb_wholecell,Falciparum,Falciparum_1307210661-0008-R_13,1,primary,seed,0.6093158464034614,0.9506314580941446
mpidb_wholecell,Falciparum,Falciparum_1307210661-0008-R_14,1,primary,seed,0.4393625929757155,0.7377622377622378
mpidb_wholecell,Falciparum,Falciparum_1307210661-0008-R_15,1,primary,seed,0.622853385930309,1.0
mpidb_wholecell,Falciparum,Falciparum_1307210661-0008-R_16,1,primary,seed,0.078125,0.21315192743764172
mpidb_wholecell,Falciparum,Falciparum_1307210661-0008-R_17,1,primary,seed,0.595734126984127,1.0
mpidb_wholecell,Falciparum,Falciparum_1307210661-0008-R_18,1,primary,seed,0.7346584467120182,0.9233278955954323
mpidb_wholecell,Falciparum,Falciparum_1307210661-0008-R_19,1,primary,seed,0.3722009637188209,0.794179671024884
mpidb_wholecell,Falciparum,Falciparum_1307210661-0008-R_20,1,primary,seed,0.533968253968254,0.978604344963792
mpidb_wholecell,Falciparum,Falciparum_1307210661-0008-R_21,1,primary,seed,0.5815263605442177,1.0
mpidb_wholecell,Falciparum,Falciparum_1307210661-0008-R_22,1,primary,seed,0.6488852311836002,0.9398007795582504
mpidb_wholecell,Falciparum,Falciparum_1307210661-0008-R_23,1,primary,seed,0.5386942451104545,1.0
mpidb_wholecell,Falciparum,Falciparum_1307210661-0008-R_24,1,primary,seed,0.6342964824120603,0.718525460793502
mpidb_wholecell,Falciparum,Falciparum_1307210661-0008-R_25,1,primary,seed,0.5374644263381545,0.9292639138240575
mpidb_wholecell,Falciparum,Falciparum_1307210661-0008-R_26,1,primary,seed,0.6950467687074829,1.0
mpidb_wholecell,Falciparum,Falciparum_1307210661-0008-R_27,1,primary,seed,0.5214002267573696,0.663781163434903
mpidb_wholecell,Falciparum,Falciparum_1307210661-0008-R_28,1,primary,seed,0.6368249559318413,1.0
mpidb_wholecell,Falciparum,Falciparum_1307210661-0008-R_29,1,primary,seed,0.5311723602484472,1.0
mpidb_wholecell,Falciparum,Falciparum_1307210661-0008-R_30,1,primary,seed,0.763499149659864,0.8643099068585944
mpidb_wholecell,Falciparum,Falciparum_1307210661-0008-R_31,1,primary,seed,0.5797390481341266,0.9603024574669187
mpidb_wholecell,Falciparum,Falciparum_1307210661-0009-R_0,1,primary,seed,0.6082766439909297,0.8611351195620859
mpidb_wholecell,Falciparum,Falciparum_1307210661-0009-R_1,1,primary,seed,0.5257936507936508,0.6963696369636964
mpidb_wholecell,Falciparum,Falciparum_1307210661-0009-R_2,1,primary,seed,0.4973472094684216,0.9812691131498471
mpidb_wholecell,Falciparum,Falciparum_1307210661-0009-R_3,1,primary,seed,0.4628677456854154,0.7550948699929726
mpidb_wholecell,Falciparum,Falciparum_1307210661-0009-R_4,1,primary,seed,0.44337408096377007,0.9944845142129826
mpidb_wholecell,Falciparum,Falciparum_1307210661-0009-R_5,1,primary,seed,0.6704619565217391,1.0
mpidb_wholecell,Falciparum,Falciparum_1307210661-0009-R_6,1,primary,seed,0.55906320861678,0.9772857964347326
mpidb_wholecell,Falciparum,Falciparum_1307210661-0009-R_7,1,primary,seed,0.7004322562358276,0.9893732970027248
mpidb_wholecell,Falciparum,Falciparum_1307210661-0009-R_8,1,primary,seed,0.372870249017038,0.4491203863401173
mpidb_wholecell,Falciparum,Falciparum_1307210661-0009-R_9,1,primary,seed,0.7442541813630674,0.9649313874972772
mpidb_wholecell,Falciparum,Falciparum_1307210661-0009-R_10,1,primary,seed,0.608324277331015,1.0
mpidb_wholecell,Falciparum,Falciparum_1307210661-0010-R_0,1,primary,seed,0.5959467120181405,0.8975220495590088
mpidb_wholecell,Falciparum,Falciparum_1307210661-0010-R_1,1,primary,seed,0.52135,1.0
mpidb_wholecell,Falciparum,Falciparum_1307210661-0010-R_2,1,primary,seed,0.6008382642998028,0.8996020814202632
mpidb_wholecell,Falciparum,Falciparum_1307210661-0010-R_3,1,primary,seed,0.6139875082182774,0.674130538351596
mpidb_wholecell,Falciparum,Falciparum_1307210661-0010-R_4,1,primary,seed,0.6721828211189913,1.0
mpidb_wholecell,Falciparum,Falciparum_1307210661-0010-R_5,1,primary,seed,0.4656084656084656,1.0
mpidb_wholecell,Falciparum,Falciparum_1307210661-0010-R_6,1,primary,seed,0.6102081183350533,0.781363453005244
mpidb_wholecell,Falciparum,Falciparum_1307210661-0010-R_7,1,primary,seed,0.5243362237912427,1.0
mpidb_wholecell,Falciparum,Falciparum_1307210661-0010-R_8,1,primary,seed,0.6183071930773391,0.8702544847726325
mpidb_wholecell,Falciparum,Falciparum_1307210661-0010-R_9,1,primary,seed,0.3893494897959184,0.7511926605504587
mpidb_wholecell,Falciparum,Falciparum_1307210661-0010-R_10,1,primary,seed,0.5284445600475625,0.7067359757418237
mpidb_wholecell,Falciparum,Falciparum_1307210661-0010-R_11,1,primary,seed,0.6130864197530864,0.8360971847281141
mpidb_wholecell,Falciparum,Falciparum_1307210661-0010-R_12,1,primary,seed,0.4694940476190476,0.42734394743492543
mpidb_wholecell,Falciparum,Falciparum_1307210661-0010-R_13,1,primary,seed,0.6589781746031746,0.9040319893368877
mpidb_wholecell,Falciparum,Falciparum_1307210661-0010-R_14,1,primary,seed,0.7257653061224489,0.999042451324609
mpidb_wholecell,Falciparum,Falciparum_1307210661-0010-R_15,1,primary,seed,0.5472293083900227,0.42401608733122664
mpidb_wholecell,Falciparum,Falciparum_1307210661-0010-R_16,1,primary,seed,0.6819019274376418,0.7662927350427351
mpidb_wholecell,Falciparum,Falciparum_1307210661-0010-R_17,1,primary,seed,0.7472009637188208,0.9604774535809019
mpidb_wholecell,Falciparum,Falciparum_1307210661-0010-R_18,1,primary,seed,0.7853954081632653,0.9536302623550945
mpidb_wholecell,Falciparum,Falciparum_1307210661-0010-R_19,1,primary,seed,0.7673484295105917,0.8640126133228222
mpidb_wholecell,Falciparum,Falciparum_1307210661-0010-R_20,1,primary,seed,0.7922689909297053,1.0
mpidb_wholecell,Falciparum,Falciparum_1307210661-0010-R_21,1,primary,seed,0.43065150387926454,0.4158440276406713
mpidb_wholecell,Falciparum,Falciparum_1307210661-0010-R_22,1,primary,seed,0.8298965419501134,1.0
mpidb_wholecell,Falciparum,Falciparum_1307210661-0010-R_23,1,primary,seed,0.9333191609977324,1.0
mpidb_wholecell,Falciparum,Falciparum_1307210661-0010-R_24,1,primary,seed,0.6000921201814059,0.8194511314395763
mpidb_wholecell,Falciparum,Falciparum_1307210661-0010-R_25,1,primary,seed,0.6913973600364133,0.7438167143972924
mpidb_wholecell,Falciparum,Falciparum_1307210661-0010-R_26,1,primary,seed,0.5345096371882087,0.7960225745767266
mpidb_wholecell,Falciparum,Falciparum_1307210661-0010-R_27,1,primary,seed,0.6887755102040817,0.702263989747971
mpidb_wholecell,Falciparum,Falciparum_1307210661-0010-R_28,1,primary,seed,0.464197247706422,0.8540896013152487
mpidb_wholecell,Falciparum,Falciparum_1307210661-0010-R_29,1,primary,seed,0.5960530045351474,0.894453781512605
mpidb_wholecell,Falciparum,Falciparum_1307210661-0010-R_30,1,primary,seed,0.5756374686220108,0.7230965546575925
mpidb_wholecell,Falciparum,Falciparum_1307210661-0010-R_31,1,primary,seed,0.6084892290249433,1.0
mpidb_wholecell,Falciparum,Falciparum_1307210661-0010-R_32,1,primary,seed,0.7083333333333334,1.0
mpidb_wholecell,Falciparum,Falciparum_1307210661-0010-R_33,1,primary,seed,0.6219002306805075,0.9306581059390048
mpidb_wholecell,Falciparum,Falciparum_1307210661-0010-R_34,1,primary,seed,0.4727248677248677,0.7466525722339676
mpidb_wholecell,Falciparum,Falciparum_1307210661-0010-R_35,1,primary,seed,0.6121436035229139,1.0
mpidb_wholecell,Falciparum,Falciparum_1307210661-0010-R_36,1,primary,seed,0.5576013266351265,0.958904109589041
mpidb_wholecell,Falciparum,Falciparum_1307210661-0010-R_37,1,primary,seed,0.5173965419501134,0.7689955304634204
mpidb_wholecell,Falciparum,Falciparum_1307210661-0010-R_38,1,primary,seed,0.6232638888888888,1.0
mpidb_wholecell,Falciparum,Falciparum_1307210661-0010-R_39,1,primary,seed,0.5207270408163265,0.8469387755102041
mpidb_wholecell,Falciparum,Falciparum_1307210661-0010-R_40,1,primary,seed,0.7391935941043084,1.0
mpidb_wholecell,Falciparum,Falciparum_1307210661-0010-R_41,1,primary,seed,0.726027397260274,0.8154471544715447
mpidb_wholecell,Falciparum,Falciparum_1405022890-0001-R_0,1,primary,seed,0.5006799945600435,0.6416221314052185
mpidb_wholecell,Falciparum,Falciparum_1405022890-0001-R_1,1,primary,seed,0.5212159216459136,0.717981072555205
mpidb_wholecell,Falciparum,Falciparum_1405022890-0001-R_2,1,primary,seed,0.5128643664485425,1.0
mpidb_wholecell,Falciparum,Falciparum_1405022890-0001-R_3,1,primary,seed,0.48208214334285326,0.9191102123356926
mpidb_wholecell,Falciparum,Falciparum_1405022890-0001-R_4,1,primary,seed,0.44369645042839656,0.9205150976909414
mpidb_wholecell,Falciparum,Falciparum_1405022890-0001-R_5,1,primary,seed,0.5268886559703297,1.0
mpidb_wholecell,Falciparum,Falciparum_1405022890-0001-R_6,1,primary,seed,0.5333714208899045,1.0
mpidb_wholecell,Falciparum,Falciparum_1405022890-0001-R_7,1,primary,seed,0.4313860797144557,0.7798661540652143
mpidb_wholecell,Falciparum,Falciparum_1405022890-0001-R_8,1,primary,seed,0.5094643124345354,0.9444444444444444
mpidb_wholecell,Falciparum,Falciparum_1405022890-0001-R_9,1,primary,seed,0.5449438202247191,0.8019770408163265
mpidb_wholecell,Falciparum,Falciparum_1405022890-0001-R_10,1,primary,seed,0.5161533220983183,1.0
mpidb_wholecell,Falciparum,Falciparum_1405022890-0001-R_11,1,primary,seed,0.4623209635416667,0.7357877639415268
mpidb_wholecell,Falciparum,Falciparum_1405022890-0001-R_12,1,primary,seed,0.48649094992733516,0.7340153452685422
mpidb_wholecell,Falciparum,Falciparum_1405022890-0002-R_0,1,primary,seed,0.5893661518661518,0.9990501519756839
mpidb_wholecell,Falciparum,Falciparum_1405022890-0002-R_1,1,primary,seed,0.5365497076023392,0.8404977375565611
mpidb_wholecell,Falciparum,Falciparum_1405022890-0002-R_2,1,primary,seed,0.471994139373035,0.7658836091831287
mpidb_wholecell,Falciparum,Falciparum_1405022890-0002-R_3,1,primary,seed,0.5050173010380623,0.9975819451907576
mpidb_wholecell,Falciparum,Falciparum_1405022890-0002-R_4,1,primary,seed,0.5406543682561782,0.7106428191960333
mpidb_wholecell,Falciparum,Falciparum_1405022890-0002-R_5,1,primary,seed,0.4883661394925475,0.6742039686202123
mpidb_wholecell,Falciparum,Falciparum_1405022890-0002-R_6,1,primary,seed,0.6634626794826154,0.8198830409356725
mpidb_wholecell,Falciparum,Falciparum_1405022890-0002-R_7,1,primary,seed,0.460960737656157,0.8137268359643103
mpidb_wholecell,Falciparum,Falciparum_1405022890-0002-R_8,1,primary,seed,0.43662823510441023,0.9804252446844415
mpidb_wholecell,Falciparum,Falciparum_1405022890-0002-R_9,1,primary,seed,0.4577924695638152,0.8639757349510032
mpidb_wholecell,Falciparum,Falciparum_1405022890-0002-R_10,1,primary,seed,0.47337931858222104,0.7610938267561814
mpidb_wholecell,Falciparum,Falciparum_1405022890-0002-R_11,1,primary,seed,0.5389417360285375,1.0
mpidb_wholecell,Falciparum,Falciparum_1405022890-0002-R_12,1,primary,seed,0.5194989669421488,0.938761546356483
mpidb_wholecell,Falciparum,Falciparum_1405022890-0002-R_13,1,primary,seed,0.5773100907029478,0.9976005906238464
mpidb_wholecell,Falciparum,Falciparum_1405022890-0002-R_14,1,primary,seed,0.5803837078075306,0.9051405325443787
mpidb_wholecell,Falciparum,Falciparum_1405022890-0002-R_15,1,primary,seed,0.5191786024305556,0.8078440473427709
mpidb_wholecell,Falciparum,Falciparum_1405022890-0002-R_16,1,primary,seed,0.6146867940765176,0.8299595141700404
mpidb_wholecell,Falciparum,Falciparum_1405022890-0002-R_17,1,primary,seed,0.41121031746031744,0.4840449438202247
mpidb_wholecell,Falciparum,Falciparum_1405022890-0003-R_0,1,primary,seed,0.4507436497326203,0.9855724189619637
mpidb_wholecell,Falciparum,Falciparum_1405022890-0003-R_1,1,primary,seed,0.5221065440778799,0.9897985207855139
mpidb_wholecell,Falciparum,Falciparum_1405022890-0003-R_2,1,primary,seed,0.513828689370485,0.8483130138928268
mpidb_wholecell,Falciparum,Falciparum_1405022890-0003-R_3,1,primary,seed,0.5010877447425671,0.7455083011143961
mpidb_wholecell,Falciparum,Falciparum_1405022890-0003-R_4,1,primary,seed,0.5416703992355699,1.0
mpidb_wholecell,Falciparum,Falciparum_1405022890-0003-R_5,1,primary,seed,0.49454545454545457,0.8194740582800284
mpidb_wholecell,Falciparum,Falciparum_1405022890-0003-R_6,1,primary,seed,0.5222156086971744,1.0
mpidb_wholecell,Falciparum,Falciparum_1405022890-0003-R_7,1,primary,seed,0.5307736971984323,0.9005983400887859
mpidb_wholecell,Falciparum,Falciparum_1405022890-0003-R_8,1,primary,seed,0.5297275365937393,1.0
mpidb_wholecell,Falciparum,Falciparum_1405022890-0003-R_9,1,primary,seed,0.46356138453217954,0.7711918419375399
mpidb_wholecell,Falciparum,Falciparum_1405022890-0003-R_10,1,primary,seed,0.5109123653124141,0.9945790816326531
mpidb_wholecell,Falciparum,Falciparum_1405022890-0003-R_11,1,primary,seed,0.6110820451843044,0.9982522575007282
mpidb_wholecell,Falciparum,Falciparum_1405022890-0003-R_12,1,primary,seed,0.5526076133810941,0.763566948459231
mpidb_wholecell,Falciparum,Falciparum_1405022890-0003-R_13,1,primary,seed,0.5028562986309465,0.8363232259088744
mpidb_wholecell,Falciparum,Falciparum_1405022890-0003-R_14,1,primary,seed,0.43899695166207,1.0
mpidb_wholecell,Falciparum,Falciparum_1405022890-0003-R_15,1,primary,seed,0.530851798380516,0.8590200445434298
mpidb_wholecell,Falciparum,Falciparum_1405022890-0003-R_16,1,primary,seed,0.5537570888468809,0.8671908202294942
mpidb_wholecell,Falciparum,Falciparum_1405022890-0003-R_17,1,primary,seed,0.5143744899880736,0.9707554833468724
mpidb_wholecell,Falciparum,Falciparum_1405022890-0003-R_18,1,primary,seed,0.4738781163434903,1.0
mpidb_wholecell,Falciparum,Falciparum_1405022890-0003-R_19,1,primary,seed,0.47977911838871334,0.8803088803088803
mpidb_wholecell,Falciparum,Falciparum_1405022890-0003-R_20,1,primary,seed,0.5181286549707602,0.9756620235726312
mpidb_wholecell,Falciparum,Falciparum_1405022890-0003-R_21,1,primary,seed,0.4518005540166205,0.7017642642642643
mpidb_wholecell,Falciparum,Falciparum_1405022890-0003-R_22,1,primary,seed,0.5320573858947502,1.0
mpidb_wholecell,Falciparum,Falciparum_1405022890-0003-R_23,1,primary,seed,0.4866233766233766,1.0
mpidb_wholecell,Falciparum,Falciparum_1405022890-0004-R_0,1,primary,seed,0.4840584415584416,0.9989875980764363
mpidb_wholecell,Falciparum,Falciparum_1405022890-0004-R_1,1,primary,seed,0.48298664612223935,0.9030115146147033
mpidb_wholecell,Falciparum,Falciparum_1405022890-0004-R_2,1,primary,seed,0.5210586803677664,0.9968659594985535
mpidb_wholecell,Falciparum,Falciparum_1405022890-0004-R_3,1,primary,seed,0.42818407960199006,1.0
mpidb_wholecell,Falciparum,Falciparum_1405022890-0004-R_4,1,primary,seed,0.4500425170068027,1.0
mpidb_wholecell,Falciparum,Falciparum_1405022890-0004-R_5,1,primary,seed,0.4037000868055556,0.5856636471051595
mpidb_wholecell,Falciparum,Falciparum_1405022890-0004-R_6,1,primary,seed,0.5349555206698063,0.87604550016728
mpidb_wholecell,Falciparum,Falciparum_1405022890-0004-R_7,1,primary,seed,0.3985783952889216,0.7951033165480118
mpidb_wholecell,Falciparum,Falciparum_1405022890-0004-R_8,1,primary,seed,0.5294839381320643,1.0
mpidb_wholecell,Falciparum,Falciparum_1405022890-0004-R_9,1,primary,seed,0.5003024600080656,0.6693085000990687
mpidb_wholecell,Falciparum,Falciparum_1405022890-0004-R_10,1,primary,seed,0.5272329592312381,0.6491145218417945
mpidb_wholecell,Falciparum,Falciparum_1405022890-0004-R_11,1,primary,seed,0.5177594123048669,0.975203597909323
mpidb_wholecell,Falciparum,Falciparum_1405022890-0004-R_12,1,primary,seed,0.5051166028541594,1.0
mpidb_wholecell,Falciparum,Falciparum_1405022890-0004-R_13,1,primary,seed,0.4767195767195767,0.61640097659055
mpidb_wholecell,Falciparum,Falciparum_1405022890-0004-R_14,1,primary,seed,0.5037135783660255,0.9651128266033254
mpidb_wholecell,Falciparum,Falciparum_1405022890-0004-R_15,1,primary,seed,0.5978071702053602,0.8978165938864628
mpidb_wholecell,Falciparum,Falciparum_1405022890-0004-R_16,1,primary,seed,0.6193613016817436,0.8392663043478261
mpidb_wholecell,Falciparum,Falciparum_1405022890-0004-R_17,1,primary,seed,0.5021295294753921,0.9299287410926366
mpidb_wholecell,Falciparum,Falciparum_1405022890-0004-R_18,1,primary,seed,0.5906291510687115,1.0
mpidb_wholecell,Falciparum,Falciparum_1405022890-0005-R_0,1,primary,seed,0.4899922520661157,1.0
mpidb_wholecell,Falciparum,Falciparum_1405022890-0005-R_1,1,primary,seed,0.4935257780945593,1.0
mpidb_wholecell,Falciparum,Falciparum_1405022890-0005-R_2,1,primary,seed,0.5190273994552155,1.0
mpidb_wholecell,Falciparum,Falciparum_1405022890-0005-R_3,1,primary,seed,0.43352549090254006,1.0
mpidb_wholecell,Falciparum,Falciparum_1405022890-0005-R_4,1,primary,seed,0.4886849607982894,0.8932384341637011
mpidb_wholecell,Falciparum,Falciparum_1405022890-0005-R_5,1,primary,seed,0.4845679012345679,0.7781546811397557
mpidb_wholecell,Falciparum,Falciparum_1405022890-0005-R_6,1,primary,seed,0.5212849494348603,0.6473742095133351
mpidb_wholecell,Falciparum,Falciparum_1405022890-0005-R_7,1,primary,seed,0.48829888334521265,1.0
mpidb_wholecell,Falciparum,Falciparum_1405022890-0005-R_8,1,primary,seed,0.47698802116170064,1.0
mpidb_wholecell,Falciparum,Falciparum_1405022890-0005-R_9,1,primary,seed,0.5408261950815142,1.0
mpidb_wholecell,Falciparum,Falciparum_1405022890-0005-R_10,1,primary,seed,0.48494809688581314,1.0
mpidb_wholecell,Falciparum,Falciparum_1405022890-0005-R_11,1,primary,seed,0.5163690476190477,0.83909038572251
mpidb_wholecell,Falciparum,Falciparum_1405022890-0005-R_12,1,primary,seed,0.5185545413736345,0.7782921810699589
mpidb_wholecell,Falciparum,Falciparum_1405022890-0005-R_13,1,primary,seed,0.5099091788645798,0.9695687222893994
mpidb_wholecell,Falciparum,Falciparum_1405022890-0005-R_14,1,primary,seed,0.48026617014132655,1.0
mpidb_wholecell,Falciparum,Falciparum_1405022890-0005-R_15,1,primary,seed,0.457763671875,0.9244928625093914
mpidb_wholecell,Falciparum,Falciparum_1405022890-0005-R_16,1,primary,seed,0.5496193771626298,0.9107766143106457
mpidb_wholecell,Falciparum,Falciparum_1405022890-0006-R_0,1,primary,seed,0.5506515342580917,1.0
mpidb_wholecell,Falciparum,Falciparum_1405022890-0006-R_1,1,primary,seed,0.5363203806502775,0.6935372980405637
mpidb_wholecell,Falciparum,Falciparum_1405022890-0006-R_2,1,primary,seed,0.49456554374587164,0.6443654610077357
mpidb_wholecell,Falciparum,Falciparum_1405022890-0006-R_3,1,primary,seed,0.5770907649623465,1.0
mpidb_wholecell,Falciparum,Falciparum_1405022890-0006-R_4,1,primary,seed,0.43684317926742167,0.9550844412504491
mpidb_wholecell,Falciparum,Falciparum_1405022890-0006-R_5,1,primary,seed,0.5136557334710744,0.944769330734243
mpidb_wholecell,Falciparum,Falciparum_1405022890-0006-R_6,1,primary,seed,0.5158237318569505,1.0
mpidb_wholecell,Falciparum,Falciparum_1405022890-0006-R_7,1,primary,seed,0.43822714681440444,0.7199604417339707
mpidb_wholecell,Falciparum,Falciparum_1405022890-0006-R_8,1,primary,seed,0.5392857142857143,0.6389468196037539
mpidb_wholecell,Falciparum,Falciparum_1405022890-0006-R_9,1,primary,seed,0.5101691632231405,1.0
mpidb_wholecell,Falciparum,Falciparum_1405022890-0006-R_10,1,primary,seed,0.5894923353647078,0.8431985294117647
mpidb_wholecell,Falciparum,Falciparum_1405022890-0006-R_11,1,primary,seed,0.41922166231558494,0.6937428896473266
mpidb_wholecell,Falciparum,Falciparum_1405022890-0006-R_12,1,primary,seed,0.4875140484087607,1.0
mpidb_wholecell,Falciparum,Falciparum_1405022890-0006-R_13,1,primary,seed,0.510703125,0.9977477477477478
mpidb_wholecell,Falciparum,Falciparum_1405022890-0006-R_14,1,primary,seed,0.510390625,1.0
mpidb_wholecell,Falciparum,Falciparum_1405022890-0006-R_15,1,primary,seed,0.5268170426065163,0.9787957591518304
mpidb_wholecell,Falciparum,Falciparum_1405022890-0006-R_16,1,primary,seed,0.5115945195218626,1.0
mpidb_wholecell,Falciparum,Falciparum_1405022890-0006-R_17,1,primary,seed,0.5028143645164922,0.7588192944564435
mpidb_wholecell,Falciparum,Falciparum_1405022890-0006-R_18,1,primary,seed,0.46046401515151514,1.0
mpidb_wholecell,Falciparum,Falciparum_1408161544-0001-S_R_0,1,primary,seed,0.4535049245921822,0.9789795028347144
mpidb_wholecell,Falciparum,Falciparum_1408161544-0001-S_R_1,1,primary,seed,0.4763385613845322,0.9465215333648841
mpidb_wholecell,Falciparum,Falciparum_1408161544-0002-R_S_0,1,primary,seed,0.483045969134618,0.9514931814258588
mpidb_wholecell,Falciparum,Falciparum_1408161544-0002-R_S_1,1,primary,seed,0.5704378786268466,0.9950184798328781
mpidb_wholecell,Falciparum,Falciparum_1408161544-0002-R_S_2,1,primary,seed,0.5146218907025374,0.9977047769330082
mpidb_wholecell,Falciparum,Falciparum_1408161544-0003-R_S_0,1,primary,seed,0.5724213916433596,1.0
mpidb_wholecell,Falciparum,Falciparum_1408161544-0003-R_S_1,1,primary,seed,0.3574868822930535,0.9942281642028388
mpidb_wholecell,Falciparum,Falciparum_1408290968-0001-R_0,1,primary,seed,0.49222453462828075,0.9169845594913715
mpidb_wholecell,Falciparum,Falciparum_1408290968-0002-R_0,1,primary,seed,0.41690243484224965,0.7894010012083549
mpidb_wholecell,Falciparum,Falciparum_1408290968-0003-R_0,1,primary,seed,0.32907372400756146,0.78813477968705
mpidb_wholecell,Falciparum,Falciparum_1409171742-0001-R_0,1,primary,seed,0.6822102864583334,1.0
mpidb_wholecell,Falciparum,Falciparum_1409171742-0001-R_1,1,primary,seed,0.7364299886621315,1.0
mpidb_wholecell,Falciparum,Falciparum_1409171742-0002-R_0,1,primary,seed,0.7200255102040817,0.9283387622149837
mpidb_wholecell,Falciparum,Falciparum_1409171742-0002-R_1,1,primary,seed,0.6492515516611902,0.9997527200791295
mpidb_wholecell,Falciparum,Falciparum_1409171742-0002-R_2,1,primary,seed,0.557378242616904,1.0
mpidb_wholecell,Falciparum,Falciparum_1409171742-0003-R_0,1,primary,seed,0.8354237528344671,0.9571533845667966
mpidb_wholecell,Falciparum,Falciparum_1409171742-0003-R_1,1,primary,seed,0.6622585532129781,0.8415338097855964
mpidb_wholecell,Falciparum,Falciparum_1409171742-0003-R_2,1,primary,seed,0.7212405337179949,0.8458731351293335
mpidb_wholecell,Falciparum,Falciparum_1409171742-0003-R_3,1,primary,seed,0.5906320861678005,0.8982327848872639
mpidb_wholecell,Falciparum,Falciparum_1409171742-0004-R_0,1,primary,seed,0.5295847505668935,0.7177235201124188
mpidb_wholecell,Falciparum,Falciparum_1409171742-0004-R_1,1,primary,seed,0.7945365646258503,1.0
mpidb_wholecell,Falciparum,Falciparum_1409171742-0005-R_0,1,primary,seed,0.7503188775510204,1.0
mpidb_wholecell,Falciparum,Falciparum_1409171742-0005-R_1,1,primary,seed,0.68115,1.0
mpidb_wholecell,Falciparum,Falciparum_1409171742-0006-R_0,1,primary,seed,0.8615717120181405,0.9871256647075287
mpidb_wholecell,Falciparum,Falciparum_1409171742-0006-R_1,1,primary,seed,0.6250821827744905,1.0
mpidb_wholecell,Falciparum,Falciparum_1409171742-0006-R_2,1,primary,seed,0.5358560090702947,0.812856463878327
mpidb_wholecell,Falciparum,Falciparum_1409171742-0007-R_0,1,primary,seed,0.6120454545454546,0.9353412997217221
mpidb_wholecell,Falciparum,Falciparum_1409171742-0007-R_1,1,primary,seed,0.6487740929705216,0.9990859232175503
mpidb_wholecell,Falciparum,Falciparum_1409171742-0007-R_2,1,primary,seed,0.6834811529933481,0.9965727341964966
mpidb_wholecell,Falciparum,Falciparum_1409171742-0007-R_3,1,primary,seed,0.6731338149294805,0.9671011793916822
mpidb_wholecell,Falciparum,Falciparum_1409171742-0008-R_0,1,primary,seed,0.6710955215419501,0.9712863705972435
mpidb_wholecell,Falciparum,Falciparum_1409171742-0008-R_1,1,primary,seed,0.6322772055530677,0.9460732984293194
mpidb_wholecell,Falciparum,Falciparum_1409171742-0008-R_2,1,primary,seed,0.6499787414965986,0.9862147464272164
mpidb_wholecell,Falciparum,Falciparum_1409171742-0008-R_3,1,primary,seed,0.7234977324263039,0.8085106382978723
mpidb_wholecell,Falciparum,Falciparum_1409171742-0009-R_0,1,primary,seed,0.8059807256235828,1.0
mpidb_wholecell,Falciparum,Falciparum_1409171742-0009-R_1,1,primary,seed,0.939484126984127,0.73448614177091
mpidb_wholecell,Falciparum,Falciparum_1409171742-0009-R_2,1,primary,seed,0.8787556689342404,0.9846724749919329
mpidb_wholecell,Falciparum,Falciparum_1409171742-0009-R_3,1,primary,seed,0.6950856673848363,0.8874187832250443
mpidb_wholecell,Falciparum,Falciparum_1409171742-0009-R_4,1,primary,seed,0.5577024706037785,0.7022122793934874
mpidb_wholecell,Falciparum,Falciparum_1409171742-0009-R_5,1,primary,seed,0.49691755612808247,0.8030154449620005
mpidb_wholecell,Falciparum,Falciparum_1409171742-0010-R_0,1,primary,seed,0.5006377551020408,0.9098633788737087
mpidb_wholecell,Falciparum,Falciparum_1409171742-0010-R_1,1,primary,seed,0.6298540249433107,0.9801743699988057
mpidb_wholecell,Falciparum,Falciparum_1409171742-0010-R_2,1,primary,seed,0.7532596371882087,0.9994201217744274
mpidb_wholecell,Falciparum,Falciparum_1409171742-0010-R_3,1,primary,seed,0.782312925170068,1.0
mpidb_wholecell,Falciparum,Falciparum_1409171742-0010-R_4,1,primary,seed,0.7968041383219955,0.9347473487211478
mpidb_wholecell,Falciparum,Falciparum_1409191647-0001-R_0,1,primary,seed,0.6997489612188366,0.978055738424402
mpidb_wholecell,Falciparum,Falciparum_1409191647-0002-R_0,1,primary,seed,0.5578034682080925,0.5726203501094091
mpidb_wholecell,Falciparum,Falciparum_1409191647-0003-R_0,1,primary,seed,0.8221378393772546,1.0
mpidb_wholecell,Falciparum,Falciparum_1409191647-0003-R_1,1,primary,seed,0.7039911308203991,1.0
mpidb_wholecell,Falciparum,Falciparum_1409191647-0003-R_2,1,primary,seed,0.5585574646348127,1.0
mpidb_wholecell,Falciparum,Falciparum_1409191647-0003-R_3,1,primary,seed,0.6503353057199212,0.7516870954413992
mpidb_wholecell,Falciparum,Falciparum_1409191647-0004-R_0,1,primary,seed,0.688704648526077,0.9809959105123888
mpidb_wholecell,Falciparum,Falciparum_1409191647-0004-R_1,1,primary,seed,0.4744981694230526,0.8993036957686128
mpidb_wholecell,Falciparum,Falciparum_1409191647-0004-R_2,1,primary,seed,0.5209750566893424,0.9607250755287009
mpidb_wholecell,Falciparum,Falciparum_1409191647-0004-R_3,1,primary,seed,0.5330644730516533,1.0
mpidb_wholecell,Falciparum,Falciparum_1409191647-0005-R_0,1,primary,seed,0.6805201247165533,0.9077129443326627
mpidb_wholecell,Falciparum,Falciparum_1409191647-0005-R_1,1,primary,seed,0.5325038580246914,0.942613948380011
mpidb_wholecell,Falciparum,Falciparum_1409191647-0005-R_2,1,primary,seed,0.6846301020408163,0.9966877880184332
mpidb_wholecell,Falciparum,Falciparum_1409191647-0005-R_3,1,primary,seed,0.591990125416033,0.9094080031004748
mpidb_wholecell,Falciparum,Falciparum_1409191647-0006-R_0,1,primary,seed,0.6005527210884354,0.7326082495382721
mpidb_wholecell,Falciparum,Falciparum_1409191647-0006-R_1,1,primary,seed,0.7253047052154195,1.0
mpidb_wholecell,Falciparum,Falciparum_1409191647-0006-R_2,1,primary,seed,0.5709924320605435,1.0
mpidb_wholecell,Falciparum,Falciparum_1409191647-0006-R_3,1,primary,seed,0.7250566893424036,1.0
mpidb_wholecell,Falciparum,Falciparum_1409191647-0006-R_4,1,primary,seed,0.5075864458800525,1.0
mpidb_wholecell,Falciparum,Falciparum_1409191647-0007-R_0,1,primary,seed,0.6543367346938775,0.8516144349477682
mpidb_wholecell,Falciparum,Falciparum_1409191647-0008-T_0,1,primary,seed,0.549640685461581,0.8641660015961692
mpidb_wholecell,Falciparum,Falciparum_1409191647-0009-R_0,1,primary,seed,0.5682432432432433,0.471947635586428
mpidb_wholecell,Falciparum,Falciparum_1409191647-0009-R_1,1,primary,seed,0.7673611111111112,1.0
mpidb_wholecell,Falciparum,Falciparum_1409191647-0009-R_2,1,primary,seed,0.7397604875283447,0.8780314848957594
mpidb_wholecell,Falciparum,Falciparum_1409191647-0009-R_3,1,primary,seed,0.6030385015608741,0.8463629303650013
mpidb_wholecell,Falciparum,Falciparum_1409191647-0009-R_4,1,primary,seed,0.6133078231292517,0.7152637937978252
mpidb_wholecell,Falciparum,Falciparum_1409191647-0009-R_5,1,primary,seed,0.5992362626463004,0.9908938413611311
mpidb_wholecell,Falciparum,Falciparum_1409191647-0009-R_6,1,primary,seed,0.5955927051671732,0.5517946388005452
mpidb_wholecell,Falciparum,Falciparum_1409191647-0010-R_0,1,primary,seed,0.5518707482993197,0.785309667673716
mpidb_wholecell,Falciparum,Falciparum_1409191647-0010-R_1,1,primary,seed,0.7179941874784493,0.6839263463934653
mpidb_wholecell,Falciparum,Falciparum_1409191647-0010-R_2,1,primary,seed,0.4604229739809574,0.9643021649009673
mpidb_wholecell,Falciparum,Falciparum_1409191647-0010-R_3,1,primary,seed,0.748405612244898,0.8164375283275419
mpidb_wholecell,Falciparum,Falciparum_1409191647-0010-R_4,1,primary,seed,0.597074667065689,0.9363241678726484
mpidb_wholecell,Falciparum,Falciparum_1603223711-0001-G_0,1,primary,seed,0.18154098908442862,0.8439058065505868
mpidb_wholecell,Falciparum,Falciparum_1603223711-0002-T_G_0,1,primary,seed,0.3627305175490779,1.0
mpidb_wholecell,Falciparum,Falciparum_1603223711-0002-T_G_1,1,primary,seed,0.21276084060973804,0.9136980306345733
mpidb_wholecell,Falciparum,Falciparum_1603223711-0003-G_R_0,1,primary,seed,0.20644152476116015,0.8894266567386448
mpidb_wholecell,Falciparum,Falciparum_1603223711-0003-G_R_1,1,primary,seed,0.6060240963855422,0.988313856427379
mpidb_wholecell,Falciparum,Falciparum_1603223711-0004-R_0,1,primary,seed,0.5434782608695652,1.0
mpidb_wholecell,Falciparum,Falciparum_1603223711-0004-R_1,1,primary,seed,0.5064123825317856,0.9929228591648974
mpidb_wholecell,Falciparum,Falciparum_1603223711-0005-G_0,1,primary,seed,0.25002143347050754,0.9768428495669083
mpidb_wholecell,Falciparum,Falciparum_1603223711-0006-G_0,1,primary,seed,0.42334399461324806,0.9987572493786246
mpidb_wholecell,Falciparum,Falciparum_1701151546-0001-R_T_S_0,1,primary,seed,0.5205300485255693,1.0
mpidb_wholecell,Falciparum,Falciparum_1701151546-0001-R_T_S_1,1,primary,seed,0.49805228531855955,1.0
mpidb_wholecell,Falciparum,Falciparum_1701151546-0001-R_T_S_2,1,primary,seed,0.4206273385876921,1.0
mpidb_wholecell,Falciparum,Falciparum_1701151546-0001-R_T_S_3,1,primary,seed,0.4647794601711652,1.0
mpidb_wholecell,Falciparum,Falciparum_1701151546-0001-R_T_S_4,1,primary,seed,0.534603327706776,1.0
mpidb_wholecell,Falciparum,Falciparum_1701151546-0001-R_T_S_5,1,primary,seed,0.5200831024930748,1.0
mpidb_wholecell,Falciparum,Falciparum_1701151546-0001-R_T_S_6,1,primary,seed,0.46494411380461603,1.0
mpidb_wholecell,Falciparum,Falciparum_1701151546-0001-R_T_S_7,1,primary,seed,0.5108359133126935,0.9786532951289398
mpidb_wholecell,Falciparum,Falciparum_1701151546-0001-R_T_S_8,1,primary,seed,0.49021757463315907,1.0
mpidb_wholecell,Falciparum,Falciparum_1701151546-0001-R_T_S_9,1,primary,seed,0.4742222222222222,1.0
mpidb_wholecell,Falciparum,Falciparum_1701151546-0001-R_T_S_10,1,primary,seed,0.5204775182990589,1.0
mpidb_wholecell,Falciparum,Falciparum_1701151546-0001-R_T_S_11,1,primary,seed,0.539187983343248,1.0
mpidb_wholecell,Falciparum,Falciparum_1701151546-0001-R_T_S_12,1,primary,seed,0.41343320848938825,1.0
mpidb_wholecell,Falciparum,Falciparum_1701151546-0002-R_0,1,primary,seed,0.5641025641025641,1.0
mpidb_wholecell,Falciparum,Falciparum_1701151546-0002-R_1,1,primary,seed,0.5872324539571926,1.0
mpidb_wholecell,Falciparum,Falciparum_1701151546-0002-R_2,1,primary,seed,0.5042087542087542,1.0
mpidb_wholecell,Falciparum,Falciparum_1701151546-0002-R_3,1,primary,seed,0.5042087542087542,1.0
mpidb_wholecell,Falciparum,Falciparum_1701151546-0002-R_4,1,primary,seed,0.5122342938119981,1.0
mpidb_wholecell,Falciparum,Falciparum_1701151546-0002-R_5,1,primary,seed,0.5343228200371057,1.0
mpidb_wholecell,Falciparum,Falciparum_1701151546-0002-R_6,1,primary,seed,0.5262851196670135,1.0
mpidb_wholecell,Falciparum,Falciparum_1701151546-0002-R_7,1,primary,seed,0.5310344827586206,1.0
mpidb_wholecell,Falciparum,Falciparum_1701151546-0002-R_8,1,primary,seed,0.49793052475979305,1.0
mpidb_wholecell,Falciparum,Falciparum_1701151546-0002-R_9,1,primary,seed,0.5183267587113741,1.0
mpidb_wholecell,Falciparum,Falciparum_1701151546-0002-R_10,1,primary,seed,0.5253962151309326,1.0
mpidb_wholecell,Falciparum,Falciparum_1701151546-0002-R_11,1,primary,seed,0.4698785649301847,0.7360379346680717
mpidb_wholecell,Falciparum,Falciparum_1701151546-0002-R_12,1,primary,seed,0.4952490229122593,1.0
mpidb_wholecell,Falciparum,Falciparum_1701151546-0002-R_13,1,primary,seed,0.612987012987013,1.0
mpidb_wholecell,Falciparum,Falciparum_1701151546-0002-R_14,1,primary,seed,0.5389057750759878,1.0
mpidb_wholecell,Falciparum,Falciparum_1701151546-0002-R_15,1,primary,seed,0.4866701066391469,1.0
mpidb_wholecell,Falciparum,Falciparum_1701151546-0002-R_16,1,primary,seed,0.6365170262808058,1.0
mpidb_wholecell,Falciparum,Falciparum_1701151546-0003-R_0,1,primary,seed,0.5166122004357299,1.0
mpidb_wholecell,Falciparum,Falciparum_1701151546-0003-R_1,1,primary,seed,0.5043827611395179,1.0
mpidb_wholecell,Falciparum,Falciparum_1701151546-0003-R_2,1,primary,seed,0.494205095603697,1.0
mpidb_wholecell,Falciparum,Falciparum_1701151546-0003-R_3,1,primary,seed,0.4878828950935213,1.0
mpidb_wholecell,Falciparum,Falciparum_1701151546-0003-R_4,1,primary,seed,0.5044849537037037,1.0
mpidb_wholecell,Falciparum,Falciparum_1701151546-0003-R_5,1,primary,seed,0.5430570103247044,1.0
mpidb_wholecell,Falciparum,Falciparum_1701151546-0003-R_6,1,primary,seed,0.5011525877453896,1.0
mpidb_wholecell,Falciparum,Falciparum_1701151546-0003-R_7,1,primary,seed,0.5441220238095238,1.0
mpidb_wholecell,Falciparum,Falciparum_1701151546-0003-R_8,1,primary,seed,0.4704360679970436,1.0
mpidb_wholecell,Falciparum,Falciparum_1701151546-0003-R_9,1,primary,seed,0.5293016842312617,1.0
mpidb_wholecell,Falciparum,Falciparum_1701151546-0003-R_10,1,primary,seed,0.5212642880281364,1.0
mpidb_wholecell,Falciparum,Falciparum_1701151546-0003-R_11,1,primary,seed,0.4627567003132614,1.0
mpidb_wholecell,Falciparum,Falciparum_1701151546-0003-R_12,1,primary,seed,0.4978100829372845,0.883668903803132
mpidb_wholecell,Falciparum,Falciparum_1701151546-0003-R_13,1,primary,seed,0.6110356621900307,0.9830932999373826
mpidb_wholecell,Falciparum,Falciparum_1701151546-0003-R_14,1,primary,seed,0.6285969334173493,1.0
mpidb_wholecell,Falciparum,Falciparum_1701151546-0004-R_T_0,1,primary,seed,0.49796536796536794,1.0
mpidb_wholecell,Falciparum,Falciparum_1701151546-0004-R_T_1,1,primary,seed,0.513828125,1.0
mpidb_wholecell,Falciparum,Falciparum_1701151546-0004-R_T_2,1,primary,seed,0.7442755825734549,0.99809813617345
mpidb_wholecell,Falciparum,Falciparum_1701151546-0004-R_T_3,1,primary,seed,0.5247111111111111,1.0
mpidb_wholecell,Falciparum,Falciparum_1701151546-0004-R_T_4,1,primary,seed,0.5208978328173375,1.0
mpidb_wholecell,Falciparum,Falciparum_1701151546-0004-R_T_5,1,primary,seed,0.5056603773584906,1.0
mpidb_wholecell,Falciparum,Falciparum_1701151546-0004-R_T_6,1,primary,seed,0.5253068609711966,1.0
mpidb_wholecell,Falciparum,Falciparum_1701151546-0004-R_T_7,1,primary,seed,0.52895406791208,1.0
mpidb_wholecell,Falciparum,Falciparum_1701151546-0004-R_T_8,1,primary,seed,0.5206971677559913,1.0
mpidb_wholecell,Falciparum,Falciparum_1701151546-0004-R_T_9,1,primary,seed,0.470468262226847,1.0
mpidb_wholecell,Falciparum,Falciparum_1701151546-0004-R_T_10,1,primary,seed,0.5248729943161813,1.0
mpidb_wholecell,Falciparum,Falciparum_1701151546-0004-R_T_11,1,primary,seed,0.5056249092756568,1.0
mpidb_wholecell,Falciparum,Falciparum_1701151546-0004-R_T_12,1,primary,seed,0.44655,0.8162583518930958
mpidb_wholecell,Falciparum,Falciparum_1701151546-0004-R_T_13,1,primary,seed,0.49852620786876845,1.0
mpidb_wholecell,Falciparum,Falciparum_1701151546-0004-R_T_14,1,primary,seed,0.5608330836080312,1.0
mpidb_wholecell,Falciparum,Falciparum_1701151546-0004-R_T_15,1,primary,seed,0.517420481706196,1.0
mpidb_wholecell,Falciparum,Falciparum_1701151546-0004-R_T_16,1,primary,seed,0.5495402514543066,1.0
mpidb_wholecell,Falciparum,Falciparum_1701151546-0004-R_T_17,1,primary,seed,0.5495402514543066,1.0
mpidb_wholecell,Falciparum,Falciparum_1701151546-0004-R_T_18,1,primary,seed,0.5196875,1.0
mpidb_wholecell,Falciparum,Falciparum_1701151546-0004-R_T_19,1,primary,seed,0.5052809804079658,1.0
mpidb_wholecell,Falciparum,Falciparum_1701151546-0004-R_T_20,1,primary,seed,0.4834131113423517,1.0
mpidb_wholecell,Falciparum,Falciparum_1701151546-0004-R_T_21,1,primary,seed,0.543171114599686,1.0
mpidb_wholecell,Falciparum,Falciparum_1701151546-0004-R_T_22,1,primary,seed,0.5087970615243342,1.0
mpidb_wholecell,Falciparum,Falciparum_1701151546-0004-R_T_23,1,primary,seed,0.5215751989945538,1.0
mpidb_wholecell,Falciparum,Falciparum_1701151546-0005-R_0,1,primary,seed,0.49522953835622296,1.0
mpidb_wholecell,Falciparum,Falciparum_1701151546-0005-R_1,1,primary,seed,0.4981745162468054,1.0
mpidb_wholecell,Falciparum,Falciparum_1701151546-0005-R_2,1,primary,seed,0.4981745162468054,1.0
mpidb_wholecell,Falciparum,Falciparum_1701151546-0005-R_3,1,primary,seed,0.5198264252581176,1.0
mpidb_wholecell,Falciparum,Falciparum_1701151546-0005-R_4,1,primary,seed,0.5146114955717308,0.7991218441273326
mpidb_wholecell,Falciparum,Falciparum_1701151546-0005-R_5,1,primary,seed,0.511110309501479,1.0
mpidb_wholecell,Falciparum,Falciparum_1701151546-0005-R_6,1,primary,seed,0.4863376765500496,1.0
mpidb_wholecell,Falciparum,Falciparum_1701151546-0005-R_7,1,primary,seed,0.45497057163589455,0.9930822444273636
mpidb_wholecell,Falciparum,Falciparum_1701151546-0005-R_8,1,primary,seed,0.5370071756833025,1.0
mpidb_wholecell,Falciparum,Falciparum_1701151546-0005-R_9,1,primary,seed,0.46750446162998216,0.8513349514563107
mpidb_wholecell,Falciparum,Falciparum_1701151546-0005-R_10,1,primary,seed,0.5127200515242594,1.0
mpidb_wholecell,Falciparum,Falciparum_1701151546-0005-R_11,1,primary,seed,0.6638795986622074,1.0
mpidb_wholecell,Falciparum,Falciparum_1701151546-0005-R_12,1,primary,seed,0.5953360768175583,1.0
mpidb_wholecell,Falciparum,Falciparum_1701151546-0005-R_13,1,primary,seed,0.5247512228031709,1.0
mpidb_wholecell,Falciparum,Falciparum_1701151546-0005-R_14,1,primary,seed,0.45644120707596253,1.0
mpidb_wholecell,Falciparum,Falciparum_1701151546-0005-R_15,1,primary,seed,0.5296697626418989,1.0
mpidb_wholecell,Falciparum,Falciparum_1701151546-0005-R_16,1,primary,seed,0.4565244536940687,0.9987179487179487
mpidb_wholecell,Falciparum,Falciparum_1701151546-0005-R_17,1,primary,seed,0.5067710397674726,1.0
mpidb_wholecell,Falciparum,Falciparum_1701151546-0005-R_18,1,primary,seed,0.5067710397674726,1.0
mpidb_wholecell,Falciparum,Falciparum_1701151546-0005-R_19,1,primary,seed,0.45216795325012626,1.0
mpidb_wholecell,Falciparum,Falciparum_1701151546-0005-R_20,1,primary,seed,0.4943633558799098,1.0
mpidb_wholecell,Falciparum,Falciparum_1701151546-0005-R_21,1,primary,seed,0.5044719642242862,1.0
mpidb_wholecell,Falciparum,Falciparum_1701151546-0005-R_22,1,primary,seed,0.5405738052796877,1.0
mpidb_wholecell,Falciparum,Falciparum_1701151546-0005-R_23,1,primary,seed,0.4991368227731864,1.0
mpidb_wholecell,Falciparum,Falciparum_1701151546-0005-R_24,1,primary,seed,0.5328019323671498,1.0
mpidb_wholecell,Falciparum,Falciparum_1701151546-0006-R_T_0,1,primary,seed,0.5022145328719723,0.9862249918005903
mpidb_wholecell,Falciparum,Falciparum_1701151546-0006-R_T_1,1,primary,seed,0.5320073159579333,1.0
mpidb_wholecell,Falciparum,Falciparum_1701151546-0006-R_T_2,1,primary,seed,0.5447555555555555,1.0
mpidb_wholecell,Falciparum,Falciparum_1701151546-0006-R_T_3,1,primary,seed,0.5151627218934911,1.0
mpidb_wholecell,Falciparum,Falciparum_1701151546-0006-R_T_4,1,primary,seed,0.48160974444709814,0.9727564102564102
mpidb_wholecell,Falciparum,Falciparum_1701151546-0006-R_T_5,1,primary,seed,0.5384907411313115,1.0
mpidb_wholecell,Falciparum,Falciparum_1701151546-0006-R_T_6,1,primary,seed,0.5088283704922939,1.0
mpidb_wholecell,Falciparum,Falciparum_1701151546-0006-R_T_7,1,primary,seed,0.5026397146254459,0.9545064377682403
mpidb_wholecell,Falciparum,Falciparum_1701151546-0006-R_T_8,1,primary,seed,0.4633863435182076,1.0
mpidb_wholecell,Falciparum,Falciparum_1701151546-0006-R_T_9,1,primary,seed,0.5162105889351577,1.0
mpidb_wholecell,Falciparum,Falciparum_1701151546-0006-R_T_10,1,primary,seed,0.4633863435182076,1.0
mpidb_wholecell,Falciparum,Falciparum_1701151546-0006-R_T_11,1,primary,seed,0.5218162119570571,1.0
mpidb_wholecell,Falciparum,Falciparum_1701151546-0006-R_T_12,1,primary,seed,0.5159274500838287,1.0
mpidb_wholecell,Falciparum,Falciparum_1701151546-0006-R_T_13,1,primary,seed,0.5249787414965986,1.0
mpidb_wholecell,Falciparum,Falciparum_1701151546-0006-R_T_14,1,primary,seed,0.5001232741617357,0.887
mpidb_wholecell,Falciparum,Falciparum_1701151546-0006-R_T_15,1,primary,seed,0.5031009365244536,0.980365605958023
mpidb_wholecell,Falciparum,Falciparum_1701151546-0006-R_T_16,1,primary,seed,0.5330785667324129,1.0
mpidb_wholecell,Falciparum,Falciparum_1701151546-0006-R_T_17,1,primary,seed,0.43532785481938024,1.0
mpidb_wholecell,Falciparum,Falciparum_1701151546-0006-R_T_18,1,primary,seed,0.44964633068081344,1.0
mpidb_wholecell,Falciparum,Falciparum_1701151546-0007-R_0,1,primary,seed,0.6301031144781145,1.0
mpidb_wholecell,Falciparum,Falciparum_1701151546-0007-R_1,1,primary,seed,0.5227111678004536,1.0
mpidb_wholecell,Falciparum,Falciparum_1701151546-0007-R_2,1,primary,seed,0.4974160206718346,1.0
mpidb_wholecell,Falciparum,Falciparum_1701151546-0007-R_3,1,primary,seed,0.5194752402069476,1.0
mpidb_wholecell,Falciparum,Falciparum_1701151546-0007-R_4,1,primary,seed,0.6089354660783233,0.9151234567901234
mpidb_wholecell,Falciparum,Falciparum_1701151546-0007-R_5,1,primary,seed,0.5132165023731289,1.0
mpidb_wholecell,Falciparum,Falciparum_1701151546-0007-R_6,1,primary,seed,0.5033167495854063,0.9032496307237814
mpidb_wholecell,Falciparum,Falciparum_1701151546-0007-R_7,1,primary,seed,0.5261356873636184,0.9712879409351928
mpidb_wholecell,Falciparum,Falciparum_1701151546-0007-R_8,1,primary,seed,0.38072971548998946,1.0
mpidb_wholecell,Falciparum,Falciparum_1701151546-0007-R_9,1,primary,seed,0.5243999206506645,1.0
mpidb_wholecell,Falciparum,Falciparum_1701151546-0007-R_10,1,primary,seed,0.5544411668305473,1.0
mpidb_wholecell,Falciparum,Falciparum_1701151546-0007-R_11,1,primary,seed,0.5149393090569561,1.0
mpidb_wholecell,Falciparum,Falciparum_1701151546-0007-R_12,1,primary,seed,0.5195555555555555,1.0
mpidb_wholecell,Falciparum,Falciparum_1701151546-0007-R_13,1,primary,seed,0.5184300613008519,1.0
mpidb_wholecell,Falciparum,Falciparum_1701151546-0007-R_14,1,primary,seed,0.5160701241782323,1.0
mpidb_wholecell,Falciparum,Falciparum_1701151546-0007-R_15,1,primary,seed,0.481474435196195,0.9745850622406639
mpidb_wholecell,Falciparum,Falciparum_1701151546-0007-R_16,1,primary,seed,0.5046867855509831,1.0
mpidb_wholecell,Falciparum,Falciparum_1701151546-0007-R_17,1,primary,seed,0.5324211045364892,1.0
mpidb_wholecell,Falciparum,Falciparum_1701151546-0007-R_18,1,primary,seed,0.4985123966942149,1.0
mpidb_wholecell,Falciparum,Falciparum_1701151546-0007-R_19,1,primary,seed,0.5015521064301552,1.0
mpidb_wholecell,Falciparum,Falciparum_1701151546-0007-R_20,1,primary,seed,0.48390880090073185,1.0
mpidb_wholecell,Falciparum,Falciparum_1701151546-0007-R_21,1,primary,seed,0.4995941731812551,1.0
mpidb_wholecell,Falciparum,Falciparum_1701151546-0007-R_22,1,primary,seed,0.45923734385272846,1.0
mpidb_wholecell,Falciparum,Falciparum_1701151546-0007-R_23,1,primary,seed,0.4630731326242413,0.9495183044315992
mpidb_wholecell,Falciparum,Falciparum_1701151546-0007-R_24,1,primary,seed,0.5192418981481481,1.0
mpidb_wholecell,Falciparum,Falciparum_1701151546-0007-R_25,1,primary,seed,0.5391286133221617,1.0
mpidb_wholecell,Falciparum,Falciparum_1701151546-0007-R_26,1,primary,seed,0.5043988269794721,1.0
mpidb_wholecell,Falciparum,Falciparum_1701151546-0008-R-T_0,1,primary,seed,0.5104880060238803,1.0
mpidb_wholecell,Falciparum,Falciparum_1701151546-0008-R-T_1,1,primary,seed,0.5139801088384313,1.0
mpidb_wholecell,Falciparum,Falciparum_1701151546-0008-R-T_2,1,primary,seed,0.49496349378042187,1.0
mpidb_wholecell,Falciparum,Falciparum_1701151546-0008-R-T_3,1,primary,seed,0.5024326569360389,0.9495114006514658
mpidb_wholecell,Falciparum,Falciparum_1701151546-0008-R-T_4,1,primary,seed,0.5253378378378378,1.0
mpidb_wholecell,Falciparum,Falciparum_1701151546-0008-R-T_5,1,primary,seed,0.5032520325203252,1.0
mpidb_wholecell,Falciparum,Falciparum_1701151546-0008-R-T_6,1,primary,seed,0.515546410608139,1.0
mpidb_wholecell,Falciparum,Falciparum_1701151546-0008-R-T_7,1,primary,seed,0.48261496555039257,1.0
mpidb_wholecell,Falciparum,Falciparum_1701151546-0008-R-T_8,1,primary,seed,0.42817405883249504,1.0
mpidb_wholecell,Falciparum,Falciparum_1701151546-0008-R-T_9,1,primary,seed,0.5085034013605442,1.0
mpidb_wholecell,Falciparum,Falciparum_1701151546-0008-R-T_10,1,primary,seed,0.45502860156598646,1.0
mpidb_wholecell,Falciparum,Falciparum_1701151546-0008-R-T_11,1,primary,seed,0.43606648199445985,1.0
mpidb_wholecell,Falciparum,Falciparum_1701151546-0008-R-T_12,1,primary,seed,0.49401935719503287,1.0
mpidb_wholecell,Falciparum,Falciparum_1701151546-0008-R-T_13,1,primary,seed,0.5214984391259105,1.0
mpidb_wholecell,Falciparum,Falciparum_1701151546-0008-R-T_14,1,primary,seed,0.5305239544944721,1.0
mpidb_wholecell,Falciparum,Falciparum_1701151546-0009-R_0,1,primary,seed,0.41725768321513,1.0
mpidb_wholecell,Falciparum,Falciparum_1701151546-0009-R_1,1,primary,seed,0.50546875,1.0
mpidb_wholecell,Falciparum,Falciparum_1701151546-0009-R_2,1,primary,seed,0.5159801136363636,0.87468671679198
mpidb_wholecell,Falciparum,Falciparum_1701151546-0009-R_3,1,primary,seed,0.5143555555555556,1.0
mpidb_wholecell,Falciparum,Falciparum_1701151546-0009-R_4,1,primary,seed,0.5247178022575819,1.0
mpidb_wholecell,Falciparum,Falciparum_1701151546-0009-R_5,1,primary,seed,0.5368507051943584,1.0
mpidb_wholecell,Falciparum,Falciparum_1701151546-0009-R_6,1,primary,seed,0.4865717120181406,0.6720848056537102
mpidb_wholecell,Falciparum,Falciparum_1701151546-0009-R_7,1,primary,seed,0.5980484143366486,1.0
mpidb_wholecell,Falciparum,Falciparum_1701151546-0009-R_8,1,primary,seed,0.5243741143127066,1.0
mpidb_wholecell,Falciparum,Falciparum_1701151546-0009-R_9,1,primary,seed,0.46838392543649654,1.0
mpidb_wholecell,Falciparum,Falciparum_1701151546-0009-R_10,1,primary,seed,0.5151090739326033,1.0
mpidb_wholecell,Falciparum,Falciparum_1701151546-0009-R_11,1,primary,seed,0.4828437226335483,1.0
mpidb_wholecell,Falciparum,Falciparum_1701151546-0009-R_12,1,primary,seed,0.5393165764279824,1.0
mpidb_wholecell,Falciparum,Falciparum_1701151546-0009-R_13,1,primary,seed,0.4932205578512397,1.0
mpidb_wholecell,Falciparum,Falciparum_1701151546-0009-R_14,1,primary,seed,0.4378125,1.0
mpidb_wholecell,Falciparum,Falciparum_1701151546-0009-R_15,1,primary,seed,0.4394140625,0.958120531154239
mpidb_wholecell,Falciparum,Falciparum_1701151546-0009-R_16,1,primary,seed,0.4796572022160665,1.0
mpidb_wholecell,Falciparum,Falciparum_1701151546-0009-R_17,1,primary,seed,0.4796572022160665,1.0
mpidb_wholecell,Falciparum,Falciparum_1701151546-0009-R_18,1,primary,seed,0.48842074886371833,0.9757869249394673
mpidb_wholecell,Falciparum,Falciparum_1701151546-0009-R_19,1,primary,seed,0.443171654626763,1.0
mpidb_wholecell,Falciparum,Falciparum_1701151546-0009-R_20,1,primary,seed,0.5144,1.0
mpidb_wholecell,Falciparum,Falciparum_1701151546-0009-R_21,1,primary,seed,0.5181765329503095,1.0
mpidb_wholecell,Falciparum,Falciparum_1701151546-0009-R_22,1,primary,seed,0.5036,1.0
mpidb_wholecell,Falciparum,Falciparum_1701151546-0009-R_23,1,primary,seed,0.5116374182034503,1.0
mpidb_wholecell,Falciparum,Falciparum_1701151546-0010-R_0,1,primary,seed,0.343348086435824,0.9174001354096141
mpidb_wholecell,Falciparum,Falciparum_1701151546-0010-R_1,1,primary,seed,0.498266013871889,1.0
mpidb_wholecell,Falciparum,Falciparum_1701151546-0010-R_2,1,primary,seed,0.498266013871889,1.0
mpidb_wholecell,Falciparum,Falciparum_1701151546-0010-R_3,1,primary,seed,0.504413886766828,1.0
mpidb_wholecell,Falciparum,Falciparum_1701151546-0010-R_4,1,primary,seed,0.508678459937565,1.0
mpidb_wholecell,Falciparum,Falciparum_1701151546-0010-R_5,1,primary,seed,0.49933333333333335,1.0
mpidb_wholecell,Falciparum,Falciparum_1701151546-0010-R_6,1,primary,seed,0.49933333333333335,1.0
mpidb_wholecell,Falciparum,Falciparum_1701151546-0010-R_7,1,primary,seed,0.49933333333333335,1.0
mpidb_wholecell,Falciparum,Falciparum_1701151546-0010-R_8,1,primary,seed,0.5105240238060677,0.9764121663563005
mpidb_wholecell,Falciparum,Falciparum_1701151546-0010-R_9,1,primary,seed,0.5045204402515723,0.9820769636267791
mpidb_wholecell,Falciparum,Falciparum_1701151546-0010-R_10,1,primary,seed,0.5195080916519789,1.0
mpidb_wholecell,Falciparum,Falciparum_1701151546-0010-R_11,1,primary,seed,0.5281947832613999,1.0
mpidb_wholecell,Falciparum,Falciparum_1701151546-0010-R_12,1,primary,seed,0.4872891423140889,0.9616858237547893
mpidb_wholecell,Falciparum,Falciparum_1701151546-0010-R_13,1,primary,seed,0.4988854390573999,0.9101731601731602
mpidb_wholecell,Falciparum,Falciparum_1701151546-0010-R_14,1,primary,seed,0.5014781966001478,0.641192917054986
mpidb_wholecell,Falciparum,Falciparum_1701151546-0010-R_15,1,primary,seed,0.5256186824677588,1.0
mpidb_wholecell,Falciparum,Falciparum_1701151546-0010-R_16,1,primary,seed,0.5338272295219457,1.0
mpidb_wholecell,Falciparum,Falciparum_1701151546-0010-R_17,1,primary,seed,0.5059127864005912,0.9732851985559566
mpidb_wholecell,Falciparum,Falciparum_1701151546-0010-R_18,1,primary,seed,0.4836289726533629,1.0
mpidb_wholecell,Falciparum,Falciparum_1701151546-0011-R_T_0,1,primary,seed,0.4864209274673008,1.0
mpidb_wholecell,Falciparum,Falciparum_1701151546-0011-R_T_1,1,primary,seed,0.4786735700197239,1.0
mpidb_wholecell,Falciparum,Falciparum_1701151546-0011-R_T_2,1,primary,seed,0.48887037808320605,1.0
mpidb_wholecell,Falciparum,Falciparum_1701151546-0011-R_T_3,1,primary,seed,0.6075708061002179,1.0
mpidb_wholecell,Falciparum,Falciparum_1701151546-0011-R_T_4,1,primary,seed,0.5056759545923633,1.0
mpidb_wholecell,Falciparum,Falciparum_1701151546-0011-R_T_5,1,primary,seed,0.5091796875,1.0
mpidb_wholecell,Falciparum,Falciparum_1701151546-0011-R_T_6,1,primary,seed,0.5410701545778834,1.0
mpidb_wholecell,Falciparum,Falciparum_1701151546-0011-R_T_7,1,primary,seed,0.514765625,1.0
mpidb_wholecell,Falciparum,Falciparum_1701151546-0011-R_T_8,1,primary,seed,0.5410701545778834,1.0
mpidb_wholecell,Falciparum,Falciparum_1701151546-0011-R_T_9,1,primary,seed,0.3693255695630053,0.9840425531914894
mpidb_wholecell,Falciparum,Falciparum_1701151546-0011-R_T_10,1,primary,seed,0.4192406692406692,1.0
mpidb_wholecell,Falciparum,Falciparum_1701151546-0011-R_T_11,1,primary,seed,0.4963133640552995,1.0
mpidb_wholecell,Falciparum,Falciparum_1701151546-0011-R_T_12,1,primary,seed,0.5130010277492292,1.0
mpidb_wholecell,Falciparum,Falciparum_1701151546-0011-R_T_13,1,primary,seed,0.5781333333333334,1.0
mpidb_wholecell,Falciparum,Falciparum_1701151546-0011-R_T_14,1,primary,seed,0.4587337662337662,1.0
mpidb_wholecell,Falciparum,Falciparum_1701151546-0011-R_T_15,1,primary,seed,0.5781333333333334,1.0
mpidb_wholecell,Falciparum,Falciparum_1701151546-0011-R_T_16,1,primary,seed,0.660749716553288,1.0
mpidb_wholecell,Falciparum,Falciparum_1701151546-0011-R_T_17,1,primary,seed,0.5544662309368191,1.0
mpidb_wholecell,Falciparum,Falciparum_1701151546-0011-R_T_18,1,primary,seed,0.5279261777561923,1.0
mpidb_wholecell,Falciparum,Falciparum_1701151546-0012-R_0,1,primary,seed,0.46149789029535865,1.0
mpidb_wholecell,Falciparum,Falciparum_1701151546-0012-R_1,1,primary,seed,0.5132475083056478,1.0
mpidb_wholecell,Falciparum,Falciparum_1701151546-0012-R_2,1,primary,seed,0.5384551217884551,1.0
mpidb_wholecell,Falciparum,Falciparum_1701151546-0012-R_3,1,primary,seed,0.49177206582347344,0.9612152553329024
mpidb_wholecell,Falciparum,Falciparum_1701151546-0012-R_4,1,primary,seed,0.48973208214334285,1.0
mpidb_wholecell,Falciparum,Falciparum_1701151546-0012-R_5,1,primary,seed,0.49886480908152736,1.0
mpidb_wholecell,Falciparum,Falciparum_1701151546-0012-R_6,1,primary,seed,0.5246828461114176,0.9665192672141504
mpidb_wholecell,Falciparum,Falciparum_1701151546-0012-R_7,1,primary,seed,0.4631929046563193,1.0
mpidb_wholecell,Falciparum,Falciparum_1701151546-0012-R_8,1,primary,seed,0.5273810696345907,1.0
mpidb_wholecell,Falciparum,Falciparum_1701151546-0012-R_9,1,primary,seed,0.5259697567389875,1.0
mpidb_wholecell,Falciparum,Falciparum_1701151546-0012-R_10,1,primary,seed,0.504817762882279,1.0
mpidb_wholecell,Falciparum,Falciparum_1701151546-0012-R_11,1,primary,seed,0.67796910430839,1.0
mpidb_wholecell,Falciparum,Falciparum_1701151546-0012-R_12,1,primary,seed,0.6668,1.0
mpidb_wholecell,Falciparum,Falciparum_1701151546-0012-R_13,1,primary,seed,0.6466194968553459,1.0
mpidb_wholecell,Falciparum,Falciparum_1701151546-0012-R_14,1,primary,seed,0.5615794306703398,1.0
mpidb_wholecell,Falciparum,Falciparum_1701151546-0012-R_15,1,primary,seed,0.522085546547386,1.0
mpidb_wholecell,Falciparum,Falciparum_1701151546-0012-R_16,1,primary,seed,0.49854227405247814,0.9103139013452914
mpidb_wholecell,Falciparum,Falciparum_1701151546-0012-R_17,1,primary,seed,0.49083662064431294,1.0
mpidb_wholecell,Falciparum,Falciparum_1701151546-0012-R_18,1,primary,seed,0.5192590549733407,1.0
mpidb_wholecell,Falciparum,Falciparum_1701151546-0012-R_19,1,primary,seed,0.4948273763641527,0.9096385542168675
mpidb_wholecell,Falciparum,Falciparum_1701151546-0012-R_20,1,primary,seed,0.4275734365794125,1.0
mpidb_wholecell,Falciparum,Falciparum_1701151546-0012-R_21,1,primary,seed,0.5132511337868481,1.0
mpidb_wholecell,Falciparum,Falciparum_1701151546-0013-R_T_0,1,primary,seed,0.45905255418227653,0.8692170818505338
mpidb_wholecell,Falciparum,Falciparum_1701151546-0013-R_T_1,1,primary,seed,0.4640812706603241,0.8966346153846154
mpidb_wholecell,Falciparum,Falciparum_1701151546-0013-R_T_2,1,primary,seed,0.4667496886674969,1.0
mpidb_wholecell,Falciparum,Falciparum_1701151546-0013-R_T_3,1,primary,seed,0.5581774376417233,1.0
mpidb_wholecell,Falciparum,Falciparum_1701151546-0013-R_T_4,1,primary,seed,0.6071690547215023,1.0
mpidb_wholecell,Falciparum,Falciparum_1701151546-0013-R_T_5,1,primary,seed,0.45892313444794613,1.0
mpidb_wholecell,Falciparum,Falciparum_1701151546-0013-R_T_6,1,primary,seed,0.5042866461653155,1.0
mpidb_wholecell,Falciparum,Falciparum_1701151546-0013-R_T_7,1,primary,seed,0.40604319897533425,0.9991111111111111
mpidb_wholecell,Falciparum,Falciparum_1701151546-0013-R_T_8,1,primary,seed,0.5606221655328798,1.0
mpidb_wholecell,Falciparum,Falciparum_1701151546-0013-R_T_9,1,primary,seed,0.3330421377183967,1.0
mpidb_wholecell,Falciparum,Falciparum_1701151546-0013-R_T_10,1,primary,seed,0.5306130834976989,0.9742410303587856
mpidb_wholecell,Falciparum,Falciparum_1701151546-0013-R_T_11,1,primary,seed,0.4254350139848024,1.0
mpidb_wholecell,Falciparum,Falciparum_1701151546-0013-R_T_12,1,primary,seed,0.5882008943928448,1.0
mpidb_wholecell,Falciparum,Falciparum_1701151546-0013-R_T_13,1,primary,seed,0.5601062342745318,1.0
mpidb_wholecell,Falciparum,Falciparum_1701151546-0013-R_T_14,1,primary,seed,0.5309665532879818,1.0
mpidb_wholecell,Falciparum,Falciparum_1701151546-0013-R_T_15,1,primary,seed,0.5562893081761007,1.0
mpidb_wholecell,Falciparum,Falciparum_1701151546-0013-R_T_16,1,primary,seed,0.8057327097505669,1.0
mpidb_wholecell,Falciparum,Falciparum_1701151546-0013-R_T_17,1,primary,seed,0.6353064373897708,1.0
mpidb_wholecell,Falciparum,Falciparum_1701151546-0013-R_T_18,1,primary,seed,0.5729448350459708,1.0
mpidb_wholecell,Falciparum,Falciparum_1701151546-0013-R_T_19,1,primary,seed,0.5736884802595997,0.9719029374201787
mpidb_wholecell,Falciparum,Falciparum_1701151546-0013-R_T_20,1,primary,seed,0.4375428305145144,1.0
mpidb_wholecell,Falciparum,Falciparum_1701151546-0013-R_T_21,1,primary,seed,0.5455555555555556,0.9608516483516484
mpidb_wholecell,Falciparum,Falciparum_1701151546-0013-R_T_22,1,primary,seed,0.5709415584415585,1.0
mpidb_wholecell,Falciparum,Falciparum_1701151546-0013-R_T_23,1,primary,seed,0.44450013923698134,1.0
mpidb_wholecell,Falciparum,Falciparum_1701151546-0013-R_T_24,1,primary,seed,0.62708719851577,1.0
mpidb_wholecell,Falciparum,Falciparum_1701151546-0013-R_T_25,1,primary,seed,0.62708719851577,1.0
mpidb_wholecell,Falciparum,Falciparum_1701151546-0013-R_T_26,1,primary,seed,0.7028723770209838,1.0
mpidb_wholecell,Falciparum,Falciparum_1701151546-0013-R_T_27,1,primary,seed,0.3706538661131292,0.20185810810810811
mpidb_wholecell,Falciparum,Falciparum_1701151546-0013-R_T_28,1,primary,seed,0.4555367947094414,1.0
mpidb_wholecell,Falciparum,Falciparum_1701151546-0013-R_T_29,1,primary,seed,0.5298171589310829,1.0
mpidb_wholecell,Falciparum,Falciparum_1701151546-0014-R_0,1,primary,seed,0.44236201651455886,1.0
mpidb_wholecell,Falciparum,Falciparum_1701151546-0014-R_1,1,primary,seed,0.595593461265103,1.0
mpidb_wholecell,Falciparum,Falciparum_1701151546-0014-R_2,1,primary,seed,0.4065040650406504,1.0
mpidb_wholecell,Falciparum,Falciparum_1701151546-0014-R_3,1,primary,seed,0.5442221954452343,1.0
mpidb_wholecell,Falciparum,Falciparum_1701151546-0014-R_4,1,primary,seed,0.47668650793650796,1.0
mpidb_wholecell,Falciparum,Falciparum_1701151546-0014-R_5,1,primary,seed,0.39128968253968255,1.0
mpidb_wholecell,Falciparum,Falciparum_1701151546-0014-R_6,1,primary,seed,0.387826941986234,1.0
mpidb_wholecell,Falciparum,Falciparum_1701151546-0014-R_7,1,primary,seed,0.440579997357643,1.0
mpidb_wholecell,Falciparum,Falciparum_1701151546-0014-R_8,1,primary,seed,0.40198501275510207,1.0
mpidb_wholecell,Falciparum,Falciparum_1701151546-0014-R_9,1,primary,seed,0.7344812925170068,1.0
mpidb_wholecell,Falciparum,Falciparum_1701151546-0014-R_10,1,primary,seed,0.676216712580349,1.0
mpidb_wholecell,Falciparum,Falciparum_1701151546-0014-R_11,1,primary,seed,0.4545422335600907,1.0
mpidb_wholecell,Falciparum,Falciparum_1701151546-0014-R_12,1,primary,seed,0.4993633817163229,1.0
mpidb_wholecell,Falciparum,Falciparum_1701151546-0014-R_13,1,primary,seed,0.6253624424356131,0.9979166666666667
mpidb_wholecell,Falciparum,Falciparum_1701151546-0014-R_14,1,primary,seed,0.4302881909264888,1.0
mpidb_wholecell,Falciparum,Falciparum_1701151546-0014-R_15,1,primary,seed,0.6040441176470588,1.0
mpidb_wholecell,Falciparum,Falciparum_1701151546-0014-R_16,1,primary,seed,0.5381263616557734,1.0
mpidb_wholecell,Falciparum,Falciparum_1701151546-0014-R_17,1,primary,seed,0.5381263616557734,1.0
mpidb_wholecell,Falciparum,Falciparum_1701151546-0014-R_18,1,primary,seed,0.5381263616557734,1.0
mpidb_wholecell,Falciparum,Falciparum_1701151546-0014-R_19,1,primary,seed,0.5381263616557734,1.0
mpidb_wholecell,Falciparum,Falciparum_1701151546-0014-R_20,1,primary,seed,0.8073270975056689,1.0
mpidb_wholecell,Falciparum,Falciparum_1701151546-0014-R_21,1,primary,seed,0.564600073046019,1.0
mpidb_wholecell,Falciparum,Falciparum_1701151546-0014-R_22,1,primary,seed,0.6509653070111773,1.0
mpidb_wholecell,Falciparum,Falciparum_1701151546-0014-R_23,1,primary,seed,0.5577645659928656,1.0
mpidb_wholecell,Falciparum,Falciparum_1701151546-0014-R_24,1,primary,seed,0.5649196493791089,0.9872727272727273
mpidb_wholecell,Falciparum,Falciparum_1701151546-0014-R_25,1,primary,seed,0.5613096317794304,0.9571984435797666
mpidb_wholecell,Falciparum,Falciparum_1701151546-0014-R_26,1,primary,seed,0.5326244737988097,1.0
mpidb_wholecell,Falciparum,Falciparum_1701151546-0014-R_27,1,primary,seed,0.44631597910286436,1.0
mpidb_wholecell,Falciparum,Falciparum_1701151546-0014-R_28,1,primary,seed,0.5648738662131519,1.0
mpidb_wholecell,Falciparum,Falciparum_1701151546-0014-R_29,1,primary,seed,0.5250523669878508,1.0
mpidb_wholecell,Falciparum,Falciparum_1701151546-0014-R_30,1,primary,seed,0.485972850678733,1.0
mpidb_wholecell,Falciparum,Falciparum_1701151546-0014-R_31,1,primary,seed,0.5369257191927866,1.0
mpidb_wholecell,Falciparum,Falciparum_1701151546-0014-R_32,1,primary,seed,0.5250523669878508,1.0
mpidb_wholecell,Falciparum,Falciparum_1701151546-0014-R_33,1,primary,seed,0.5250523669878508,1.0
mpidb_wholecell,Falciparum,Falciparum_1701151546-0014-R_34,1,primary,seed,0.5369257191927866,1.0
mpidb_wholecell,Falciparum,Falciparum_1701151546-0014-R_35,1,primary,seed,0.5646418007358777,1.0
mpidb_wholecell,Falciparum,Falciparum_1701151546-0014-R_36,1,primary,seed,0.5192535107169254,1.0
mpidb_wholecell,Falciparum,Falciparum_1701151546-0014-R_37,1,primary,seed,0.4569636678200692,1.0
mpidb_wholecell,Falciparum,Falciparum_1701151546-0014-R_38,1,primary,seed,0.480875941339675,1.0
mpidb_wholecell,Falciparum,Falciparum_1701151546-0014-R_39,1,primary,seed,0.4861819727891156,1.0
mpidb_wholecell,Falciparum,Falciparum_1701151546-0014-R_40,1,primary,seed,0.49559271768679464,1.0
mpidb_wholecell,Falciparum,Falciparum_1701151546-0014-R_41,1,primary,seed,0.4392846519928614,1.0
mpidb_wholecell,Falciparum,Falciparum_1701151546-0014-R_42,1,primary,seed,0.6365024669120526,1.0
mpidb_wholecell,Falciparum,Falciparum_1701151546-0014-R_43,1,primary,seed,0.4392846519928614,1.0
mpidb_wholecell,Falciparum,Falciparum_1701151546-0014-R_44,1,primary,seed,0.6437132676199732,1.0
mpidb_wholecell,Falciparum,Falciparum_1701151546-0014-R_45,1,primary,seed,0.8006190006279716,1.0
mpidb_wholecell,Falciparum,Falciparum_1701151546-0014-R_46,1,primary,seed,0.5214061114246553,1.0
mpidb_wholecell,Falciparum,Falciparum_1701151546-0014-R_47,1,primary,seed,0.547984267453294,1.0
mpidb_wholecell,Falciparum,Falciparum_1701151546-0014-R_48,1,primary,seed,0.5448567825617006,1.0
mpidb_wholecell,Falciparum,Falciparum_1701151546-0014-R_49,1,primary,seed,0.4416512026889815,1.0
mpidb_wholecell,Falciparum,Falciparum_1701151546-0014-R_50,1,primary,seed,0.4416512026889815,1.0
mpidb_wholecell,Falciparum,Falciparum_1701151546-0014-R_51,1,primary,seed,0.5774839302112029,1.0
mpidb_wholecell,Falciparum,Falciparum_1701151546-0014-R_52,1,primary,seed,0.5169943606157598,1.0
mpidb_wholecell,Falciparum,Falciparum_1701151546-0014-R_53,1,primary,seed,0.5022321428571429,1.0
mpidb_wholecell,Falciparum,Falciparum_1701151546-0014-R_54,1,primary,seed,0.7587514172335601,1.0
mpidb_wholecell,Falciparum,Falciparum_1701151546-0014-R_55,1,primary,seed,0.6310013717421125,1.0
mpidb_wholecell,Falciparum,Falciparum_1701151546-0014-R_56,1,primary,seed,0.27111540941328177,0.905241935483871
mpidb_wholecell,Falciparum,Falciparum_1701151546-0014-R_57,1,primary,seed,0.5333018422295701,0.9774109470026064
mpidb_wholecell,Falciparum,Falciparum_1701151546-0014-R_58,1,primary,seed,0.6358761746821449,0.9933184855233853
mpidb_wholecell,Falciparum,Falciparum_1701151546-0014-R_59,1,primary,seed,0.7036463708290334,1.0
mpidb_wholecell,Falciparum,Falciparum_1701151546-0014-R_60,1,primary,seed,0.6153973784635806,1.0
mpidb_wholecell,Falciparum,Falciparum_1701151546-0014-R_61,1,primary,seed,0.4418949627572276,1.0
mpidb_wholecell,Falciparum,Falciparum_1701151546-0014-R_62,1,primary,seed,0.5256967406707606,1.0
mpidb_wholecell,Falciparum,Falciparum_1701151546-0014-R_63,1,primary,seed,0.5129620997525907,1.0
mpidb_wholecell,Falciparum,Falciparum_1701151546-0014-R_64,1,primary,seed,0.4022164786967419,0.4511930585683297
mpidb_wholecell,Falciparum,Falciparum_1701151546-0014-R_65,1,primary,seed,0.5554642044017202,1.0
mpidb_wholecell,Falciparum,Falciparum_1701151546-0014-R_66,1,primary,seed,0.5559613997113997,0.9267697314890154
mpidb_wholecell,Falciparum,Falciparum_1701151546-0015-R_T_0,1,primary,seed,0.5030630003480682,1.0
mpidb_wholecell,Falciparum,Falciparum_1701151546-0015-R_T_1,1,primary,seed,0.4906265021631149,1.0
mpidb_wholecell,Falciparum,Falciparum_1701151546-0015-R_T_2,1,primary,seed,0.5046075513643372,1.0
mpidb_wholecell,Falciparum,Falciparum_1701151546-0015-R_T_3,1,primary,seed,0.6815003178639543,1.0
mpidb_wholecell,Falciparum,Falciparum_1701151546-0015-R_T_4,1,primary,seed,0.4436788976125621,1.0
mpidb_wholecell,Falciparum,Falciparum_1701151546-0015-R_T_5,1,primary,seed,0.6730500419345821,1.0
mpidb_wholecell,Falciparum,Falciparum_1701151546-0015-R_T_6,1,primary,seed,0.6807372175980975,0.972110915210771
mpidb_wholecell,Falciparum,Falciparum_1701151546-0015-R_T_7,1,primary,seed,0.5195205885843124,1.0
mpidb_wholecell,Falciparum,Falciparum_1701151546-0015-R_T_8,1,primary,seed,0.513695987654321,1.0
mpidb_wholecell,Falciparum,Falciparum_1701151546-0015-R_T_9,1,primary,seed,0.5068493150684932,1.0
mpidb_wholecell,Falciparum,Falciparum_1701151546-0015-R_T_10,1,primary,seed,0.5456610815854599,1.0
mpidb_wholecell,Falciparum,Falciparum_1701151546-0015-R_T_11,1,primary,seed,0.5981371338794748,1.0
mpidb_wholecell,Falciparum,Falciparum_1701151546-0015-R_T_12,1,primary,seed,0.5981371338794748,1.0
mpidb_wholecell,Falciparum,Falciparum_1701151546-0015-R_T_13,1,primary,seed,0.48030865238657444,1.0
mpidb_wholecell,Falciparum,Falciparum_1701151546-0015-R_T_14,1,primary,seed,0.4453212626181702,0.35914489311163894
mpidb_wholecell,Falciparum,Falciparum_1701151546-0015-R_T_15,1,primary,seed,0.8804563492063492,1.0
mpidb_wholecell,Falciparum,Falciparum_1701151546-0015-R_T_16,1,primary,seed,0.7816751700680272,1.0
mpidb_wholecell,Falciparum,Falciparum_1701151546-0015-R_T_17,1,primary,seed,0.6875354308390023,0.9939672507900029
mpidb_wholecell,Falciparum,Falciparum_1701151546-0015-R_T_18,1,primary,seed,0.5141765285996055,1.0
mpidb_wholecell,Falciparum,Falciparum_1701151546-0015-R_T_19,1,primary,seed,0.4892903107188821,0.9992706053975201
mpidb_wholecell,Falciparum,Falciparum_1701151546-0015-R_T_20,1,primary,seed,0.4522557536960829,1.0
mpidb_wholecell,Falciparum,Falciparum_1701151546-0015-R_T_21,1,primary,seed,0.49391168272287156,1.0
mpidb_wholecell,Falciparum,Falciparum_1701151546-0015-R_T_22,1,primary,seed,0.49655239865030076,0.9654067905188981
mpidb_wholecell,Falciparum,Falciparum_1701151546-0015-R_T_23,1,primary,seed,0.4506343832290277,1.0
mpidb_wholecell,Falciparum,Falciparum_1701151546-0015-R_T_24,1,primary,seed,0.49391168272287156,1.0
mpidb_wholecell,Falciparum,Falciparum_1701151546-0015-R_T_25,1,primary,seed,0.4131378123597187,0.9997629208155524
mpidb_wholecell,Falciparum,Falciparum_1701151546-0015-R_T_26,1,primary,seed,0.4912360920591373,1.0
mpidb_wholecell,Falciparum,Falciparum_1701151546-0015-R_T_27,1,primary,seed,0.5190985485103132,1.0
mpidb_wholecell,Falciparum,Falciparum_1701151546-0015-R_T_28,1,primary,seed,0.4453086419753086,1.0
mpidb_wholecell,Falciparum,Falciparum_1701151546-0015-R_T_29,1,primary,seed,0.460922090729783,1.0
mpidb_wholecell,Falciparum,Falciparum_1701151546-0015-R_T_30,1,primary,seed,0.6342859583920715,1.0
mpidb_wholecell,Falciparum,Falciparum_1701151546-0015-R_T_31,1,primary,seed,0.4861749594375338,1.0
mpidb_wholecell,Falciparum,Falciparum_1701151546-0015-R_T_32,1,primary,seed,0.48595241295873104,0.9543568464730291
mpidb_wholecell,Falciparum,Falciparum_1701151546-0015-R_T_33,1,primary,seed,0.5182333490788852,1.0
mpidb_wholecell,Falciparum,Falciparum_1701151546-0015-R_T_34,1,primary,seed,0.5031163434903048,1.0
mpidb_wholecell,Falciparum,Falciparum_1701151546-0015-R_T_35,1,primary,seed,0.4880249620509361,1.0
mpidb_wholecell,Falciparum,Falciparum_1701151546-0015-R_T_36,1,primary,seed,0.4944252210688197,1.0
mpidb_wholecell,Falciparum,Falciparum_1704282807-0001-R_0,1,primary,seed,0.6340139860139861,0.9832611832611833
mpidb_wholecell,Falciparum,Falciparum_1704282807-0001-R_1,1,primary,seed,0.559585048010974,1.0
mpidb_wholecell,Falciparum,Falciparum_1704282807-0001-R_2,1,primary,seed,0.5131086142322098,1.0
mpidb_wholecell,Falciparum,Falciparum_1704282807-0001-R_3,1,primary,seed,0.4007728873841524,1.0
mpidb_wholecell,Falciparum,Falciparum_1704282807-0001-R_4,1,primary,seed,0.4643920068027211,0.8574338085539714
mpidb_wholecell,Falciparum,Falciparum_1704282807-0001-R_5,1,primary,seed,0.49635555555555555,1.0
mpidb_wholecell,Falciparum,Falciparum_1704282807-0001-R_6,1,primary,seed,0.5102462472592343,0.9871428571428571
mpidb_wholecell,Falciparum,Falciparum_1704282807-0001-R_7,1,primary,seed,0.625993640699523,1.0
mpidb_wholecell,Falciparum,Falciparum_1704282807-0001-R_8,1,primary,seed,0.491089247575365,1.0
mpidb_wholecell,Falciparum,Falciparum_1704282807-0001-R_9,1,primary,seed,0.5788398692810458,1.0
mpidb_wholecell,Falciparum,Falciparum_1704282807-0002-R_0,1,primary,seed,0.8053429705215419,1.0
mpidb_wholecell,Falciparum,Falciparum_1704282807-0002-R_1,1,primary,seed,0.4911127343559776,0.9585755813953488
mpidb_wholecell,Falciparum,Falciparum_1704282807-0002-R_2,1,primary,seed,0.5090339037092145,1.0
mpidb_wholecell,Falciparum,Falciparum_1704282807-0002-R_3,1,primary,seed,0.4202097505668934,0.9994879672299027
mpidb_wholecell,Falciparum,Falciparum_1704282807-0002-R_4,1,primary,seed,0.6616709183673469,1.0
mpidb_wholecell,Falciparum,Falciparum_1704282807-0002-R_5,1,primary,seed,0.440725,0.9274457329765091
mpidb_wholecell,Falciparum,Falciparum_1704282807-0002-R_6,1,primary,seed,0.48735119047619047,1.0
mpidb_wholecell,Falciparum,Falciparum_1704282807-0002-R_7,1,primary,seed,0.5267363614515741,1.0
mpidb_wholecell,Falciparum,Falciparum_1704282807-0002-R_8,1,primary,seed,0.6190687361419068,0.9822985468956407
mpidb_wholecell,Falciparum,Falciparum_1704282807-0002-R_9,1,primary,seed,0.4848148148148148,1.0
mpidb_wholecell,Falciparum,Falciparum_1704282807-0002-R_10,1,primary,seed,0.8356009070294784,1.0
mpidb_wholecell,Falciparum,Falciparum_1704282807-0002-R_11,1,primary,seed,0.7728528911564626,0.9984345648090169
mpidb_wholecell,Falciparum,Falciparum_1704282807-0002-R_12,1,primary,seed,0.6561880810852004,1.0
mpidb_wholecell,Falciparum,Falciparum_1704282807-0002-R_13,1,primary,seed,0.4486607142857143,0.9897632757517595
mpidb_wholecell,Falciparum,Falciparum_1704282807-0002-R_14,1,primary,seed,0.5500587544065805,1.0
mpidb_wholecell,Falciparum,Falciparum_1704282807-0002-R_15,1,primary,seed,0.46212467611644564,0.9841322314049586
mpidb_wholecell,Falciparum,Falciparum_1704282807-0002-R_16,1,primary,seed,0.47782919979431193,1.0
mpidb_wholecell,Falciparum,Falciparum_1704282807-0002-R_17,1,primary,seed,0.5468034807102259,0.994408475573867
mpidb_wholecell,Falciparum,Falciparum_1704282807-0002-R_18,1,primary,seed,0.3808489559518366,0.996386630532972
mpidb_wholecell,Falciparum,Falciparum_1704282807-0003-R_0,1,primary,seed,0.7174036281179138,1.0
mpidb_wholecell,Falciparum,Falciparum_1704282807-0003-R_1,1,primary,seed,0.4302597402597403,1.0
mpidb_wholecell,Falciparum,Falciparum_1704282807-0003-R_2,1,primary,seed,0.4206182949279502,1.0
mpidb_wholecell,Falciparum,Falciparum_1704282807-0003-R_3,1,primary,seed,0.4206182949279502,1.0
mpidb_wholecell,Falciparum,Falciparum_1704282807-0003-R_4,1,primary,seed,0.6014118457300276,1.0
mpidb_wholecell,Falciparum,Falciparum_1704282807-0003-R_5,1,primary,seed,0.4992283950617284,0.9166666666666666
mpidb_wholecell,Falciparum,Falciparum_1704282807-0003-R_6,1,primary,seed,0.5400621118012422,1.0
mpidb_wholecell,Falciparum,Falciparum_1704282807-0003-R_7,1,primary,seed,0.5318626430801249,1.0
mpidb_wholecell,Falciparum,Falciparum_1704282807-0003-R_8,1,primary,seed,0.7301173812064529,1.0
mpidb_wholecell,Falciparum,Falciparum_1704282807-0003-R_9,1,primary,seed,0.5180320038213518,1.0
mpidb_wholecell,Falciparum,Falciparum_1704282807-0003-R_10,1,primary,seed,0.5356788548752834,1.0
mpidb_wholecell,Falciparum,Falciparum_1704282807-0003-R_11,1,primary,seed,0.4548501388489897,1.0
mpidb_wholecell,Falciparum,Falciparum_1704282807-0003-R_12,1,primary,seed,0.46486695177001663,1.0
mpidb_wholecell,Falciparum,Falciparum_1704282807-0003-R_13,1,primary,seed,0.5154803240740741,1.0
mpidb_wholecell,Falciparum,Falciparum_1704282807-0003-R_14,1,primary,seed,0.49360679970436067,1.0
mpidb_wholecell,Falciparum,Falciparum_1704282807-0003-R_15,1,primary,seed,0.49341613048032323,0.9913103927702468
mpidb_wholecell,Falciparum,Falciparum_1704282807-0003-R_16,1,primary,seed,0.4164973145594426,0.9921409859490354
mpidb_wholecell,Falciparum,Falciparum_1704282807-0004-R_T_0,1,primary,seed,0.6520952041785375,0.9980407523510971
mpidb_wholecell,Falciparum,Falciparum_1704282807-0004-R_T_1,1,primary,seed,0.5661600595174833,1.0
mpidb_wholecell,Falciparum,Falciparum_1704282807-0004-R_T_2,1,primary,seed,0.5351784549436213,1.0
mpidb_wholecell,Falciparum,Falciparum_1704282807-0004-R_T_3,1,primary,seed,0.42700859243511385,1.0
mpidb_wholecell,Falciparum,Falciparum_1704282807-0004-R_T_4,1,primary,seed,0.637719671201814,0.99908480780964
mpidb_wholecell,Falciparum,Falciparum_1704282807-0004-R_T_5,1,primary,seed,0.4966977058974538,1.0
mpidb_wholecell,Falciparum,Falciparum_1704282807-0004-R_T_6,1,primary,seed,0.5723143424036281,0.984017435524882
mpidb_wholecell,Falciparum,Falciparum_1704282807-0004-R_T_7,1,primary,seed,0.4474931129476584,1.0
mpidb_wholecell,Falciparum,Falciparum_1704282807-0004-R_T_8,1,primary,seed,0.5986780258519389,0.9829545454545454
mpidb_wholecell,Falciparum,Falciparum_1704282807-0004-R_T_9,1,primary,seed,0.6903344671201814,1.0
mpidb_wholecell,Falciparum,Falciparum_1704282807-0004-R_T_10,1,primary,seed,0.4944631081249222,1.0
mpidb_wholecell,Falciparum,Falciparum_1704282807-0005-R_0,1,primary,seed,0.32348356009070295,1.0
mpidb_wholecell,Falciparum,Falciparum_1704282807-0005-R_1,1,primary,seed,0.5271875,1.0
mpidb_wholecell,Falciparum,Falciparum_1704282807-0005-R_2,1,primary,seed,0.6706626706626707,1.0
mpidb_wholecell,Falciparum,Falciparum_1704282807-0005-R_3,1,primary,seed,0.49513022148474134,1.0
mpidb_wholecell,Falciparum,Falciparum_1704282807-0005-R_4,1,primary,seed,0.7756519274376418,1.0
mpidb_wholecell,Falciparum,Falciparum_1704282807-0005-R_5,1,primary,seed,0.5010782272456871,1.0
mpidb_wholecell,Falciparum,Falciparum_1704282807-0005-R_6,1,primary,seed,0.40523548239597623,0.9897758552890287
mpidb_wholecell,Falciparum,Falciparum_1704282807-0005-R_7,1,primary,seed,0.4862540057345252,1.0
mpidb_wholecell,Falciparum,Falciparum_1704282807-0005-R_8,1,primary,seed,0.5313292433537832,1.0
mpidb_wholecell,Falciparum,Falciparum_1704282807-0005-R_9,1,primary,seed,0.5379755343460142,1.0
mpidb_wholecell,Falciparum,Falciparum_1704282807-0005-R_10,1,primary,seed,0.3178631306203323,1.0
mpidb_wholecell,Falciparum,Falciparum_1704282807-0005-R_11,1,primary,seed,0.4050865051903114,0.9948218724109362
mpidb_wholecell,Falciparum,Falciparum_1704282807-0005-R_12,1,primary,seed,0.5699764964439424,1.0
mpidb_wholecell,Falciparum,Falciparum_1704282807-0005-R_13,1,primary,seed,0.33854912764003675,0.9654359780047133
mpidb_wholecell,Falciparum,Falciparum_1704282807-0005-R_14,1,primary,seed,0.5436056434179087,0.9954379562043796
mpidb_wholecell,Falciparum,Falciparum_1704282807-0005-R_15,1,primary,seed,0.583864961387015,1.0
mpidb_wholecell,Falciparum,Falciparum_1704282807-0005-R_16,1,primary,seed,0.4191468253968254,0.9906678331875183
mpidb_wholecell,Falciparum,Falciparum_1704282807-0005-R_17,1,primary,seed,0.5469703907203908,0.9858412907474481
mpidb_wholecell,Falciparum,Falciparum_1704282807-0006-R_0,1,primary,seed,0.31143162393162394,0.9742070407807598
mpidb_wholecell,Falciparum,Falciparum_1704282807-0006-R_1,1,primary,seed,0.08956602031394276,0.8976043276661515
mpidb_wholecell,Falciparum,Falciparum_1704282807-0006-R_2,1,primary,seed,0.3529568663313519,1.0
mpidb_wholecell,Falciparum,Falciparum_1704282807-0006-R_3,1,primary,seed,0.4524800554977454,1.0
mpidb_wholecell,Falciparum,Falciparum_1704282807-0006-R_4,1,primary,seed,0.7666524943310657,1.0
mpidb_wholecell,Falciparum,Falciparum_1704282807-0006-R_5,1,primary,seed,0.5678854684769459,1.0
mpidb_wholecell,Falciparum,Falciparum_1704282807-0006-R_6,1,primary,seed,0.14342403628117914,0.19567916563198412
mpidb_wholecell,Falciparum,Falciparum_1704282807-0006-R_7,1,primary,seed,0.10618622448979592,0.9420188613342647
mpidb_wholecell,Falciparum,Falciparum_1704282807-0006-R_8,1,primary,seed,0.27157738095238093,0.6640217637723872
mpidb_wholecell,Falciparum,Falciparum_1704282807-0006-R_9,1,primary,seed,0.5294403710908274,0.9395161290322581
mpidb_wholecell,Falciparum,Falciparum_1704282807-0006-R_10,1,primary,seed,0.7777777777777778,1.0
mpidb_wholecell,Falciparum,Falciparum_1704282807-0006-R_11,1,primary,seed,0.5800640261126107,1.0
mpidb_wholecell,Falciparum,Falciparum_1704282807-0006-R_12,1,primary,seed,0.12218662236462165,0.7384266752994496
mpidb_wholecell,Falciparum,Falciparum_1704282807-0006-R_13,1,primary,seed,0.1235039470333588,0.8972413793103449
mpidb_wholecell,Falciparum,Falciparum_1704282807-0006-R_14,1,primary,seed,0.38914353620235975,0.994475138121547
mpidb_wholecell,Falciparum,Falciparum_1704282807-0006-R_15,1,primary,seed,0.4981221655328798,1.0
mpidb_wholecell,Falciparum,Falciparum_1704282807-0007-R_0,1,primary,seed,0.37039224952741023,0.9956725567976921
mpidb_wholecell,Falciparum,Falciparum_1704282807-0007-R_1,1,primary,seed,0.5136164540087602,0.9974874371859297
mpidb_wholecell,Falciparum,Falciparum_1704282807-0007-R_2,1,primary,seed,0.4905753968253968,1.0
mpidb_wholecell,Falciparum,Falciparum_1704282807-0007-R_3,1,primary,seed,0.7040107709750567,1.0
mpidb_wholecell,Falciparum,Falciparum_1704282807-0007-R_4,1,primary,seed,0.6016855865153079,1.0
mpidb_wholecell,Falciparum,Falciparum_1704282807-0007-R_5,1,primary,seed,0.44510727367870223,1.0
mpidb_wholecell,Falciparum,Falciparum_1704282807-0007-R_6,1,primary,seed,0.5256009070294785,1.0
mpidb_wholecell,Falciparum,Falciparum_1704282807-0007-R_7,1,primary,seed,0.4449759070294785,1.0
mpidb_wholecell,Falciparum,Falciparum_1704282807-0007-R_8,1,primary,seed,0.4991105146531007,1.0
mpidb_wholecell,Falciparum,Falciparum_1704282807-0007-R_9,1,primary,seed,0.62001964515931,0.9722724532851115
mpidb_wholecell,Falciparum,Falciparum_1704282807-0007-R_10,1,primary,seed,0.5165435383915129,1.0
mpidb_wholecell,Falciparum,Falciparum_1704282807-0007-R_11,1,primary,seed,0.46410123966942146,1.0
mpidb_wholecell,Falciparum,Falciparum_1704282807-0007-R_12,1,primary,seed,0.5290887188208617,1.0
mpidb_wholecell,Falciparum,Falciparum_1704282807-0007-R_13,1,primary,seed,0.5391156462585034,1.0
mpidb_wholecell,Falciparum,Falciparum_1704282807-0007-R_14,1,primary,seed,0.3515890613451589,0.855868544600939
mpidb_wholecell,Falciparum,Falciparum_1704282807-0007-R_15,1,primary,seed,0.14149454962707975,0.32970096300050683
mpidb_wholecell,Falciparum,Falciparum_1704282807-0008-R_0,1,primary,seed,0.6505434782608696,1.0
mpidb_wholecell,Falciparum,Falciparum_1704282807-0008-R_1,1,primary,seed,0.2758053911900066,0.9904761904761905
mpidb_wholecell,Falciparum,Falciparum_1704282807-0008-R_2,1,primary,seed,0.5801826800786218,1.0
mpidb_wholecell,Falciparum,Falciparum_1704282807-0008-R_3,1,primary,seed,0.3081462934811768,1.0
mpidb_wholecell,Falciparum,Falciparum_1704282807-0008-R_4,1,primary,seed,0.590796911073959,0.9776348895722673
mpidb_wholecell,Falciparum,Falciparum_1704282807-0008-R_5,1,primary,seed,0.4826438293645467,0.9972951041384907
mpidb_wholecell,Falciparum,Falciparum_1704282807-0008-R_6,1,primary,seed,0.5034013605442177,0.9996539792387543
mpidb_wholecell,Falciparum,Falciparum_1704282807-0008-R_7,1,primary,seed,0.5477244284362505,1.0
mpidb_wholecell,Falciparum,Falciparum_1704282807-0008-R_8,1,primary,seed,0.6594702738212548,1.0
mpidb_wholecell,Falciparum,Falciparum_1704282807-0008-R_9,1,primary,seed,0.6184098639455783,0.9202252463632098
mpidb_wholecell,Falciparum,Falciparum_1704282807-0008-R_10,1,primary,seed,0.37918180971018545,0.9631432545201669
mpidb_wholecell,Falciparum,Falciparum_1704282807-0008-R_11,1,primary,seed,0.3854254030379275,0.9343724364232978
mpidb_wholecell,Falciparum,Falciparum_1704282807-0008-R_12,1,primary,seed,0.43500363108206247,1.0
mpidb_wholecell,Falciparum,Falciparum_1704282807-0008-R_13,1,primary,seed,0.4947077922077922,1.0
mpidb_wholecell,Falciparum,Falciparum_1704282807-0008-R_14,1,primary,seed,0.49754553937279405,1.0
mpidb_wholecell,Falciparum,Falciparum_1704282807-0008-R_15,1,primary,seed,0.5372897971495363,1.0
mpidb_wholecell,Falciparum,Falciparum_1704282807-0008-R_16,1,primary,seed,0.7063846371882087,1.0
mpidb_wholecell,Falciparum,Falciparum_1704282807-0008-R_17,1,primary,seed,0.5597442680776014,0.9995525727069351
mpidb_wholecell,Falciparum,Falciparum_1704282807-0009-R_0,1,primary,seed,0.5046080327682331,1.0
mpidb_wholecell,Falciparum,Falciparum_1704282807-0009-R_1,1,primary,seed,0.516895088672507,0.9989327641408752
mpidb_wholecell,Falciparum,Falciparum_1704282807-0009-R_2,1,primary,seed,0.38592863894139884,1.0
mpidb_wholecell,Falciparum,Falciparum_1704282807-0009-R_3,1,primary,seed,0.7210884353741497,1.0
mpidb_wholecell,Falciparum,Falciparum_1704282807-0009-R_4,1,primary,seed,0.6092768595041322,0.9660377358490566
mpidb_wholecell,Falciparum,Falciparum_1704282807-0009-R_5,1,primary,seed,0.5082199546485261,0.9585661080074488
mpidb_wholecell,Falciparum,Falciparum_1704282807-0009-R_6,1,primary,seed,0.4681057047581484,1.0
mpidb_wholecell,Falciparum,Falciparum_1704282807-0009-R_7,1,primary,seed,0.406781462585034,0.9583463827121829
mpidb_wholecell,Falciparum,Falciparum_1704282807-0009-R_8,1,primary,seed,0.6442240587695133,1.0
mpidb_wholecell,Falciparum,Falciparum_1704282807-0009-R_9,1,primary,seed,0.5127147766323024,0.998551774076756
mpidb_wholecell,Falciparum,Falciparum_1704282807-0009-R_10,1,primary,nearest,0.2457010582010582,0.0
mpidb_wholecell,Falciparum,Falciparum_1704282807-0009-R_11,1,primary,seed,0.406392945715073,1.0
mpidb_wholecell,Falciparum,Falciparum_1704282807-0010-R_0,1,primary,seed,0.5243617021276595,1.0
mpidb_wholecell,Falciparum,Falciparum_1704282807-0010-R_1,1,primary,seed,0.5190638091190577,1.0
mpidb_wholecell,Falciparum,Falciparum_1704282807-0010-R_2,1,primary,seed,0.23359552154195012,0.6628242074927954
mpidb_wholecell,Falciparum,Falciparum_1704282807-0010-R_3,1,primary,seed,0.11568168934240362,0.7442865966646078
mpidb_wholecell,Falciparum,Falciparum_1704282807-0010-R_4,1,primary,seed,0.4333910034602076,0.9381467003908944
mpidb_wholecell,Falciparum,Falciparum_1704282807-0010-R_5,1,primary,seed,0.36840986394557823,0.9873936337850615
mpidb_wholecell,Falciparum,Falciparum_1704282807-0010-R_6,1,primary,seed,0.1378968253968254,0.6897338403041825
mpidb_wholecell,Falciparum,Falciparum_1704282807-0010-R_7,1,primary,seed,0.26159320477502296,0.8679706601466992
mpidb_wholecell,Falciparum,Falciparum_1704282807-0010-R_8,1,primary,seed,0.529265873015873,0.9586104951958611
mpidb_wholecell,Falciparum,Falciparum_1704282807-0010-R_9,1,primary,seed,0.580640589569161,1.0
mpidb_wholecell,Falciparum,Falciparum_1704282807-0010-R_10,1,primary,seed,0.3399580746593566,0.9860681114551083
mpidb_wholecell,Falciparum,Falciparum_1704282807-0010-R_11,1,primary,seed,0.12109375,0.6077544426494346
mpidb_wholecell,Falciparum,Falciparum_1704282807-0010-R_12,1,primary,seed,0.5028577960676726,1.0
mpidb_wholecell,Falciparum,Falciparum_1704282807-0010-R_13,1,primary,seed,0.3659297052154195,0.9970326409495549
mpidb_wholecell,Falciparum,Falciparum_1704282807-0011-R_T_0,1,primary,seed,0.5613662131519275,1.0
mpidb_wholecell,Falciparum,Falciparum_1704282807-0011-R_T_1,1,primary,seed,0.43613006241834806,1.0
mpidb_wholecell,Falciparum,Falciparum_1704282807-0011-R_T_2,1,primary,seed,0.3391080312722104,0.9349216854180454
mpidb_wholecell,Falciparum,Falciparum_1704282807-0011-R_T_3,1,primary,seed,0.43019283746556475,0.9550755939524838
mpidb_wholecell,Falciparum,Falciparum_1704282807-0011-R_T_4,1,primary,seed,0.5708116883116883,0.9472947761194029
mpidb_wholecell,Falciparum,Falciparum_1704282807-0011-R_T_5,1,primary,seed,0.47023540063377095,0.398841139546113
mpidb_wholecell,Falciparum,Falciparum_1704282807-0011-R_T_6,1,primary,seed,0.694598594154643,1.0
mpidb_wholecell,Falciparum,Falciparum_1704282807-0011-R_T_7,1,primary,seed,0.5879039115646258,1.0
mpidb_wholecell,Falciparum,Falciparum_1704282807-0011-R_T_8,1,primary,seed,0.4508574263038549,0.9921752738654147
mpidb_wholecell,Falciparum,Falciparum_1704282807-0011-R_T_9,1,primary,seed,0.5099004821996512,1.0
mpidb_wholecell,Falciparum,Falciparum_1704282807-0011-R_T_10,1,primary,seed,0.5376594990548205,0.935700575815739
mpidb_wholecell,Falciparum,Falciparum_1704282807-0011-R_T_11,1,primary,seed,0.5783375850340136,0.9989926124916051
mpidb_wholecell,Falciparum,Falciparum_1704282807-0011-R_T_12,1,primary,seed,0.2812076478805696,0.9798725259979872
mpidb_wholecell,Falciparum,Falciparum_1704282807-0011-R_T_13,1,primary,seed,0.6735225036500984,0.9941427050053249
mpidb_wholecell,Falciparum,Falciparum_1704282807-0011-R_T_14,1,primary,seed,0.6862201083366363,1.0
mpidb_wholecell,Falciparum,Falciparum_1704282807-0011-R_T_15,1,primary,seed,0.5068701281543136,1.0
mpidb_wholecell,Falciparum,Falciparum_1704282807-0012-R_T_0,1,primary,seed,0.5478756157635468,1.0
mpidb_wholecell,Falciparum,Falciparum_1704282807-0012-R_T_1,1,primary,seed,0.7313988095238095,1.0
mpidb_wholecell,Falciparum,Falciparum_1704282807-0012-R_T_2,1,primary,seed,0.635074203469796,1.0
mpidb_wholecell,Falciparum,Falciparum_1704282807-0012-R_T_3,1,primary,seed,0.6365437970669837,1.0
mpidb_wholecell,Falciparum,Falciparum_1704282807-0012-R_T_4,1,primary,seed,0.512589059292356,0.9976211072664359
mpidb_wholecell,Falciparum,Falciparum_1704282807-0012-R_T_5,1,primary,seed,0.49567314044127364,1.0
mpidb_wholecell,Falciparum,Falciparum_1704282807-0012-R_T_6,1,primary,seed,0.48209864787659495,1.0
mpidb_wholecell,Falciparum,Falciparum_1704282807-0012-R_T_7,1,primary,seed,0.6304663760073986,1.0
mpidb_wholecell,Falciparum,Falciparum_1704282807-0012-R_T_8,1,primary,seed,0.8334503950834065,1.0
mpidb_wholecell,Falciparum,Falciparum_1704282807-0012-R_T_9,1,primary,seed,0.6795318110797401,1.0
mpidb_wholecell,Falciparum,Falciparum_1704282807-0012-R_T_10,1,primary,seed,0.6021241830065359,1.0
mpidb_wholecell,Falciparum,Falciparum_1704282807-0012-R_T_11,1,primary,seed,0.6294642857142857,1.0
mpidb_wholecell,Falciparum,Falciparum_1704282807-0012-R_T_12,1,primary,seed,0.5363520408163265,0.9853618866901599
mpidb_wholecell,Falciparum,Falciparum_1704282807-0012-R_T_13,1,primary,seed,0.5302249591554606,1.0
mpidb_wholecell,Falciparum,Falciparum_1704282807-0012-R_T_14,1,primary,seed,0.5551612663495838,1.0
mpidb_wholecell,Falciparum,Falciparum_1704282807-0012-R_T_15,1,primary,seed,0.769734977324263,0.996299037749815
mpidb_wholecell,Falciparum,Falciparum_1704282807-0012-R_T_16,1,primary,seed,0.3322204968944099,0.7558751315327955
mpidb_wholecell,Falciparum,Falciparum_1704282807-0012-R_T_17,1,primary,seed,0.5567578125,1.0
mpidb_wholecell,Falciparum,Falciparum_1704282807-0012-R_T_18,1,primary,seed,0.5676308744794765,1.0
mpidb_wholecell,Falciparum,Falciparum_1704282807-0012-R_T_19,1,primary,seed,0.5920616211178422,1.0
mpidb_wholecell,Falciparum,Falciparum_1704282807-0012-R_T_20,1,primary,seed,0.6986274277125114,1.0
mpidb_wholecell,Falciparum,Falciparum_1704282807-0012-R_T_21,1,primary,seed,0.37353840618816336,1.0
mpidb_wholecell,Falciparum,Falciparum_1704282807-0012-R_T_22,1,primary,seed,0.5706977005678304,1.0
mpidb_wholecell,Falciparum,Falciparum_1704282807-0012-R_T_23,1,primary,seed,0.5282170895437479,0.9996773152629881
mpidb_wholecell,Falciparum,Falciparum_1704282807-0012-R_T_24,1,primary,seed,0.5051856255780156,1.0
mpidb_wholecell,Falciparum,Falciparum_1704282807-0012-R_T_25,1,primary,seed,0.38543721236028927,1.0
mpidb_wholecell,Falciparum,Falciparum_1704282807-0012-R_T_26,1,primary,seed,0.609994193642038,1.0
mpidb_wholecell,Falciparum,Falciparum_1704282807-0013-R_T_0,1,primary,seed,0.5411860396332446,1.0
mpidb_wholecell,Falciparum,Falciparum_1704282807-0013-R_T_1,1,primary,seed,0.4307950727883539,0.6393955184992184
mpidb_wholecell,Falciparum,Falciparum_1704282807-0013-R_T_2,1,primary,seed,0.5113378684807256,0.9992955265938711
mpidb_wholecell,Falciparum,Falciparum_1704282807-0013-R_T_3,1,primary,seed,0.5761961285609934,0.9024041213508872
mpidb_wholecell,Falciparum,Falciparum_1704282807-0013-R_T_4,1,primary,seed,0.32061366213151926,0.5142004641396839
mpidb_wholecell,Falciparum,Falciparum_1704282807-0013-R_T_5,1,primary,seed,0.424065266217466,0.9594713656387666
mpidb_wholecell,Falciparum,Falciparum_1704282807-0013-R_T_6,1,primary,seed,0.09648888888888889,0.7936802973977695
mpidb_wholecell,Falciparum,Falciparum_1704282807-0013-R_T_7,1,primary,seed,0.54078089569161,0.9304918032786885
mpidb_wholecell,Falciparum,Falciparum_1704282807-0013-R_T_8,1,primary,seed,0.5892394452065234,1.0
mpidb_wholecell,Falciparum,Falciparum_1704282807-0013-R_T_9,1,primary,seed,0.11710189919649379,0.623391812865497
mpidb_wholecell,Falciparum,Falciparum_1704282807-0013-R_T_10,1,primary,seed,0.25373418686175886,0.9996281145407214
mpidb_wholecell,Falciparum,Falciparum_1704282807-0013-R_T_11,1,primary,seed,0.2707498798269508,0.8490566037735849
mpidb_wholecell,Falciparum,Falciparum_1704282807-0013-R_T_12,1,primary,seed,0.4439864483342744,1.0
mpidb_wholecell,Falciparum,Falciparum_1704282807-0013-R_T_13,1,primary,seed,0.565547052154195,0.9394484412470024
mpidb_wholecell,Falciparum,Falciparum_1704282807-0013-R_T_14,1,primary,seed,0.5271045918367347,1.0
mpidb_wholecell,Falciparum,Falciparum_1704282807-0013-R_T_15,1,primary,seed,0.48037694013303767,0.9334341906202723
mpidb_wholecell,Falciparum,Falciparum_1704282807-0013-R_T_16,1,primary,seed,0.3893454598582804,1.0
mpidb_wholecell,Falciparum,Falciparum_1704282807-0013-R_T_17,1,primary,seed,0.48327664399092973,0.9665930425179459
mpidb_wholecell,Falciparum,Falciparum_1704282807-0013-R_T_18,1,primary,seed,0.45647570322895,0.9994131455399061
mpidb_wholecell,Falciparum,Falciparum_1704282807-0013-R_T_19,1,primary,seed,0.26747124433600555,0.7973645680819912
mpidb_wholecell,Falciparum,Falciparum_1704282807-0013-R_T_20,1,primary,seed,0.5090359047846509,0.8301754385964912
mpidb_wholecell,Falciparum,Falciparum_1704282807-0013-R_T_21,1,primary,seed,0.48327566320645904,0.9915352058484033
mpidb_wholecell,Falciparum,Falciparum_1704282807-0013-R_T_22,1,primary,seed,0.63719422340112,0.8229755178907722
mpidb_wholecell,Falciparum,Falciparum_1704282807-0013-R_T_23,1,primary,seed,0.48658741045572323,1.0
mpidb_wholecell,Falciparum,Falciparum_1704282807-0014-R_0,1,primary,seed,0.6325821995464853,0.9693385895751204
mpidb_wholecell,Falciparum,Falciparum_1704282807-0014-R_1,1,primary,seed,0.7659438775510204,0.9606674612634089
mpidb_wholecell,Falciparum,Falciparum_1704282807-0014-R_2,1,primary,seed,0.597529094282341,0.9514340344168261
mpidb_wholecell,Falciparum,Falciparum_1704282807-0014-R_3,1,primary,seed,0.48215861190079407,0.9779661016949153
mpidb_wholecell,Falciparum,Falciparum_1704282807-0014-R_4,1,primary,seed,0.490425,0.9529284944304707
mpidb_wholecell,Falciparum,Falciparum_1704282807-0014-R_5,1,primary,seed,0.25637755102040816,0.8905895691609977
mpidb_wholecell,Falciparum,Falciparum_1704282807-0014-R_6,1,primary,seed,0.6153680662626843,0.9982323232323232
mpidb_wholecell,Falciparum,Falciparum_1704282807-0014-R_7,1,primary,seed,0.5976203353163873,1.0
mpidb_wholecell,Falciparum,Falciparum_1704282807-0014-R_8,1,primary,seed,0.6156024249464551,1.0
mpidb_wholecell,Falciparum,Falciparum_1704282807-0014-R_9,1,primary,seed,0.4917884313488709,1.0
mpidb_wholecell,Falciparum,Falciparum_1704282807-0014-R_10,1,primary,seed,0.6873317954632834,1.0
mpidb_wholecell,Falciparum,Falciparum_1704282807-0014-R_11,1,primary,seed,0.4385425812115891,0.5835835835835835
mpidb_wholecell,Falciparum,Falciparum_1704282807-0014-R_12,1,primary,seed,0.7374373617759861,0.8578506097560976
mpidb_wholecell,Falciparum,Falciparum_1704282807-0014-R_13,1,primary,seed,0.5179634353741497,0.9709685289094901
mpidb_wholecell,Falciparum,Falciparum_1704282807-0014-R_14,1,primary,seed,0.544107126889028,0.9635772357723578
mpidb_wholecell,Falciparum,Falciparum_1704282807-0014-R_15,1,primary,seed,0.4561106088004822,1.0
mpidb_wholecell,Falciparum,Falciparum_1704282807-0014-R_16,1,primary,seed,0.602240444214876,0.9508700102354145
mpidb_wholecell,Falciparum,Falciparum_1704282807-0014-R_17,1,primary,seed,0.4632877102936983,0.9524680073126143
mpidb_wholecell,Falciparum,Falciparum_1704282807-0014-R_18,1,primary,seed,0.8468324829931972,1.0
mpidb_wholecell,Falciparum,Falciparum_1704282807-0014-R_19,1,primary,seed,0.10002125850340136,0.7973786751682607
mpidb_wholecell,Falciparum,Falciparum_1704282807-0014-R_20,1,primary,seed,0.618440594059406,0.9425465838509317
mpidb_wholecell,Falciparum,Falciparum_1704282807-0014-R_21,1,primary,seed,0.06501831501831502,0.6892605633802817
mpidb_wholecell,Falciparum,Falciparum_1704282807-0015-R_0,1,primary,seed,0.6361767728674204,0.9504650222401941
mpidb_wholecell,Falciparum,Falciparum_1704282807-0015-R_1,1,primary,seed,0.17548344804981972,0.7554479418886199
mpidb_wholecell,Falciparum,Falciparum_1704282807-0015-R_2,1,primary,seed,0.12921626984126985,0.673430216616397
mpidb_wholecell,Falciparum,Falciparum_1704282807-0015-R_3,1,primary,seed,0.4633999433106576,0.8745019920318725
mpidb_wholecell,Falciparum,Falciparum_1704282807-0015-R_4,1,primary,seed,0.5061649659863946,0.9696081045054652
mpidb_wholecell,Falciparum,Falciparum_1704282807-0015-R_5,1,primary,seed,0.6367630385487528,1.0
mpidb_wholecell,Falciparum,Falciparum_1704282807-0015-R_6,1,primary,seed,0.7843324829931972,0.9902773806119531
mpidb_wholecell,Falciparum,Falciparum_1704282807-0015-R_7,1,primary,seed,0.4747707428370848,1.0
mpidb_wholecell,Falciparum,Falciparum_1704282807-0015-R_8,1,primary,seed,0.5346513605442177,1.0
mpidb_wholecell,Falciparum,Falciparum_1704282807-0015-R_9,1,primary,seed,0.555946546018181,1.0
mpidb_wholecell,Falciparum,Falciparum_1704282807-0015-R_10,1,primary,seed,0.667746913580247,0.9954107388710418
mpidb_wholecell,Falciparum,Falciparum_1704282807-0015-R_11,1,primary,seed,0.8473639455782312,1.0
mpidb_wholecell,Falciparum,Falciparum_1704282807-0015-R_12,1,primary,seed,0.6393467186095295,1.0
mpidb_wholecell,Falciparum,Falciparum_1704282807-0015-R_13,1,primary,seed,0.10359977324263038,0.7884813164209804
mpidb_wholecell,Falciparum,Falciparum_1704282807-0015-R_14,1,primary,seed,0.36894132653061223,1.0
mpidb_wholecell,Falciparum,Falciparum_1704282807-0015-R_15,1,primary,seed,0.49153202947845803,0.9101221640488656
mpidb_wholecell,Falciparum,Falciparum_1704282807-0015-R_16,1,primary,seed,0.7601686507936508,0.9866946778711485
mpidb_wholecell,Falciparum,Falciparum_1704282807-0015-R_17,1,primary,seed,0.1985189909297052,0.8538395660862118
mpidb_wholecell,Falciparum,Falciparum_1704282807-0015-R_18,1,primary,seed,0.484375,1.0
mpidb_wholecell,Falciparum,Falciparum_1704282807-0015-R_19,1,primary,seed,0.14700255102040816,0.4538201160541586
mpidb_wholecell,Falciparum,Falciparum_1704282807-0015-R_20,1,primary,seed,0.7143747921516461,1.0
mpidb_wholecell,Falciparum,Falciparum_1704282807-0016-R_0,1,primary,seed,0.63796768707483,1.0
mpidb_wholecell,Falciparum,Falciparum_1704282807-0016-R_1,1,primary,seed,0.4819657029478458,0.9299568965517241
mpidb_wholecell,Falciparum,Falciparum_1704282807-0016-R_2,1,primary,seed,0.630411035860304,0.9810030395136778
mpidb_wholecell,Falciparum,Falciparum_1704282807-0016-R_3,1,primary,seed,0.7353316326530612,1.0
mpidb_wholecell,Falciparum,Falciparum_1704282807-0016-R_4,1,primary,seed,0.5965419419706981,1.0
mpidb_wholecell,Falciparum,Falciparum_1704282807-0016-R_5,1,primary,seed,0.8255739795918368,1.0
mpidb_wholecell,Falciparum,Falciparum_1704282807-0016-R_6,1,primary,seed,0.6013592059375839,1.0
mpidb_wholecell,Falciparum,Falciparum_1704282807-0016-R_7,1,primary,seed,0.5660430839002267,1.0
mpidb_wholecell,Falciparum,Falciparum_1704282807-0016-R_8,1,primary,seed,0.736427732079906,1.0
mpidb_wholecell,Falciparum,Falciparum_1704282807-0016-R_9,1,primary,seed,0.33999433106575966,0.8871681415929203
mpidb_wholecell,Falciparum,Falciparum_1704282807-0016-R_10,1,primary,seed,0.5379694747867724,1.0
mpidb_wholecell,Falciparum,Falciparum_1704282807-0016-R_11,1,primary,seed,0.5452488687782805,0.6016597510373444
mpidb_wholecell,Falciparum,Falciparum_1704282807-0016-R_12,1,primary,seed,0.48476473922902497,0.9837177747625508
mpidb_wholecell,Falciparum,Falciparum_1704282807-0016-R_13,1,primary,seed,0.3770644718792867,0.9995513683266039
mpidb_wholecell,Falciparum,Falciparum_1704282807-0016-R_14,1,primary,seed,0.5730229591836735,1.0
mpidb_wholecell,Falciparum,Falciparum_1704282807-0016-R_15,1,primary,seed,0.14452239229024944,0.773323434793368
mpidb_wholecell,Falciparum,Falciparum_1704282807-0016-R_16,1,primary,seed,0.34431689342403626,0.9651001388062661
mpidb_wholecell,Falciparum,Falciparum_1704282807-0016-R_17,1,primary,seed,0.6506519274376418,1.0
mpidb_wholecell,Falciparum,Falciparum_1704282807-0016-R_18,1,primary,seed,0.563228862973761,0.8976298537569339
mpidb_wholecell,Falciparum,Falciparum_1704282807-0016-R_19,1,primary,seed,0.36773667800453513,0.918082295205738
mpidb_wholecell,Falciparum,Falciparum_1704282807-0016-R_20,1,primary,seed,0.7383786848072562,1.0
mpidb_wholecell,Falciparum,Falciparum_1704282807-0016-R_21,1,primary,seed,0.7802933673469388,1.0
mpidb_wholecell,Falciparum,Falciparum_1704282807-0016-R_22,1,primary,seed,0.09704506802721088,0.5096750638919314
mpidb_wholecell,Falciparum,Falciparum_1704282807-0016-R_23,1,primary,seed,0.3106060606060606,0.8792322047454012
mpidb_wholecell,Falciparum,Falciparum_1704282807-0016-R_24,1,primary,seed,0.6921414399092971,0.9716981132075472
mpidb_wholecell,Falciparum,Falciparum_1704282807-0016-R_25,1,primary,seed,0.49821466078554927,0.6037099494097807
mpidb_wholecell,Falciparum,Falciparum_1704282807-0016-R_26,1,primary,seed,0.333271474019088,0.9172866520787746
mpidb_wholecell,Falciparum,Falciparum_1704282807-0016-R_27,1,primary,seed,0.5104778212654925,0.9531949531949532
mpidb_wholecell,Falciparum,Falciparum_1704282807-0016-R_28,1,primary,seed,0.46530495759947815,0.9951690821256038
mpidb_wholecell,Falciparum,Falciparum_1704282807-0017-R_0,1,primary,seed,0.5442548779338298,0.9834525939177102
mpidb_wholecell,Falciparum,Falciparum_1704282807-0017-R_1,1,primary,seed,0.5146681678864077,1.0
mpidb_wholecell,Falciparum,Falciparum_1704282807-0017-R_2,1,primary,seed,0.6233864027538726,0.9867940432705816
mpidb_wholecell,Falciparum,Falciparum_1704282807-0017-R_3,1,primary,seed,0.4428047839506173,0.9793499043977055
mpidb_wholecell,Falciparum,Falciparum_1704282807-0017-R_4,1,primary,seed,0.6495378564405113,0.9353518821603928
mpidb_wholecell,Falciparum,Falciparum_1704282807-0017-R_5,1,primary,seed,0.598457300275482,0.9972196478220574
mpidb_wholecell,Falciparum,Falciparum_1704282807-0017-R_6,1,primary,seed,0.5755024037743737,0.9982817869415808
mpidb_wholecell,Falciparum,Falciparum_1704282807-0017-R_7,1,primary,seed,0.6724418934240363,1.0
mpidb_wholecell,Falciparum,Falciparum_1704282807-0017-R_8,1,primary,seed,0.5699445983379502,1.0
mpidb_wholecell,Falciparum,Falciparum_1704282807-0017-R_9,1,primary,seed,0.5860615079365079,0.852652753331657
mpidb_wholecell,Falciparum,Falciparum_1704282807-0017-R_10,1,primary,seed,0.7064909297052154,1.0
mpidb_wholecell,Falciparum,Falciparum_1704282807-0017-R_11,1,primary,seed,0.44139612863892697,1.0
mpidb_wholecell,Falciparum,Falciparum_1704282807-0017-R_12,1,primary,seed,0.1330001388310426,0.6805845511482255
mpidb_wholecell,Falciparum,Falciparum_1704282807-0017-R_13,1,primary,seed,0.5748299319727891,0.9954149472718936
mpidb_wholecell,Falciparum,Falciparum_1704282807-0017-R_14,1,primary,seed,0.15430130385487528,0.7099885189437428
mpidb_wholecell,Falciparum,Falciparum_1704282807-0017-R_15,1,primary,seed,0.4606009070294785,0.9994612068965517
mpidb_wholecell,Falciparum,Falciparum_1704282807-0017-R_16,1,primary,seed,0.5409550083167675,1.0
mpidb_wholecell,Falciparum,Falciparum_1704282807-0017-R_17,1,primary,seed,0.6523171768707483,0.9936189608021878
mpidb_wholecell,Falciparum,Falciparum_1704282807-0017-R_18,1,primary,seed,0.5184525103238427,0.9219237976264835
mpidb_wholecell,Falciparum,Falciparum_1704282807-0017-R_19,1,primary,seed,0.7563775510204082,1.0
mpidb_wholecell,Falciparum,Falciparum_1704282807-0017-R_20,1,primary,seed,0.4824071564109515,1.0
mpidb_wholecell,Falciparum,Falciparum_1704282807-0017-R_21,1,primary,seed,0.17939814814814814,0.510413849066811
mpidb_wholecell,Falciparum,Falciparum_1704282807-0017-R_22,1,primary,seed,0.5877030552983755,0.987005316007088
mpidb_wholecell,Falciparum,Falciparum_1704282807-0017-R_23,1,primary,seed,0.5890731292517006,1.0
mpidb_wholecell,Falciparum,Falciparum_1704282807-0017-R_24,1,primary,seed,0.7303713151927438,0.9784301977231875
mpidb_wholecell,Falciparum,Falciparum_1704282807-0017-R_25,1,primary,seed,0.49665368095095397,1.0
mpidb_wholecell,Falciparum,Falciparum_1704282807-0017-R_26,1,primary,seed,0.5063421201814059,0.8169865895345779
mpidb_wholecell,Falciparum,Falciparum_1704282807-0017-R_27,1,primary,seed,0.7010735874601933,1.0
mpidb_wholecell,Falciparum,Falciparum_1704282807-0017-R_28,1,primary,seed,0.3830250776433505,1.0
mpidb_wholecell,Falciparum,Falciparum_1704282807-0017-R_29,1,primary,seed,0.7551475071525726,1.0
mpidb_wholecell,Falciparum,Falciparum_1704282807-0017-R_30,1,primary,seed,0.720344387755102,1.0
mpidb_wholecell,Falciparum,Falciparum_1704282807-0017-R_31,1,primary,seed,0.5751583467525496,0.7880369329586512
mpidb_wholecell,Falciparum,Falciparum_1704282807-0017-R_32,1,primary,seed,0.6083447332421341,0.8281377066955815
mpidb_wholecell,Falciparum,Falciparum_1704282807-0017-R_33,1,primary,seed,0.7142465538847118,0.9858174316658072
mpidb_wholecell,Falciparum,Falciparum_1704282807-0018-R_0,1,primary,seed,0.37135062358276644,0.9447110369288546
mpidb_wholecell,Falciparum,Falciparum_1704282807-0018-R_1,1,primary,seed,0.5516227324263039,0.9103264884030138
mpidb_wholecell,Falciparum,Falciparum_1704282807-0018-R_2,1,primary,seed,0.7123370181405896,1.0
mpidb_wholecell,Falciparum,Falciparum_1704282807-0018-R_3,1,primary,seed,0.43179563492063494,0.9988485895221646
mpidb_wholecell,Falciparum,Falciparum_1704282807-0018-R_4,1,primary,seed,0.8178500566893424,1.0
mpidb_wholecell,Falciparum,Falciparum_1704282807-0018-R_5,1,primary,seed,0.5676374716553289,0.985581188997338
mpidb_wholecell,Falciparum,Falciparum_1704282807-0018-R_6,1,primary,seed,0.5844455295138888,1.0
mpidb_wholecell,Falciparum,Falciparum_1704282807-0018-R_7,1,primary,seed,0.7516298185941043,0.9135548368127021
mpidb_wholecell,Falciparum,Falciparum_1704282807-0018-R_8,1,primary,seed,0.31214569160997735,0.7579787234042553
mpidb_wholecell,Falciparum,Falciparum_1704282807-0018-R_9,1,primary,seed,0.8065830498866213,0.9922145328719724
mpidb_wholecell,Falciparum,Falciparum_1704282807-0018-R_10,1,primary,seed,0.6290036848072562,0.9937913907284768
mpidb_wholecell,Falciparum,Falciparum_1704282807-0018-R_11,1,primary,seed,0.4822948267067572,1.0
mpidb_wholecell,Falciparum,Falciparum_1704282807-0018-R_12,1,primary,seed,0.7319703703703704,0.927878253198059
mpidb_wholecell,Falciparum,Falciparum_1704282807-0018-R_13,1,primary,seed,0.7946782879818595,1.0
mpidb_wholecell,Falciparum,Falciparum_1704282807-0018-R_14,1,primary,seed,0.8027919501133787,1.0
mpidb_wholecell,Falciparum,Falciparum_1704282807-0018-R_15,1,primary,seed,0.6694657029478458,0.9992979992979993
mpidb_wholecell,Falciparum,Falciparum_1704282807-0018-R_16,1,primary,seed,0.5170068027210885,1.0
mpidb_wholecell,Falciparum,Falciparum_1704282807-0018-R_17,1,primary,seed,0.5601261337868481,0.8894939141575913
mpidb_wholecell,Falciparum,Falciparum_1704282807-0018-R_18,1,primary,seed,0.5330374753451677,0.7947530864197531
mpidb_wholecell,Falciparum,Falciparum_1704282807-0019-R_G_0,1,primary,seed,0.2903311965811966,0.8205678835600095
mpidb_wholecell,Falciparum,Falciparum_1704282807-0019-R_G_1,1,primary,seed,0.11107568027210885,0.7590322580645161
mpidb_wholecell,Falciparum,Falciparum_1704282807-0019-R_G_2,1,primary,seed,0.12286484866646688,0.6146341463414634
mpidb_wholecell,Falciparum,Falciparum_1704282807-0019-R_G_3,1,primary,seed,0.6809504827708389,1.0
mpidb_wholecell,Falciparum,Falciparum_1704282807-0019-R_G_4,1,primary,seed,0.6655569007263923,1.0
mpidb_wholecell,Falciparum,Falciparum_1704282807-0019-R_G_5,1,primary,seed,0.09807256235827665,0.4692919075144509
mpidb_wholecell,Falciparum,Falciparum_1704282807-0019-R_G_6,1,primary,seed,0.6915772574203148,0.9381107491856677
mpidb_wholecell,Falciparum,Falciparum_1704282807-0019-R_G_7,1,primary,seed,0.6490575396825397,1.0
mpidb_wholecell,Falciparum,Falciparum_1704282807-0019-R_G_8,1,primary,seed,0.4672264739229025,0.9994934143870314
mpidb_wholecell,Falciparum,Falciparum_1704282807-0019-R_G_9,1,primary,seed,0.5241992630385488,0.9800517177687477
mpidb_wholecell,Falciparum,Falciparum_1704282807-0019-R_G_10,1,primary,seed,0.5487174036281179,0.9184629803186504
mpidb_wholecell,Falciparum,Falciparum_1704282807-0019-R_G_11,1,primary,seed,0.5633333333333334,0.9898066783831283
mpidb_wholecell,Falciparum,Falciparum_1704282807-0019-R_G_12,1,primary,seed,0.8631660997732427,1.0
mpidb_wholecell,Falciparum,Falciparum_1704282807-0019-R_G_13,1,primary,seed,0.8700751133786848,1.0
mpidb_wholecell,Falciparum,Falciparum_1704282807-0019-R_G_14,1,primary,seed,0.9013959750566893,1.0
mpidb_wholecell,Falciparum,Falciparum_1704282807-0019-R_G_15,1,primary,seed,0.5960530045351474,1.0
mpidb_wholecell,Falciparum,Falciparum_1704282807-0019-R_G_16,1,primary,seed,0.5963364512471655,1.0
mpidb_wholecell,Falciparum,Falciparum_1704282807-0019-R_G_17,1,primary,seed,0.6302295684113866,0.9042567298766742
mpidb_wholecell,Falciparum,Falciparum_1704282807-0019-R_G_18,1,primary,seed,0.8231646825396826,1.0
mpidb_wholecell,Falciparum,Falciparum_1704282807-0019-R_G_19,1,primary,seed,0.808000283446712,1.0
mpidb_wholecell,Falciparum,Falciparum_1704282807-0019-R_G_20,1,primary,seed,0.7065263605442177,1.0
mpidb_wholecell,Falciparum,Falciparum_1704282807-0019-R_G_21,1,primary,seed,0.6599348072562359,0.9844789356984479
mpidb_wholecell,Falciparum,Falciparum_1704282807-0019-R_G_22,1,primary,seed,0.14721513605442177,0.5114320096269555
mpidb_wholecell,Falciparum,Falciparum_1704282807-0019-R_G_23,1,primary,seed,0.5043579931972789,0.9673180592991913
mpidb_wholecell,Falciparum,Falciparum_1704282807-0019-R_G_24,1,primary,seed,0.05300453514739229,0.7466577540106952
mpidb_wholecell,Falciparum,Falciparum_1704282807-0019-R_G_25,1,primary,seed,0.7664753401360545,0.9972451790633609
mpidb_wholecell,Falciparum,Falciparum_1704282807-0019-R_G_26,1,primary,seed,0.33776218820861675,0.8742818519770192
mpidb_wholecell,Falciparum,Falciparum_1704282807-0019-R_G_27,1,primary,seed,0.07603458049886622,0.4790307548928239
mpidb_wholecell,Falciparum,Falciparum_1704282807-0019-R_G_28,1,primary,seed,0.5768849206349206,0.9098360655737705
mpidb_wholecell,Falciparum,Falciparum_1704282807-0019-R_G_29,1,primary,seed,0.7909226190476191,1.0
mpidb_wholecell,Falciparum,Falciparum_1704282807-0019-R_G_30,1,primary,seed,0.8219600340136054,1.0
mpidb_wholecell,Falciparum,Falciparum_1704282807-0019-R_G_31,1,primary,seed,0.7852536848072562,1.0
mpidb_wholecell,Falciparum,Falciparum_1704282807-0019-R_G_32,1,primary,seed,0.5903486394557823,0.9297025878717652
mpidb_wholecell,Falciparum,Falciparum_1704282807-0019-R_G_33,1,primary,seed,0.16833191609977324,0.17890970322037467
mpidb_wholecell,Falciparum,Falciparum_1704282807-0019-R_G_34,1,primary,seed,0.33783304988662133,0.7929767251939567
mpidb_wholecell,Falciparum,Falciparum_1704282807-0019-R_G_35,1,primary,seed,0.6380385487528345,0.9097254536993951
mpidb_wholecell,Falciparum,Falciparum_1704282807-0019-R_G_36,1,primary,seed,0.7483347505668935,1.0
mpidb_wholecell,Falciparum,Falciparum_1704282807-0019-R_G_37,1,primary,seed,0.8182752267573696,0.8329304324469514
mpidb_wholecell,Falciparum,Falciparum_1704282807-0019-R_G_38,1,primary,seed,0.8311366213151927,1.0
mpidb_wholecell,Falciparum,Falciparum_1704282807-0019-R_G_39,1,primary,seed,0.7973356009070295,1.0
mpidb_wholecell,Falciparum,Falciparum_1704282807-0019-R_G_40,1,primary,seed,0.49725651577503427,0.7121107266435986
mpidb_wholecell,Falciparum,Falciparum_1704282807-0020-R_T_S_0,1,primary,seed,0.485058453649156,0.8706282884555865
mpidb_wholecell,Falciparum,Falciparum_1704282807-0020-R_T_S_1,1,primary,seed,0.488499452354874,1.0
mpidb_wholecell,Falciparum,Falciparum_1704282807-0020-R_T_S_2,1,primary,seed,0.5825793184488837,0.9996839443742098
mpidb_wholecell,Falciparum,Falciparum_1704282807-0020-R_T_S_3,1,primary,seed,0.5682955967686881,1.0
mpidb_wholecell,Falciparum,Falciparum_1704282807-0020-R_T_S_4,1,primary,seed,0.4957482993197279,1.0
mpidb_wholecell,Falciparum,Falciparum_1704282807-0020-R_T_S_5,1,primary,seed,0.4919874240713043,1.0
mpidb_wholecell,Falciparum,Falciparum_1704282807-0020-R_T_S_6,1,primary,seed,0.44082428292954606,0.9583157003808718
mpidb_wholecell,Falciparum,Falciparum_1704282807-0020-R_T_S_7,1,primary,seed,0.474473713835416,0.9310344827586207
mpidb_wholecell,Falciparum,Falciparum_1704282807-0020-R_T_S_8,1,primary,seed,0.4850932936722553,0.9399238639067333
mpidb_wholecell,Falciparum,Falciparum_1704282807-0020-R_T_S_9,1,primary,seed,0.46280868344829645,1.0
mpidb_wholecell,Falciparum,Falciparum_1704282807-0020-R_T_S_10,1,primary,seed,0.4707560199363478,1.0
mpidb_wholecell,Falciparum,Falciparum_1704282807-0020-R_T_S_11,1,primary,seed,0.5816680839002267,0.9865638218462304
mpidb_wholecell,Falciparum,Falciparum_1704282807-0020-R_T_S_12,1,primary,seed,0.5138123403683291,1.0
mpidb_wholecell,Falciparum,Falciparum_1704282807-0020-R_T_S_13,1,primary,seed,0.4729,1.0
mpidb_wholecell,Falciparum,Falciparum_1704282807-0021-T_G_R_0,1,primary,seed,0.4525394477317554,1.0
mpidb_wholecell,Falciparum,Falciparum_1704282807-0021-T_G_R_1,1,primary,seed,0.5125070861678005,0.9991956565453448
mpidb_wholecell,Falciparum,Falciparum_1704282807-0021-T_G_R_2,1,primary,seed,0.5944429421308816,1.0
mpidb_wholecell,Falciparum,Falciparum_1704282807-0021-T_G_R_3,1,primary,seed,0.5738835543362293,1.0
mpidb_wholecell,Falciparum,Falciparum_1704282807-0021-T_G_R_4,1,primary,seed,0.21503418549346018,0.8858447488584474
mpidb_wholecell,Falciparum,Falciparum_1704282807-0021-T_G_R_5,1,primary,seed,0.5514275885792914,1.0
mpidb_wholecell,Falciparum,Falciparum_1704282807-0021-T_G_R_6,1,primary,seed,0.5095917520508155,1.0
mpidb_wholecell,Falciparum,Falciparum_1704282807-0021-T_G_R_7,1,primary,seed,0.5095917520508155,1.0
mpidb_wholecell,Falciparum,Falciparum_1704282807-0021-T_G_R_8,1,primary,seed,0.4728061080214912,1.0
mpidb_wholecell,Falciparum,Falciparum_1704282807-0021-T_G_R_9,1,primary,seed,0.6114649681528662,1.0
mpidb_wholecell,Falciparum,Falciparum_1704282807-0021-T_G_R_10,1,primary,seed,0.4660585141354372,1.0
mpidb_wholecell,Falciparum,Falciparum_1704282807-0021-T_G_R_11,1,primary,seed,0.4839286284273357,0.9626407369498464
mpidb_wholecell,Falciparum,Falciparum_1704282807-0021-T_G_R_12,1,primary,seed,0.4285850314225862,0.9908592321755028
mpidb_wholecell,Falciparum,Falciparum_1704282807-0021-T_G_R_13,1,primary,seed,0.4275376118834508,0.9993489583333334
mpidb_wholecell,Falciparum,Falciparum_1704282807-0021-T_G_R_14,1,primary,seed,0.41023931949469944,1.0
mpidb_wholecell,Falciparum,Falciparum_1704282807-0021-T_G_R_15,1,primary,seed,0.5982467532467532,1.0
mpidb_wholecell,Falciparum,Falciparum_1704282807-0021-T_G_R_16,1,primary,seed,0.608303606817281,0.9839175257731959
mpidb_wholecell,Falciparum,Falciparum_1704282807-0021-T_G_R_17,1,primary,seed,0.5038265306122449,0.945422010140173
mpidb_wholecell,Malariae,Malariae_1312132815-0001-G_0,1,primary,seed,0.46225695186349625,0.9516223042549058
mpidb_wholecell,Malariae,Malariae_1312132815-0002-T_0,1,primary,seed,0.6167091836734694,0.9970838941229251
mpidb_wholecell,Malariae,Malariae_1312132815-0003-G_0,1,primary,seed,0.47237543666115095,0.9876762649603034
mpidb_wholecell,Malariae,Malariae_1312132815-0004-G_0,1,primary,seed,0.4650943396226415,0.9956656346749226
mpidb_wholecell,Malariae,Malariae_1312132815-0005-G_0,1,primary,seed,0.2907761921336582,0.8742040129760904
mpidb_wholecell,Malariae,Malariae_1312132815-0008-G_0,1,primary,seed,0.4688427875565216,0.9899449982811963
mpidb_wholecell,Malariae,Malariae_1312132815-0008-G_1,1,primary,seed,0.5158852296433091,0.9495440729483283
mpidb_wholecell,Malariae,Malariae_1312132815-0009-G_0,1,primary,seed,0.4494444444444444,1.0
mpidb_wholecell,Malariae,Malariae_1312132815-0010-T_0,1,primary,seed,0.30868007925621094,0.9838199974718747
mpidb_wholecell,Malariae,Malariae_1312132815-0011-S_0,1,primary,seed,0.4582349946781434,0.9949901320783361
mpidb_wholecell,Malariae,Malariae_1312132815-0012-S_0,1,primary,seed,0.3174025974025974,0.9925171736997056
mpidb_wholecell,Malariae,Malariae_1312132815-0013-S_0,1,primary,seed,0.43836477987421385,0.9840759882665177
mpidb_wholecell,Malariae,Malariae_1312132815-0014-S_0,1,primary,seed,0.46101256467110124,0.974098877289738
mpidb_wholecell,Malariae,Malariae_1312132815-0015-S_0,1,primary,seed,0.30622738525995047,0.9984915293571595
mpidb_wholecell,Malariae,Malariae_1312132815-0015-S_1,1,primary,seed,0.44662228796844183,1.0
mpidb_wholecell,Malariae,Malariae_1312132815-0016-T_0,1,primary,seed,0.4570178063743828,0.9714489650249821
mpidb_wholecell,Malariae,Malariae_1312132815-0017-T_0,1,primary,seed,0.3415718634834161,0.9705150976909414
mpidb_wholecell,Malariae,Malariae_1401063467-0001-S_0,1,primary,seed,0.5707921854873336,0.9429984942998494
mpidb_wholecell,Malariae,Malariae_1401063467-0002-T_0,1,primary,seed,0.21541873907783304,0.9946573323507738
mpidb_wholecell,Malariae,Malariae_1401063467-0003-T_0,1,primary,seed,0.28161227994847576,0.9947078746824725
mpidb_wholecell,Malariae,Malariae_1401063467-0004-R_T_0,1,primary,seed,0.5737964030928275,0.9994070560332049
mpidb_wholecell,Malariae,Malariae_1401063467-0004-R_T_1,1,primary,seed,0.36322188449848025,0.8613556953179595
mpidb_wholecell,Malariae,Malariae_1401063467-0005-T_0,1,primary,seed,0.5542188452699217,1.0
mpidb_wholecell,Malariae,Malariae_1401063467-0006-T_0,1,primary,seed,0.48282923755513546,1.0
mpidb_wholecell,Malariae,Malariae_1401063467-0007-S_0,1,primary,seed,0.4091285162713734,0.9010852362649785
mpidb_wholecell,Malariae,Malariae_1401063467-0008-S_0,1,primary,seed,0.4519106912838128,0.9161748765506443
mpidb_wholecell,Malariae,Malariae_1401063467-0009-T_0,1,primary,seed,0.4598729594973021,1.0
mpidb_wholecell,Malariae,Malariae_1401063467-0010-T_0,1,primary,seed,0.4137092316196794,0.9489726493400462
mpidb_wholecell,Malariae,Malariae_1401063467-0011-G_0,1,primary,seed,0.44225290379136534,0.9897812836141986
mpidb_wholecell,Malariae,Malariae_1401063467-0012-S_0,1,primary,seed,0.49110685941043086,0.9866335951495108
mpidb_wholecell,Malariae,Malariae_1401063467-0013-T_0,1,primary,seed,0.5284644932532256,0.9059753954305799
mpidb_wholecell,Malariae,Malariae_1401080976-0001-T_0,1,primary,seed,0.52805,0.9905623279591034
mpidb_wholecell,Malariae,Malariae_1401080976-0002-T_0,1,primary,seed,0.5248724489795918,0.9973664409330324
mpidb_wholecell,Malariae,Malariae_1401080976-0003-T_0,1,primary,seed,0.3182638888888889,0.8943745549489674
mpidb_wholecell,Malariae,Malariae_1401080976-0003-T_1,1,primary,seed,0.3781533446712018,0.9850849330203011
mpidb_wholecell,Malariae,Malariae_1401080976-0004-T_0,1,primary,seed,0.38920382968002015,1.0
mpidb_wholecell,Malariae,Malariae_1401080976-0005-T_0,1,primary,seed,0.44979450113378683,0.9805705853418594
mpidb_wholecell,Malariae,Malariae_1401080976-0005-T_1,1,primary,seed,0.4499502535853818,0.9497444633730835
mpidb_wholecell,Malariae,Malariae_1401080976-0006-T_0,1,primary,seed,0.5838812184966031,1.0
mpidb_wholecell,Malariae,Malariae_1401080976-0007-T_0,1,primary,seed,0.6662060657596371,0.9965916007303712
mpidb_wholecell,Malariae,Malariae_1401080976-0008-T_0,1,primary,seed,0.5639952153110048,1.0
mpidb_wholecell,Malariae,Malariae_1401080976-0009-S_T_0,1,primary,seed,0.3944991550608939,1.0
mpidb_wholecell,Malariae,Malariae_1401080976-0009-S_T_1,1,primary,seed,0.6910803537101115,0.9609882964889467
mpidb_wholecell,Ovale,Ovale_1707180816-0001-G_R_0,1,primary,seed,0.6109044531831226,0.9818106081643988
mpidb_wholecell,Ovale,Ovale_1707180816-0001-G_R_1,1,primary,seed,0.46815,0.97663772691397
mpidb_wholecell,Ovale,Ovale_1707180816-0002-T_0,1,primary,seed,0.46616012382158434,0.9977172015576742
mpidb_wholecell,Ovale,Ovale_1707180816-0003-T_0,1,primary,seed,0.4282487504805844,0.9914980944004691
mpidb_wholecell,Ovale,Ovale_1707180816-0004-R_0,1,primary,seed,0.5408760997922939,1.0
mpidb_wholecell,Ovale,Ovale_1707180816-0005-T_0,1,primary,seed,0.5970865885416666,1.0
mpidb_wholecell,Ovale,Ovale_1707180816-0006-T_0,1,primary,seed,0.570897466256216,1.0
mpidb_wholecell,Ovale,Ovale_1707180816-0007-T_0,1,primary,seed,0.5913073159631358,1.0
mpidb_wholecell,Ovale,Ovale_1707180816-0008-G_0,1,primary,seed,0.6731228298611112,0.9605270795843733
mpidb_wholecell,Ovale,Ovale_1707180816-0009-T_0,1,primary,seed,0.602858417040073,0.9724846676611968
mpidb_wholecell,Ovale,Ovale_1707180816-0010-T_0,1,primary,seed,0.501461447387894,1.0
mpidb_wholecell,Ovale,Ovale_1707180816-0011-R_T_0,1,primary,seed,0.42560442386831276,0.9680753330271015
mpidb_wholecell,Ovale,Ovale_1707180816-0012-T_R_0,1,primary,seed,0.5733313694133491,0.988086413216139
mpidb_wholecell,Ovale,Ovale_1707180816-0012-T_R_1,1,primary,seed,0.4925232892158179,1.0
mpidb_wholecell,Ovale,Ovale_1707180816-0013-T_0,1,primary,seed,0.47540749553837003,1.0
mpidb_wholecell,Ovale,Ovale_1707180816-0015-T_0,1,primary,seed,0.46210612880886426,0.9908522230443264
mpidb_wholecell,Ovale,Ovale_1707180816-0016-R_0,1,primary,seed,0.5629316106036979,1.0
mpidb_wholecell,Ovale,Ovale_1707180816-0017-G_0,1,primary,seed,0.6117073170731707,0.908976046327981
mpidb_wholecell,Ovale,Ovale_1707180816-0018-G_0,1,primary,seed,0.5338159094878612,0.9963156278784158
mpidb_wholecell,Ovale,Ovale_1707180816-0019-S_0,1,primary,seed,0.16976704857734748,0.9561923999495013
mpidb_wholecell,Ovale,Ovale_1707180816-0020-R_T_0,1,primary,seed,0.45733730036592457,1.0
mpidb_wholecell,Ovale,Ovale_1707180816-0020-R_T_1,1,primary,seed,0.5458769837153822,0.9992731897883165
mpidb_wholecell,Ovale,Ovale_1708161076-0001-R_0,1,primary,seed,0.39209735229506304,1.0
mpidb_wholecell,Ovale,Ovale_1708161076-0002-R_0,1,primary,seed,0.6195274122413855,0.9898092500653253
mpidb_wholecell,Ovale,Ovale_1708161076-0003-R_0,1,primary,seed,0.43634222919937204,1.0
mpidb_wholecell,Ovale,Ovale_1708161076-0004-R_0,1,primary,seed,0.5112539099687202,1.0
mpidb_wholecell,Ovale,Ovale_1708161076-0005-G_0,1,primary,seed,0.4556932483838596,1.0
mpidb_wholecell,Ovale,Ovale_1708161076-0006-R_0,1,primary,seed,0.5294359576968273,1.0
mpidb_wholecell,Ovale,Ovale_1708161076-0006-R_1,1,primary,seed,0.49133922162229643,0.9948290721057167
mpidb_wholecell,Ovale,Ovale_1708161076-0007-R_0,1,primary,seed,0.4323115577889447,1.0
mpidb_wholecell,Ovale,Ovale_1708161076-0008-G_0,1,primary,seed,0.469726368159204,0.992983994737996
mpidb_wholecell,Ovale,Ovale_1708161076-0009-R_0,1,primary,seed,0.515974039944064,1.0
mpidb_wholecell,Ovale,Ovale_1708161076-0010-G_0,1,primary,seed,0.6085767191313862,0.9718268951495789
mpidb_wholecell,Vivax,Vivax_1703121298-0001-G_R_0,1,primary,seed,0.5383405821344931,0.9809548387096774
mpidb_wholecell,Vivax,Vivax_1703121298-0001-G_R_1,1,primary,seed,0.5359835988311811,0.986900941659214
mpidb_wholecell,Vivax,Vivax_1703121298-0001-G_R_2,1,primary,seed,0.5503308707678303,0.9967992684042066
mpidb_wholecell,Vivax,Vivax_1703121298-0002-S_0,1,primary,seed,0.5223,0.9047496526527041
mpidb_wholecell,Vivax,Vivax_1703121298-0003-R_0,1,primary,seed,0.6581529775507461,1.0
mpidb_wholecell,Vivax,Vivax_1703121298-0004-R_0,1,primary,seed,0.5783342470044639,1.0
mpidb_wholecell,Vivax,Vivax_1703121298-0005-R_0,1,primary,seed,0.4658631055613366,1.0
mpidb_wholecell,Vivax,Vivax_1703121298-0006-R_0,1,primary,seed,0.5129266599006463,1.0
mpidb_wholecell,Vivax,Vivax_1703121298-0006-R_1,1,primary,seed,0.5350925925925926,1.0
mpidb_wholecell,Vivax,Vivax_1703121298-0007-R_0,1,primary,seed,0.5445679012345679,1.0
mpidb_wholecell,Vivax,Vivax_1703121298-0008-G_0,1,primary,seed,0.5186915232364039,0.9806969514175676
mpidb_wholecell,Vivax,Vivax_1703121298-0009-R_0,1,primary,seed,0.41514980921999123,1.0
mpidb_wholecell,Vivax,Vivax_1703121298-0010-G_0,1,primary,seed,0.34957317280549605,0.9976417512560238
mpidb_wholecell,Vivax,Vivax_1703121298-0010-G_1,1,primary,seed,0.4352709190672154,0.9753751059269229
mpidb_wholecell,Vivax,Vivax_1703121298-0011-R_0,1,primary,seed,0.573904,0.9987745848906318
mpidb_wholecell,Vivax,Vivax_1703121298-0012-G_R_0,1,primary,seed,0.6387914540816326,0.8912205034628623
mpidb_wholecell,Vivax,Vivax_1703121298-0012-G_R_1,1,primary,seed,0.5001045119292902,0.8963925457343136
mpidb_wholecell,Vivax,Vivax_1703121298-0015-R_0,1,primary,seed,0.5210437710437711,1.0
mpidb_wholecell,Vivax,Vivax_1703121298-0015-R_1,1,primary,seed,0.5198063840920983,0.9628999319264806
mpidb_wholecell,Vivax,Vivax_1703121298-0015-R_2,1,primary,seed,0.4501281791810025,0.9255010866940353
mpidb_wholecell,Vivax,Vivax_1703121298-0015-R_3,1,primary,seed,0.4650046294708686,0.8945992155285125
mpidb_wholecell,Vivax,Vivax_1703121298-0015-R_4,1,primary,seed,0.538250236294896,1.0
mpidb_wholecell,Vivax,Vivax_1703121298-0016-G_0,1,primary,seed,0.5997807017543859,0.782325050800328
mpidb_wholecell,Vivax,Vivax_1703121298-0016-G_1,1,primary,seed,0.5908426807427656,0.9032088625728202
mpidb_wholecell,Vivax,Vivax_1703121298-0017-R_0,1,primary,seed,0.5432285659361784,0.9358855015126832
mpidb_wholecell,Vivax,Vivax_1703121298-0017-R_1,1,primary,seed,0.48983190961697437,1.0
mpidb_wholecell,Vivax,Vivax_1709041080-0013-R_0,1,primary,seed,0.5356673241288626,0.986306338986125
mpidb_wholecell,Vivax,Vivax_1709041080-0014-R_0,1,primary,seed,0.5352489041013632,0.945699143905422
mpidb_wholecell,Vivax,Vivax_1709041080-0015-R_0,1,primary,seed,0.4614767543492056,0.9457193292144749
mpidb_wholecell,Vivax,Vivax_1709041080-0016-S_0,1,primary,seed,0.5322563503029015,0.7687161516406499
mpidb_wholecell,Vivax,Vivax_1709041080-0017-R_0,1,primary,seed,0.5786113090995486,0.9327485380116959
mpidb_wholecell,Vivax,Vivax_1709041080-0018-R_0,1,primary,seed,0.4533567097669662,0.9489207447684956
mpidb_wholecell,Vivax,Vivax_1709041080-0018-R_1,1,primary,seed,0.5081335134526624,1.0
mpidb_wholecell,Vivax,Vivax_1709041080-0019-R_0,1,primary,seed,0.5103099173553719,0.9427991886409737
mpidb_wholecell,Vivax,Vivax_1709041080-0020-R_0,1,primary,seed,0.44927285318559557,1.0
mpidb_wholecell,Vivax,Vivax_1709041080-0020-R_1,1,primary,seed,0.46611602753195674,0.9752072020577308
mpidb_wholecell,Vivax,Vivax_1709041080-0021-R_T_0,1,primary,seed,0.17040666645859992,0.9569321533923304
mpidb_wholecell,Vivax,Vivax_1709041080-0021-R_T_1,1,primary,seed,0.4990741058262748,0.8625936329588015
mpidb_wholecell,Vivax,Vivax_1709041080-0022-T_0,1,primary,seed,0.5683616566377924,0.8724429022735511
mpidb_wholecell,Vivax,Vivax_1709041080-0023-R_0,1,primary,seed,0.5788271604938272,0.9388960205391528
mpidb_wholecell,Vivax,Vivax_1709041080-0023-R_1,1,primary,seed,0.45377376246941464,0.9764165235834764
mpidb_wholecell,Vivax,Vivax_1709041080-0024-R_0,1,primary,seed,0.5043856332703214,0.9488283723875871
mpidb_wholecell,Vivax,Vivax_1709041080-0024-R_1,1,primary,seed,0.5147040341837376,0.8898277004638834
mpidb_wholecell,Vivax,Vivax_1709041080-0025-R_T_0,1,primary,seed,0.5516107823800132,0.9950513894175866
mpidb_wholecell,Vivax,Vivax_1709041080-0025-R_T_1,1,primary,seed,0.4339,0.9983203359328134
mpidb_wholecell,Vivax,Vivax_1709041080-0025-R_T_2,1,primary,seed,0.4758577443339604,0.9571175950486295
mpidb_wholecell,Vivax,Vivax_1709041080-0025-R_T_3,1,primary,seed,0.40459983934384647,1.0
mpidb_wholecell,Vivax,Vivax_1709041080-0027-R_0,1,primary,seed,0.6210543182182342,1.0
mpidb_wholecell,Vivax,Vivax_1709041080-0027-R_1,1,primary,seed,0.6094339622641509,1.0
mpidb_wholecell,Vivax,Vivax_1709041080-0027-R_2,1,primary,seed,0.4943628201203959,1.0
mpidb_wholecell,Vivax,Vivax_1709041080-0027-R_3,1,primary,seed,0.4943628201203959,1.0
mpidb_wholecell,Vivax,Vivax_1709041080-0028-T_0,1,primary,seed,0.4473741319444444,0.9584026622296173
mpidb_wholecell,Vivax,Vivax_1709041080-0029-T_0,1,primary,seed,0.4176672061424969,0.6937531457972149
mpidb_wholecell,Vivax,Vivax_1709041080-0030-S_0,1,primary,seed,0.5589569160997733,0.9808476588715089
mpidb_wholecell,Vivax,Vivax_1709041080-0031-S_0,1,primary,seed,0.5247180000417005,0.9251341148420426
mpidb_wholecell,Vivax,Vivax_1709041080-0032-S_0,1,primary,seed,0.5199568500539374,0.8320026147452958
mpidb_wholecell,Vivax,Vivax_1709041080-0032-S_1,1,primary,seed,0.6780924287118978,0.8155857214680744
mpidb_wholecell,Vivax,Vivax_1709041080-0033-S_0,1,primary,seed,0.4403662665435519,0.9536667689475299
mpidb_wholecell,Vivax,Vivax_1709041080-0034-R_0,1,primary,seed,0.4338089575901704,1.0
mpidb_wholecell,Vivax,Vivax_1709041080-0035-S_0,1,primary,seed,0.3464513648596694,0.9532598714416897
mpidb_wholecell,Vivax,Vivax_1709041080-0036-S_R_0,1,primary,seed,0.43804573035370725,0.9846065838057101
mpidb_wholecell,Vivax,Vivax_1709041080-0036-S_R_1,1,primary,seed,0.4982741617357002,0.9958741619391439
mpidb_wholecell,Vivax,Vivax_1709041080-0037-S_0,1,primary,seed,0.49714370659814394,0.8600806976441494
mpidb_wholecell,Vivax,Vivax_1709041080-0038-S_0,1,primary,seed,0.4341614906832298,1.0
