cell_id,species,stage,framing,host_limit_px,host_side,parasite_side,crop_side
Falciparum_1305121398-0001-R_S_0,Falciparum,ring,host_cell,196,114,76,137
Falciparum_1305121398-0001-R_S_1,Falciparum,schizont,host_cell,196,114,113,142
Falciparum_1305121398-0001-R_S_2,Falciparum,ring,host_cell,196,120,84,144
Falciparum_1305121398-0003-R_0,Falciparum,ring,host_cell,196,115,89,142
Falciparum_1305121398-0004-R_0,Falciparum,ring,host_cell,196,128,73,166
Falciparum_1305121398-0004-R_1,Falciparum,ring,host_cell,196,123,92,159
Falciparum_1305121398-0005-T_0,Falciparum,trophozoite,host_cell,196,125,108,168
Falciparum_1305121398-0006-R_0,Falciparum,ring,host_cell,196,132,89,159
Falciparum_1305121398-0007-R_0,Falciparum,ring,host_cell,196,181,88,222
Falciparum_1305121398-0008-R_0,Falciparum,ring,host_cell,196,118,98,150
Falciparum_1305121398-0010-S_0,Falciparum,schizont,host_cell,196,125,122,150
Falciparum_1305121398-0011-S_0,Falciparum,schizont,host_cell,196,113,109,136
Falciparum_1305121398-0012-S_0,Falciparum,schizont,host_cell,196,145,141,174
Falciparum_1305121398-0013-S_0,Falciparum,schizont,host_cell,196,116,114,140
Falciparum_1305121398-0014-S_0,Falciparum,schizont,host_cell,196,120,115,146
Falciparum_1305121398-0015-S_0,Falciparum,schizont,fallback_clump,196,233,134,168
Falciparum_1305121398-0016-S_0,Falciparum,schizont,host_cell,196,116,114,140
Falciparum_1305121398-0017-R_0,Falciparum,ring,host_cell,196,89,70,111
Falciparum_1305121398-0018-S_0,Falciparum,schizont,host_cell,196,121,120,146
Falciparum_1305121398-0019-R_0,Falciparum,ring,host_cell,196,131,164,196
Falciparum_1305121398-0020-S_0,Falciparum,schizont,host_cell,196,105,102,126
Falciparum_1305121398-0021-S_0,Falciparum,schizont,host_cell,196,174,173,209
Falciparum_1305121398-0022-S_0,Falciparum,schizont,fallback_clump,196,302,117,168
Falciparum_1307210661-0001-R_0,Falciparum,ring,host_cell,196,186,54,224
Falciparum_1307210661-0001-R_1,Falciparum,ring,fallback_clump,196,207,45,168
Falciparum_1307210661-0001-R_2,Falciparum,ring,fallback_clump,196,208,61,168
Falciparum_1307210661-0001-R_3,Falciparum,ring,host_cell,196,191,74,229
Falciparum_1307210661-0001-R_4,Falciparum,ring,host_cell,196,123,68,148
Falciparum_1307210661-0001-R_5,Falciparum,ring,fallback_clump,196,202,57,168
Falciparum_1307210661-0001-R_6,Falciparum,ring,host_cell,196,141,64,170
Falciparum_1307210661-0001-R_7,Falciparum,ring,host_cell,196,171,76,206
Falciparum_1307210661-0001-R_8,Falciparum,ring,host_cell,196,179,69,215
Falciparum_1307210661-0001-R_9,Falciparum,ring,fallback_clump,196,198,75,168
Falciparum_1307210661-0001-R_10,Falciparum,ring,host_cell,196,178,63,228
Falciparum_1307210661-0001-R_11,Falciparum,ring,host_cell,196,177,66,213
Falciparum_1307210661-0001-R_12,Falciparum,ring,host_cell,196,172,70,206
Falciparum_1307210661-0001-R_13,Falciparum,ring,host_cell,196,144,67,184
Falciparum_1307210661-0001-R_14,Falciparum,ring,host_cell,196,178,66,214
Falciparum_1307210661-0001-R_15,Falciparum,ring,host_cell,196,165,61,198
Falciparum_1307210661-0001-R_16,Falciparum,ring,fallback_clump,196,303,67,168
Falciparum_1307210661-0001-R_17,Falciparum,ring,fallback_clump,196,321,64,168
Falciparum_1307210661-0001-R_18,Falciparum,ring,host_cell,196,180,68,216
Falciparum_1307210661-0001-R_19,Falciparum,ring,host_cell,196,171,77,206
Falciparum_1307210661-0001-R_20,Falciparum,ring,host_cell,196,146,65,176
Falciparum_1307210661-0001-R_21,Falciparum,ring,host_cell,196,164,64,196
Falciparum_1307210661-0001-R_22,Falciparum,ring,host_cell,196,135,57,162
Falciparum_1307210661-0001-R_23,Falciparum,ring,host_cell,196,130,59,156
Falciparum_1307210661-0001-R_24,Falciparum,ring,host_cell,196,170,71,214
Falciparum_1307210661-0001-R_25,Falciparum,ring,host_cell,196,139,74,167
Falciparum_1307210661-0001-R_26,Falciparum,ring,host_cell,196,168,73,202
Falciparum_1307210661-0001-R_27,Falciparum,ring,host_cell,196,133,78,174
Falciparum_1307210661-0001-R_28,Falciparum,ring,fallback_clump,196,219,77,168
Falciparum_1307210661-0001-R_29,Falciparum,ring,fallback_clump,196,253,67,168
Falciparum_1307210661-0001-R_30,Falciparum,ring,fallback_clump,196,233,58,168
Falciparum_1307210661-0002-R_0,Falciparum,ring,host_cell,196,172,85,206
Falciparum_1307210661-0002-R_1,Falciparum,ring,fallback_clump,196,222,79,168
Falciparum_1307210661-0002-R_2,Falciparum,ring,host_cell,196,158,54,190
Falciparum_1307210661-0002-R_3,Falciparum,ring,host_cell,196,149,75,190
Falciparum_1307210661-0002-R_4,Falciparum,ring,host_cell,196,147,55,177
Falciparum_1307210661-0002-R_5,Falciparum,ring,fallback_clump,196,198,81,168
Falciparum_1307210661-0002-R_6,Falciparum,ring,host_cell,196,144,79,178
Falciparum_1307210661-0002-R_7,Falciparum,ring,host_cell,196,187,72,225
Falciparum_1307210661-0002-R_8,Falciparum,ring,host_cell,196,134,65,174
Falciparum_1307210661-0002-R_9,Falciparum,ring,fallback_clump,196,197,63,168
Falciparum_1307210661-0002-R_10,Falciparum,ring,host_cell,196,173,55,207
Falciparum_1307210661-0002-R_11,Falciparum,ring,host_cell,196,150,76,180
Falciparum_1307210661-0002-R_12,Falciparum,ring,fallback_clump,196,261,74,168
Falciparum_1307210661-0002-R_13,Falciparum,ring,host_cell,196,141,80,169
Falciparum_1307210661-0002-R_14,Falciparum,ring,fallback_clump,196,215,61,168
Falciparum_1307210661-0002-R_15,Falciparum,ring,host_cell,196,191,54,229
Falciparum_1307210661-0002-R_16,Falciparum,ring,host_cell,196,190,76,228
Falciparum_1307210661-0002-R_17,Falciparum,ring,host_cell,196,155,76,196
Falciparum_1307210661-0002-R_18,Falciparum,ring,host_cell,196,142,71,170
Falciparum_1307210661-0002-R_19,Falciparum,ring,host_cell,196,178,76,214
Falciparum_1307210661-0002-R_20,Falciparum,ring,host_cell,196,163,66,195
Falciparum_1307210661-0002-R_21,Falciparum,ring,host_cell,196,158,65,190
Falciparum_1307210661-0002-R_22,Falciparum,ring,fallback_clump,196,199,69,168
Falciparum_1307210661-0002-R_23,Falciparum,ring,host_cell,196,151,56,182
Falciparum_1307210661-0002-R_24,Falciparum,ring,host_cell,196,139,63,166
Falciparum_1307210661-0003-R_0,Falciparum,ring,host_cell,196,156,85,188
Falciparum_1307210661-0003-R_1,Falciparum,ring,host_cell,196,143,80,171
Falciparum_1307210661-0003-R_2,Falciparum,ring,fallback_clump,196,232,82,168
Falciparum_1307210661-0003-R_3,Falciparum,ring,host_cell,196,176,72,212
Falciparum_1307210661-0003-R_4,Falciparum,ring,host_cell,196,178,72,214
Falciparum_1307210661-0003-R_5,Falciparum,ring,fallback_clump,196,331,70,168
Falciparum_1307210661-0003-R_6,Falciparum,ring,fallback_clump,196,214,62,168
Falciparum_1307210661-0003-R_7,Falciparum,ring,fallback_clump,196,299,78,168
Falciparum_1307210661-0003-R_8,Falciparum,ring,host_cell,196,133,65,165
Falciparum_1307210661-0003-R_9,Falciparum,ring,fallback_clump,196,304,85,168
Falciparum_1307210661-0003-R_10,Falciparum,ring,fallback_clump,196,373,74,168
Falciparum_1307210661-0003-R_11,Falciparum,ring,host_cell,196,129,76,177
Falciparum_1307210661-0003-R_12,Falciparum,ring,host_cell,196,128,76,156
Falciparum_1307210661-0003-R_13,Falciparum,ring,host_cell,196,129,94,155
Falciparum_1307210661-0003-R_14,Falciparum,ring,host_cell,196,157,69,191
Falciparum_1307210661-0003-R_15,Falciparum,ring,host_cell,196,148,66,180
Falciparum_1307210661-0003-R_16,Falciparum,ring,host_cell,196,135,86,165
Falciparum_1307210661-0003-R_17,Falciparum,ring,host_cell,196,158,80,190
Falciparum_1307210661-0003-R_18,Falciparum,ring,fallback_clump,196,233,74,168
Falciparum_1307210661-0003-R_19,Falciparum,ring,host_cell,196,184,71,221
Falciparum_1307210661-0003-R_20,Falciparum,ring,fallback_clump,196,283,75,168
Falciparum_1307210661-0003-R_21,Falciparum,ring,host_cell,196,133,68,160
Falciparum_1307210661-0003-R_22,Falciparum,ring,host_cell,196,138,94,192
Falciparum_1307210661-0003-R_23,Falciparum,ring,host_cell,196,169,77,203
Falciparum_1307210661-0003-R_24,Falciparum,ring,host_cell,196,133,55,160
Falciparum_1307210661-0003-R_25,Falciparum,ring,host_cell,196,176,89,212
Falciparum_1307210661-0003-R_26,Falciparum,ring,host_cell,196,11,87,105
Falciparum_1307210661-0003-R_27,Falciparum,ring,host_cell,196,136,80,164
Falciparum_1307210661-0003-R_28,Falciparum,ring,fallback_clump,196,238,104,168
Falciparum_1307210661-0003-R_29,Falciparum,ring,fallback_clump,196,250,76,168
Falciparum_1307210661-0004-R_0,Falciparum,ring,fallback_clump,196,219,70,168
Falciparum_1307210661-0004-R_1,Falciparum,ring,fallback_clump,196,291,75,168
Falciparum_1307210661-0004-R_2,Falciparum,ring,host_cell,196,127,71,153
Falciparum_1307210661-0004-R_3,Falciparum,ring,fallback_clump,196,312,72,168
Falciparum_1307210661-0004-R_4,Falciparum,ring,fallback_clump,196,227,75,168
Falciparum_1307210661-0004-R_5,Falciparum,ring,host_cell,196,140,72,174
Falciparum_1307210661-0004-R_6,Falciparum,ring,host_cell,196,183,71,220
Falciparum_1307210661-0004-R_7,Falciparum,ring,fallback_clump,196,382,68,168
Falciparum_1307210661-0004-R_8,Falciparum,ring,host_cell,196,191,68,230
Falciparum_1307210661-0004-R_9,Falciparum,ring,fallback_clump,196,219,66,168
Falciparum_1307210661-0004-R_10,Falciparum,ring,fallback_clump,196,239,63,168
Falciparum_1307210661-0004-R_11,Falciparum,ring,fallback_clump,196,246,74,168
Falciparum_1307210661-0004-R_12,Falciparum,ring,fallback_clump,196,252,85,168
Falciparum_1307210661-0004-R_13,Falciparum,ring,fallback_clump,196,246,61,168
Falciparum_1307210661-0004-R_14,Falciparum,ring,fallback_clump,196,313,78,168
Falciparum_1307210661-0004-R_15,Falciparum,ring,host_cell,196,161,71,193
Falciparum_1307210661-0004-R_16,Falciparum,ring,host_cell,196,183,63,232
Falciparum_1307210661-0004-R_17,Falciparum,ring,fallback_clump,196,333,81,168
Falciparum_1307210661-0004-R_18,Falciparum,ring,fallback_clump,196,210,63,168
Falciparum_1307210661-0004-R_19,Falciparum,ring,fallback_clump,196,211,63,168
Falciparum_1307210661-0004-R_20,Falciparum,ring,fallback_clump,196,239,67,168
Falciparum_1307210661-0004-R_21,Falciparum,ring,host_cell,196,190,70,246
Falciparum_1307210661-0004-R_22,Falciparum,ring,host_cell,196,174,68,209
Falciparum_1307210661-0004-R_23,Falciparum,ring,host_cell,196,160,58,192
Falciparum_1307210661-0004-R_24,Falciparum,ring,host_cell,196,163,55,195
Falciparum_1307210661-0004-R_25,Falciparum,ring,fallback_clump,196,228,65,168
Falciparum_1307210661-0004-R_26,Falciparum,ring,fallback_clump,196,372,75,168
Falciparum_1307210661-0004-R_27,Falciparum,ring,fallback_clump,196,340,77,168
Falciparum_1307210661-0004-R_28,Falciparum,ring,host_cell,196,134,105,165
Falciparum_1307210661-0004-R_29,Falciparum,ring,fallback_clump,196,342,66,168
Falciparum_1307210661-0004-R_30,Falciparum,ring,host_cell,196,156,66,210
Falciparum_1307210661-0004-R_31,Falciparum,ring,fallback_clump,196,220,60,168
Falciparum_1307210661-0004-R_32,Falciparum,ring,fallback_clump,196,420,78,168
Falciparum_1307210661-0005-R_0,Falciparum,ring,host_cell,196,133,77,159
Falciparum_1307210661-0005-R_1,Falciparum,ring,host_cell,196,177,63,213
Falciparum_1307210661-0005-R_2,Falciparum,ring,host_cell,196,180,66,216
Falciparum_1307210661-0005-R_3,Falciparum,ring,host_cell,196,173,75,222
Falciparum_1307210661-0005-R_4,Falciparum,ring,host_cell,196,186,61,224
Falciparum_1307210661-0005-R_5,Falciparum,ring,host_cell,196,167,81,210
Falciparum_1307210661-0005-R_6,Falciparum,ring,host_cell,196,109,71,140
Falciparum_1307210661-0005-R_7,Falciparum,ring,host_cell,196,160,81,192
Falciparum_1307210661-0005-R_8,Falciparum,ring,host_cell,196,144,71,176
Falciparum_1307210661-0005-R_9,Falciparum,ring,host_cell,196,110,57,132
Falciparum_1307210661-0005-R_10,Falciparum,ring,host_cell,196,16,77,93
Falciparum_1307210661-0005-R_11,Falciparum,ring,host_cell,196,136,77,164
Falciparum_1307210661-0005-R_12,Falciparum,ring,host_cell,196,181,67,225
Falciparum_1307210661-0005-R_13,Falciparum,ring,fallback_clump,196,281,69,168
Falciparum_1307210661-0005-R_14,Falciparum,ring,host_cell,196,152,70,189
Falciparum_1307210661-0005-R_15,Falciparum,ring,host_cell,196,180,80,216
Falciparum_1307210661-0005-R_16,Falciparum,ring,host_cell,196,164,66,196
Falciparum_1307210661-0005-R_17,Falciparum,ring,fallback_clump,196,246,80,168
Falciparum_1307210661-0005-R_18,Falciparum,ring,fallback_clump,196,200,73,168
Falciparum_1307210661-0005-R_19,Falciparum,ring,fallback_clump,196,286,77,168
Falciparum_1307210661-0005-R_20,Falciparum,ring,fallback_clump,196,198,51,168
Falciparum_1307210661-0005-R_21,Falciparum,ring,fallback_clump,196,209,59,168
Falciparum_1307210661-0005-R_22,Falciparum,ring,fallback_clump,196,197,79,168
Falciparum_1307210661-0005-R_23,Falciparum,ring,host_cell,196,152,68,183
Falciparum_1307210661-0005-R_24,Falciparum,ring,host_cell,196,148,70,178
Falciparum_1307210661-0005-R_25,Falciparum,ring,host_cell,196,137,73,170
Falciparum_1307210661-0005-R_26,Falciparum,ring,host_cell,196,142,74,170
Falciparum_1307210661-0006-R_0,Falciparum,ring,fallback_clump,196,278,73,168
Falciparum_1307210661-0006-R_1,Falciparum,ring,fallback_clump,196,290,72,168
Falciparum_1307210661-0006-R_2,Falciparum,ring,fallback_clump,196,328,65,168
Falciparum_1307210661-0006-R_3,Falciparum,ring,host_cell,196,138,81,180
Falciparum_1307210661-0006-R_4,Falciparum,ring,host_cell,196,139,87,169
Falciparum_1307210661-0006-R_5,Falciparum,ring,fallback_clump,196,356,83,168
Falciparum_1307210661-0006-R_6,Falciparum,ring,fallback_clump,196,200,71,168
Falciparum_1307210661-0006-R_7,Falciparum,ring,host_cell,196,157,63,189
Falciparum_1307210661-0006-R_8,Falciparum,ring,host_cell,196,174,91,208
Falciparum_1307210661-0006-R_9,Falciparum,ring,fallback_clump,196,268,76,168
Falciparum_1307210661-0006-R_10,Falciparum,ring,fallback_missed,196,0,67,168
Falciparum_1307210661-0006-R_11,Falciparum,ring,fallback_clump,196,311,69,168
Falciparum_1307210661-0006-R_12,Falciparum,ring,host_cell,196,171,72,206
Falciparum_1307210661-0006-R_13,Falciparum,ring,fallback_clump,196,319,75,168
Falciparum_1307210661-0006-R_14,Falciparum,ring,fallback_clump,196,340,67,168
Falciparum_1307210661-0006-R_15,Falciparum,ring,fallback_clump,196,198,78,168
Falciparum_1307210661-0006-R_16,Falciparum,ring,fallback_clump,196,197,81,168
Falciparum_1307210661-0006-R_17,Falciparum,ring,host_cell,196,167,61,201
Falciparum_1307210661-0006-R_18,Falciparum,ring,host_cell,196,188,82,238
Falciparum_1307210661-0006-R_19,Falciparum,ring,host_cell,196,163,79,196
Falciparum_1307210661-0006-R_20,Falciparum,ring,host_cell,196,170,62,204
Falciparum_1307210661-0006-R_21,Falciparum,ring,fallback_clump,196,207,78,168
Falciparum_1307210661-0006-R_22,Falciparum,ring,host_cell,196,137,81,165
Falciparum_1307210661-0006-R_23,Falciparum,ring,fallback_clump,196,204,61,168
Falciparum_1307210661-0006-R_24,Falciparum,ring,host_cell,196,150,76,186
Falciparum_1307210661-0006-R_25,Falciparum,ring,fallback_clump,196,212,61,168
Falciparum_1307210661-0007-R_0,Falciparum,ring,fallback_clump,196,243,67,168
Falciparum_1307210661-0007-R_1,Falciparum,ring,host_cell,196,145,68,194
Falciparum_1307210661-0007-R_2,Falciparum,ring,host_cell,196,175,69,213
Falciparum_1307210661-0007-R_3,Falciparum,ring,fallback_clump,196,247,82,168
Falciparum_1307210661-0007-R_4,Falciparum,ring,host_cell,196,158,78,201
Falciparum_1307210661-0007-R_5,Falciparum,ring,fallback_clump,196,218,72,168
Falciparum_1307210661-0007-R_6,Falciparum,ring,fallback_clump,196,253,74,168
Falciparum_1307210661-0007-R_7,Falciparum,ring,host_cell,196,180,75,216
Falciparum_1307210661-0007-R_8,Falciparum,ring,host_cell,196,138,101,166
Falciparum_1307210661-0007-R_9,Falciparum,ring,host_cell,196,181,66,218
Falciparum_1307210661-0007-R_10,Falciparum,ring,host_cell,196,174,62,208
Falciparum_1307210661-0007-R_11,Falciparum,ring,fallback_clump,196,324,73,168
Falciparum_1307210661-0007-R_12,Falciparum,ring,host_cell,196,176,68,212
Falciparum_1307210661-0007-R_13,Falciparum,ring,host_cell,196,146,80,191
Falciparum_1307210661-0007-R_14,Falciparum,ring,host_cell,196,163,78,202
Falciparum_1307210661-0007-R_15,Falciparum,ring,host_cell,196,133,53,160
Falciparum_1307210661-0007-R_16,Falciparum,ring,fallback_clump,196,205,61,168
Falciparum_1307210661-0007-R_17,Falciparum,ring,host_cell,196,18,86,104
Falciparum_1307210661-0007-R_18,Falciparum,ring,host_cell,196,162,83,212
Falciparum_1307210661-0007-R_19,Falciparum,ring,host_cell,196,183,65,220
Falciparum_1307210661-0007-R_20,Falciparum,ring,host_cell,196,135,90,164
Falciparum_1307210661-0007-R_21,Falciparum,ring,host_cell,196,170,79,204
Falciparum_1307210661-0007-R_22,Falciparum,ring,fallback_clump,196,284,81,168
Falciparum_1307210661-0007-R_23,Falciparum,ring,fallback_clump,196,288,61,168
Falciparum_1307210661-0007-R_24,Falciparum,ring,host_cell,196,159,68,191
Falciparum_1307210661-0007-R_25,Falciparum,ring,host_cell,196,148,70,178
Falciparum_1307210661-0007-R_26,Falciparum,ring,host_cell,196,146,65,176
Falciparum_1307210661-0007-R_27,Falciparum,ring,fallback_clump,196,300,69,168
Falciparum_1307210661-0007-R_28,Falciparum,ring,host_cell,196,185,86,240
Falciparum_1307210661-0007-R_29,Falciparum,ring,fallback_clump,196,207,63,168
Falciparum_1307210661-0007-R_30,Falciparum,ring,host_cell,196,158,76,190
Falciparum_1307210661-0008-R_0,Falciparum,ring,host_cell,196,140,67,168
Falciparum_1307210661-0008-R_1,Falciparum,ring,host_cell,196,142,65,171
Falciparum_1307210661-0008-R_2,Falciparum,ring,host_cell,196,135,62,167
Falciparum_1307210661-0008-R_3,Falciparum,ring,host_cell,196,171,63,205
Falciparum_1307210661-0008-R_4,Falciparum,ring,host_cell,196,164,53,197
Falciparum_1307210661-0008-R_5,Falciparum,ring,host_cell,196,164,77,197
Falciparum_1307210661-0008-R_6,Falciparum,ring,fallback_clump,196,212,74,168
Falciparum_1307210661-0008-R_7,Falciparum,ring,host_cell,196,175,60,210
Falciparum_1307210661-0008-R_8,Falciparum,ring,fallback_clump,196,248,79,168
Falciparum_1307210661-0008-R_9,Falciparum,ring,fallback_clump,196,234,166,200
Falciparum_1307210661-0008-R_10,Falciparum,ring,fallback_clump,196,294,65,168
Falciparum_1307210661-0008-R_11,Falciparum,ring,host_cell,196,161,85,194
Falciparum_1307210661-0008-R_12,Falciparum,ring,host_cell,196,143,65,172
Falciparum_1307210661-0008-R_13,Falciparum,ring,host_cell,196,143,79,172
Falciparum_1307210661-0008-R_14,Falciparum,ring,host_cell,196,158,67,202
Falciparum_1307210661-0008-R_15,Falciparum,ring,host_cell,196,163,67,195
Falciparum_1307210661-0008-R_16,Falciparum,ring,fallback_clump,196,257,57,168
Falciparum_1307210661-0008-R_17,Falciparum,ring,fallback_clump,196,257,60,168
Falciparum_1307210661-0008-R_18,Falciparum,ring,fallback_clump,196,257,65,168
Falciparum_1307210661-0008-R_19,Falciparum,ring,fallback_clump,196,204,58,168
Falciparum_1307210661-0008-R_20,Falciparum,ring,host_cell,196,174,67,210
Falciparum_1307210661-0008-R_21,Falciparum,ring,host_cell,196,140,58,168
Falciparum_1307210661-0008-R_22,Falciparum,ring,host_cell,196,132,56,164
Falciparum_1307210661-0008-R_23,Falciparum,ring,host_cell,196,172,60,207
Falciparum_1307210661-0008-R_24,Falciparum,ring,host_cell,196,163,85,200
Falciparum_1307210661-0008-R_25,Falciparum,ring,host_cell,196,184,67,227
Falciparum_1307210661-0008-R_26,Falciparum,ring,fallback_clump,196,236,63,168
Falciparum_1307210661-0008-R_27,Falciparum,ring,fallback_clump,196,236,68,168
Falciparum_1307210661-0008-R_28,Falciparum,ring,host_cell,196,161,76,194
Falciparum_1307210661-0008-R_29,Falciparum,ring,host_cell,196,134,76,161
Falciparum_1307210661-0008-R_30,Falciparum,ring,fallback_clump,196,231,106,168
Falciparum_1307210661-0008-R_31,Falciparum,ring,host_cell,196,144,69,172
Falciparum_1307210661-0009-R_0,Falciparum,ring,fallback_clump,196,197,78,168
Falciparum_1307210661-0009-R_1,Falciparum,ring,fallback_clump,196,221,74,168
Falciparum_1307210661-0009-R_2,Falciparum,ring,host_cell,196,165,66,198
Falciparum_1307210661-0009-R_3,Falciparum,ring,host_cell,196,176,65,212
Falciparum_1307210661-0009-R_4,Falciparum,ring,host_cell,196,177,56,213
Falciparum_1307210661-0009-R_5,Falciparum,ring,host_cell,196,167,60,200
Falciparum_1307210661-0009-R_6,Falciparum,ring,fallback_clump,196,210,68,168
Falciparum_1307210661-0009-R_7,Falciparum,ring,fallback_clump,196,212,70,168
Falciparum_1307210661-0009-R_8,Falciparum,ring,host_cell,196,174,67,218
Falciparum_1307210661-0009-R_9,Falciparum,ring,host_cell,196,152,80,188
Falciparum_1307210661-0009-R_10,Falciparum,ring,host_cell,196,179,77,215
Falciparum_1307210661-0010-R_0,Falciparum,ring,fallback_clump,196,261,65,168
Falciparum_1307210661-0010-R_1,Falciparum,ring,host_cell,196,166,87,200
Falciparum_1307210661-0010-R_2,Falciparum,ring,host_cell,196,130,82,156
Falciparum_1307210661-0010-R_3,Falciparum,ring,host_cell,196,130,52,156
Falciparum_1307210661-0010-R_4,Falciparum,ring,host_cell,196,157,59,189
Falciparum_1307210661-0010-R_5,Falciparum,ring,host_cell,196,158,54,190
Falciparum_1307210661-0010-R_6,Falciparum,ring,host_cell,196,127,59,153
Falciparum_1307210661-0010-R_7,Falciparum,ring,host_cell,196,161,92,193
Falciparum_1307210661-0010-R_8,Falciparum,ring,host_cell,196,144,59,172
Falciparum_1307210661-0010-R_9,Falciparum,ring,fallback_clump,196,199,63,168
Falciparum_1307210661-0010-R_10,Falciparum,ring,host_cell,196,194,120,232
Falciparum_1307210661-0010-R_11,Falciparum,ring,host_cell,196,145,69,180
Falciparum_1307210661-0010-R_12,Falciparum,ring,fallback_clump,196,288,85,168
Falciparum_1307210661-0010-R_13,Falciparum,ring,fallback_clump,196,408,72,168
Falciparum_1307210661-0010-R_14,Falciparum,ring,fallback_clump,196,263,76,168
Falciparum_1307210661-0010-R_15,Falciparum,ring,fallback_clump,196,275,89,168
Falciparum_1307210661-0010-R_16,Falciparum,ring,fallback_clump,196,388,80,168
Falciparum_1307210661-0010-R_17,Falciparum,ring,fallback_clump,196,240,79,168
Falciparum_1307210661-0010-R_18,Falciparum,ring,fallback_clump,196,263,68,168
Falciparum_1307210661-0010-R_19,Falciparum,ring,host_cell,196,13,62,74
Falciparum_1307210661-0010-R_20,Falciparum,ring,fallback_clump,196,260,69,168
Falciparum_1307210661-0010-R_21,Falciparum,ring,host_cell,196,13,81,97
Falciparum_1307210661-0010-R_22,Falciparum,ring,fallback_clump,196,365,60,168
Falciparum_1307210661-0010-R_23,Falciparum,ring,fallback_clump,196,371,65,168
Falciparum_1307210661-0010-R_24,Falciparum,ring,fallback_clump,196,310,54,168
Falciparum_1307210661-0010-R_25,Falciparum,ring,host_cell,196,134,79,169
Falciparum_1307210661-0010-R_26,Falciparum,ring,fallback_clump,196,221,79,168
Falciparum_1307210661-0010-R_27,Falciparum,ring,fallback_clump,196,270,59,168
Falciparum_1307210661-0010-R_28,Falciparum,ring,host_cell,196,182,83,218
Falciparum_1307210661-0010-R_29,Falciparum,ring,fallback_clump,196,271,71,168
Falciparum_1307210661-0010-R_30,Falciparum,ring,host_cell,196,144,57,174
Falciparum_1307210661-0010-R_31,Falciparum,ring,fallback_clump,196,210,66,168
Falciparum_1307210661-0010-R_32,Falciparum,ring,fallback_clump,196,201,65,168
Falciparum_1307210661-0010-R_33,Falciparum,ring,host_cell,196,170,74,204
Falciparum_1307210661-0010-R_34,Falciparum,ring,host_cell,196,175,74,210
Falciparum_1307210661-0010-R_35,Falciparum,ring,host_cell,196,193,59,232
Falciparum_1307210661-0010-R_36,Falciparum,ring,host_cell,196,169,62,203
Falciparum_1307210661-0010-R_37,Falciparum,ring,fallback_clump,196,230,76,168
Falciparum_1307210661-0010-R_38,Falciparum,ring,fallback_clump,196,302,50,168
Falciparum_1307210661-0010-R_39,Falciparum,ring,fallback_clump,196,251,61,168
Falciparum_1307210661-0010-R_40,Falciparum,ring,fallback_clump,196,319,62,168
Falciparum_1307210661-0010-R_41,Falciparum,ring,host_cell,196,22,61,73
Falciparum_1405022890-0001-R_0,Falciparum,ring,host_cell,196,134,68,172
Falciparum_1405022890-0001-R_1,Falciparum,ring,host_cell,196,137,80,183
Falciparum_1405022890-0001-R_2,Falciparum,ring,host_cell,196,136,83,164
Falciparum_1405022890-0001-R_3,Falciparum,ring,host_cell,196,136,72,172
Falciparum_1405022890-0001-R_4,Falciparum,ring,host_cell,196,142,82,172
Falciparum_1405022890-0001-R_5,Falciparum,ring,host_cell,196,131,73,158
Falciparum_1405022890-0001-R_6,Falciparum,ring,host_cell,196,144,76,173
Falciparum_1405022890-0001-R_7,Falciparum,ring,host_cell,196,156,98,205
Falciparum_1405022890-0001-R_8,Falciparum,ring,host_cell,196,135,69,164
Falciparum_1405022890-0001-R_9,Falciparum,ring,host_cell,196,148,64,178
Falciparum_1405022890-0001-R_10,Falciparum,ring,host_cell,196,139,118,167
Falciparum_1405022890-0001-R_11,Falciparum,ring,host_cell,196,151,76,192
Falciparum_1405022890-0001-R_12,Falciparum,ring,host_cell,196,135,91,174
Falciparum_1405022890-0002-R_0,Falciparum,ring,host_cell,196,140,88,168
Falciparum_1405022890-0002-R_1,Falciparum,ring,host_cell,196,136,88,172
Falciparum_1405022890-0002-R_2,Falciparum,ring,host_cell,196,142,81,181
Falciparum_1405022890-0002-R_3,Falciparum,ring,host_cell,196,142,72,170
Falciparum_1405022890-0002-R_4,Falciparum,ring,host_cell,196,139,97,170
Falciparum_1405022890-0002-R_5,Falciparum,ring,host_cell,196,145,76,188
Falciparum_1405022890-0002-R_6,Falciparum,ring,host_cell,196,127,93,159
Falciparum_1405022890-0002-R_7,Falciparum,ring,host_cell,196,128,112,164
Falciparum_1405022890-0002-R_8,Falciparum,ring,host_cell,196,131,63,158
Falciparum_1405022890-0002-R_9,Falciparum,ring,host_cell,196,131,81,158
Falciparum_1405022890-0002-R_10,Falciparum,ring,host_cell,196,143,100,183
Falciparum_1405022890-0002-R_11,Falciparum,ring,host_cell,196,145,68,174
Falciparum_1405022890-0002-R_12,Falciparum,ring,host_cell,196,144,89,176
Falciparum_1405022890-0002-R_13,Falciparum,ring,host_cell,196,140,89,168
Falciparum_1405022890-0002-R_14,Falciparum,ring,host_cell,196,136,93,171
Falciparum_1405022890-0002-R_15,Falciparum,ring,host_cell,196,153,117,192
Falciparum_1405022890-0002-R_16,Falciparum,ring,host_cell,196,130,100,167
Falciparum_1405022890-0002-R_17,Falciparum,ring,fallback_clump,196,232,80,168
Falciparum_1405022890-0003-R_0,Falciparum,ring,host_cell,196,146,98,176
Falciparum_1405022890-0003-R_1,Falciparum,ring,host_cell,196,144,70,172
Falciparum_1405022890-0003-R_2,Falciparum,ring,host_cell,196,135,67,171
Falciparum_1405022890-0003-R_3,Falciparum,ring,host_cell,196,153,82,197
Falciparum_1405022890-0003-R_4,Falciparum,ring,host_cell,196,153,83,183
Falciparum_1405022890-0003-R_5,Falciparum,ring,host_cell,196,132,74,176
Falciparum_1405022890-0003-R_6,Falciparum,ring,host_cell,196,141,70,169
Falciparum_1405022890-0003-R_7,Falciparum,ring,host_cell,196,136,81,166
Falciparum_1405022890-0003-R_8,Falciparum,ring,host_cell,196,149,81,179
Falciparum_1405022890-0003-R_9,Falciparum,ring,host_cell,196,134,61,172
Falciparum_1405022890-0003-R_10,Falciparum,ring,host_cell,196,151,66,181
Falciparum_1405022890-0003-R_11,Falciparum,ring,host_cell,196,121,76,145
Falciparum_1405022890-0003-R_12,Falciparum,ring,host_cell,196,150,69,182
Falciparum_1405022890-0003-R_13,Falciparum,ring,host_cell,196,112,92,143
Falciparum_1405022890-0003-R_14,Falciparum,ring,host_cell,196,138,84,166
Falciparum_1405022890-0003-R_15,Falciparum,ring,host_cell,196,149,76,179
Falciparum_1405022890-0003-R_16,Falciparum,ring,host_cell,196,149,98,184
Falciparum_1405022890-0003-R_17,Falciparum,ring,host_cell,196,149,67,179
Falciparum_1405022890-0003-R_18,Falciparum,ring,host_cell,196,158,93,190
Falciparum_1405022890-0003-R_19,Falciparum,ring,host_cell,196,147,106,177
Falciparum_1405022890-0003-R_20,Falciparum,ring,host_cell,196,142,95,171
Falciparum_1405022890-0003-R_21,Falciparum,ring,host_cell,196,144,92,190
Falciparum_1405022890-0003-R_22,Falciparum,ring,host_cell,196,148,82,178
Falciparum_1405022890-0003-R_23,Falciparum,ring,host_cell,196,147,71,176
Falciparum_1405022890-0004-R_0,Falciparum,ring,host_cell,196,146,101,176
Falciparum_1405022890-0004-R_1,Falciparum,ring,host_cell,196,128,82,177
Falciparum_1405022890-0004-R_2,Falciparum,ring,host_cell,196,144,85,172
Falciparum_1405022890-0004-R_3,Falciparum,ring,host_cell,196,167,108,201
Falciparum_1405022890-0004-R_4,Falciparum,ring,host_cell,196,140,72,168
Falciparum_1405022890-0004-R_5,Falciparum,ring,host_cell,196,141,100,192
Falciparum_1405022890-0004-R_6,Falciparum,ring,host_cell,196,152,95,196
Falciparum_1405022890-0004-R_7,Falciparum,ring,host_cell,196,160,92,209
Falciparum_1405022890-0004-R_8,Falciparum,ring,host_cell,196,136,102,164
Falciparum_1405022890-0004-R_9,Falciparum,ring,host_cell,196,136,86,173
Falciparum_1405022890-0004-R_10,Falciparum,ring,host_cell,196,137,82,167
Falciparum_1405022890-0004-R_11,Falciparum,ring,host_cell,196,137,105,165
Falciparum_1405022890-0004-R_12,Falciparum,ring,host_cell,196,141,75,170
Falciparum_1405022890-0004-R_13,Falciparum,ring,host_cell,196,143,100,190
Falciparum_1405022890-0004-R_14,Falciparum,ring,host_cell,196,148,98,178
Falciparum_1405022890-0004-R_15,Falciparum,ring,host_cell,196,134,104,170
Falciparum_1405022890-0004-R_16,Falciparum,ring,host_cell,196,151,104,182
Falciparum_1405022890-0004-R_17,Falciparum,ring,host_cell,196,143,118,172
Falciparum_1405022890-0004-R_18,Falciparum,ring,host_cell,196,152,113,182
Falciparum_1405022890-0005-R_0,Falciparum,ring,host_cell,196,146,82,176
Falciparum_1405022890-0005-R_1,Falciparum,ring,host_cell,196,153,93,184
Falciparum_1405022890-0005-R_2,Falciparum,ring,host_cell,196,132,101,158
Falciparum_1405022890-0005-R_3,Falciparum,ring,host_cell,196,152,90,183
Falciparum_1405022890-0005-R_4,Falciparum,ring,host_cell,196,153,83,184
Falciparum_1405022890-0005-R_5,Falciparum,ring,host_cell,196,138,84,180
Falciparum_1405022890-0005-R_6,Falciparum,ring,host_cell,196,152,108,205
Falciparum_1405022890-0005-R_7,Falciparum,ring,host_cell,196,153,88,184
Falciparum_1405022890-0005-R_8,Falciparum,ring,host_cell,196,159,116,191
Falciparum_1405022890-0005-R_9,Falciparum,ring,host_cell,196,156,91,188
Falciparum_1405022890-0005-R_10,Falciparum,ring,host_cell,196,142,60,170
Falciparum_1405022890-0005-R_11,Falciparum,ring,host_cell,196,140,74,168
Falciparum_1405022890-0005-R_12,Falciparum,ring,host_cell,196,133,76,164
Falciparum_1405022890-0005-R_13,Falciparum,ring,host_cell,196,149,83,179
Falciparum_1405022890-0005-R_14,Falciparum,ring,host_cell,196,151,75,181
Falciparum_1405022890-0005-R_15,Falciparum,ring,host_cell,196,152,81,192
Falciparum_1405022890-0005-R_16,Falciparum,ring,host_cell,196,142,79,170
Falciparum_1405022890-0006-R_0,Falciparum,ring,host_cell,196,152,70,183
Falciparum_1405022890-0006-R_1,Falciparum,ring,host_cell,196,153,87,195
Falciparum_1405022890-0006-R_2,Falciparum,ring,host_cell,196,133,80,183
Falciparum_1405022890-0006-R_3,Falciparum,ring,host_cell,196,145,80,174
Falciparum_1405022890-0006-R_4,Falciparum,ring,host_cell,196,158,111,198
Falciparum_1405022890-0006-R_5,Falciparum,ring,host_cell,196,146,87,176
Falciparum_1405022890-0006-R_6,Falciparum,ring,host_cell,196,136,68,164
Falciparum_1405022890-0006-R_7,Falciparum,ring,host_cell,196,142,98,190
Falciparum_1405022890-0006-R_8,Falciparum,ring,host_cell,196,133,84,176
Falciparum_1405022890-0006-R_9,Falciparum,ring,host_cell,196,146,110,176
Falciparum_1405022890-0006-R_10,Falciparum,ring,host_cell,196,142,86,193
Falciparum_1405022890-0006-R_11,Falciparum,ring,host_cell,196,134,83,182
Falciparum_1405022890-0006-R_12,Falciparum,ring,host_cell,196,159,70,191
Falciparum_1405022890-0006-R_13,Falciparum,ring,host_cell,196,134,74,160
Falciparum_1405022890-0006-R_14,Falciparum,ring,host_cell,196,134,72,160
Falciparum_1405022890-0006-R_15,Falciparum,ring,host_cell,196,158,88,190
Falciparum_1405022890-0006-R_16,Falciparum,ring,host_cell,196,149,87,179
Falciparum_1405022890-0006-R_17,Falciparum,ring,host_cell,196,145,73,189
Falciparum_1405022890-0006-R_18,Falciparum,ring,host_cell,196,160,66,192
Falciparum_1408161544-0001-S_R_0,Falciparum,schizont,host_cell,196,190,187,228
Falciparum_1408161544-0001-S_R_1,Falciparum,ring,host_cell,196,141,79,172
Falciparum_1408161544-0002-R_S_0,Falciparum,ring,host_cell,196,159,102,191
Falciparum_1408161544-0002-R_S_1,Falciparum,schizont,host_cell,196,162,160,194
Falciparum_1408161544-0002-R_S_2,Falciparum,ring,host_cell,196,149,98,179
Falciparum_1408161544-0003-R_S_0,Falciparum,ring,host_cell,196,143,73,171
Falciparum_1408161544-0003-R_S_1,Falciparum,schizont,host_cell,196,188,148,226
Falciparum_1408290968-0001-R_0,Falciparum,ring,host_cell,196,148,84,186
Falciparum_1408290968-0002-R_0,Falciparum,ring,host_cell,196,169,100,216
Falciparum_1408290968-0003-R_0,Falciparum,ring,host_cell,196,192,136,230
Falciparum_1409171742-0001-R_0,Falciparum,ring,host_cell,196,160,100,192
Falciparum_1409171742-0001-R_1,Falciparum,ring,fallback_clump,196,203,103,168
Falciparum_1409171742-0002-R_0,Falciparum,ring,fallback_clump,196,268,92,168
Falciparum_1409171742-0002-R_1,Falciparum,ring,host_cell,196,138,82,166
Falciparum_1409171742-0002-R_2,Falciparum,ring,host_cell,196,169,90,203
Falciparum_1409171742-0003-R_0,Falciparum,ring,fallback_clump,196,270,123,168
Falciparum_1409171742-0003-R_1,Falciparum,ring,host_cell,196,135,102,178
Falciparum_1409171742-0003-R_2,Falciparum,ring,host_cell,196,196,123,236
Falciparum_1409171742-0003-R_3,Falciparum,ring,fallback_clump,196,271,83,168
Falciparum_1409171742-0004-R_0,Falciparum,ring,fallback_clump,196,229,92,168
Falciparum_1409171742-0004-R_1,Falciparum,ring,fallback_clump,196,311,81,168
Falciparum_1409171742-0005-R_0,Falciparum,ring,fallback_clump,196,223,122,168
Falciparum_1409171742-0005-R_1,Falciparum,ring,host_cell,196,166,142,200
Falciparum_1409171742-0006-R_0,Falciparum,ring,fallback_clump,196,256,98,168
Falciparum_1409171742-0006-R_1,Falciparum,ring,host_cell,196,130,92,156
Falciparum_1409171742-0006-R_2,Falciparum,ring,fallback_clump,196,209,115,168
Falciparum_1409171742-0007-R_0,Falciparum,ring,host_cell,196,146,89,176
Falciparum_1409171742-0007-R_1,Falciparum,ring,fallback_clump,196,278,99,168
Falciparum_1409171742-0007-R_2,Falciparum,ring,host_cell,196,137,96,165
Falciparum_1409171742-0007-R_3,Falciparum,ring,host_cell,196,142,98,171
Falciparum_1409171742-0008-R_0,Falciparum,ring,fallback_clump,196,339,107,168
Falciparum_1409171742-0008-R_1,Falciparum,ring,host_cell,196,193,120,232
Falciparum_1409171742-0008-R_2,Falciparum,ring,fallback_clump,196,266,110,168
Falciparum_1409171742-0008-R_3,Falciparum,ring,fallback_clump,196,266,116,168
Falciparum_1409171742-0009-R_0,Falciparum,ring,fallback_clump,196,241,113,168
Falciparum_1409171742-0009-R_1,Falciparum,ring,fallback_clump,196,213,110,168
Falciparum_1409171742-0009-R_2,Falciparum,ring,fallback_clump,196,303,134,168
Falciparum_1409171742-0009-R_3,Falciparum,ring,host_cell,196,143,126,171
Falciparum_1409171742-0009-R_4,Falciparum,ring,host_cell,196,138,78,174
Falciparum_1409171742-0009-R_5,Falciparum,ring,host_cell,196,160,114,209
Falciparum_1409171742-0010-R_0,Falciparum,ring,fallback_clump,196,242,92,168
Falciparum_1409171742-0010-R_1,Falciparum,ring,fallback_clump,196,202,107,168
Falciparum_1409171742-0010-R_2,Falciparum,ring,fallback_clump,196,356,98,168
Falciparum_1409171742-0010-R_3,Falciparum,ring,fallback_clump,196,217,98,168
Falciparum_1409171742-0010-R_4,Falciparum,ring,fallback_clump,196,337,105,168
Falciparum_1409191647-0001-R_0,Falciparum,ring,host_cell,196,126,77,152
Falciparum_1409191647-0002-R_0,Falciparum,ring,host_cell,196,126,104,173
Falciparum_1409191647-0003-R_0,Falciparum,ring,host_cell,196,191,77,230
Falciparum_1409191647-0003-R_1,Falciparum,ring,host_cell,196,137,84,165
Falciparum_1409191647-0003-R_2,Falciparum,ring,host_cell,196,133,99,182
Falciparum_1409191647-0003-R_3,Falciparum,ring,host_cell,196,140,100,195
Falciparum_1409191647-0004-R_0,Falciparum,ring,fallback_clump,196,217,79,168
Falciparum_1409191647-0004-R_1,Falciparum,ring,host_cell,196,148,83,178
Falciparum_1409191647-0004-R_2,Falciparum,ring,fallback_clump,196,248,77,168
Falciparum_1409191647-0004-R_3,Falciparum,ring,host_cell,196,161,92,194
Falciparum_1409191647-0005-R_0,Falciparum,ring,fallback_clump,196,311,99,168
Falciparum_1409191647-0005-R_1,Falciparum,ring,host_cell,196,116,104,144
Falciparum_1409191647-0005-R_2,Falciparum,ring,fallback_clump,196,233,95,168
Falciparum_1409191647-0005-R_3,Falciparum,ring,host_cell,196,163,122,213
Falciparum_1409191647-0006-R_0,Falciparum,ring,fallback_clump,196,332,86,168
Falciparum_1409191647-0006-R_1,Falciparum,ring,fallback_clump,196,333,60,168
Falciparum_1409191647-0006-R_2,Falciparum,ring,host_cell,196,127,77,153
Falciparum_1409191647-0006-R_3,Falciparum,ring,fallback_clump,196,284,89,168
Falciparum_1409191647-0006-R_4,Falciparum,ring,host_cell,196,167,95,201
Falciparum_1409191647-0007-R_0,Falciparum,ring,fallback_clump,196,269,74,168
Falciparum_1409191647-0008-T_0,Falciparum,trophozoite,host_cell,196,109,90,135
Falciparum_1409191647-0009-R_0,Falciparum,ring,host_cell,196,129,106,185
Falciparum_1409191647-0009-R_1,Falciparum,ring,fallback_clump,196,198,70,168
Falciparum_1409191647-0009-R_2,Falciparum,ring,fallback_clump,196,372,102,168
Falciparum_1409191647-0009-R_3,Falciparum,ring,host_cell,196,118,104,155
Falciparum_1409191647-0009-R_4,Falciparum,ring,fallback_clump,196,350,89,168
Falciparum_1409191647-0009-R_5,Falciparum,ring,host_cell,196,118,80,142
Falciparum_1409191647-0009-R_6,Falciparum,ring,host_cell,196,100,112,141
Falciparum_1409191647-0010-R_0,Falciparum,ring,fallback_clump,196,283,95,168
Falciparum_1409191647-0010-R_1,Falciparum,ring,host_cell,196,160,122,202
Falciparum_1409191647-0010-R_2,Falciparum,ring,host_cell,196,165,81,214
Falciparum_1409191647-0010-R_3,Falciparum,ring,fallback_clump,196,382,94,168
Falciparum_1409191647-0010-R_4,Falciparum,ring,host_cell,196,134,104,164
Falciparum_1603223711-0001-G_0,Falciparum,gametocyte,host_cell,280,221,224,268
Falciparum_1603223711-0002-T_G_0,Falciparum,trophozoite,host_cell,196,136,43,164
Falciparum_1603223711-0002-T_G_1,Falciparum,gametocyte,host_cell,280,192,192,233
Falciparum_1603223711-0003-G_R_0,Falciparum,gametocyte,host_cell,280,189,191,229
Falciparum_1603223711-0003-G_R_1,Falciparum,ring,host_cell,196,138,48,166
Falciparum_1603223711-0004-R_0,Falciparum,ring,host_cell,196,115,60,138
Falciparum_1603223711-0004-R_1,Falciparum,ring,host_cell,196,112,49,135
Falciparum_1603223711-0005-G_0,Falciparum,gametocyte,host_cell,280,180,177,216
Falciparum_1603223711-0006-G_0,Falciparum,gametocyte,host_cell,280,159,179,218
Falciparum_1701151546-0001-R_T_S_0,Falciparum,ring,host_cell,196,117,59,141
Falciparum_1701151546-0001-R_T_S_1,Falciparum,ring,host_cell,196,126,42,152
Falciparum_1701151546-0001-R_T_S_2,Falciparum,ring,host_cell,196,132,65,159
Falciparum_1701151546-0001-R_T_S_3,Falciparum,trophozoite,host_cell,196,181,60,217
Falciparum_1701151546-0001-R_T_S_4,Falciparum,ring,host_cell,196,119,50,143
Falciparum_1701151546-0001-R_T_S_5,Falciparum,ring,host_cell,196,126,37,152
Falciparum_1701151546-0001-R_T_S_6,Falciparum,ring,host_cell,196,138,45,166
Falciparum_1701151546-0001-R_T_S_7,Falciparum,schizont,host_cell,196,127,110,153
Falciparum_1701151546-0001-R_T_S_8,Falciparum,ring,host_cell,196,128,40,154
Falciparum_1701151546-0001-R_T_S_9,Falciparum,ring,host_cell,196,125,32,150
Falciparum_1701151546-0001-R_T_S_10,Falciparum,ring,host_cell,196,126,51,152
Falciparum_1701151546-0001-R_T_S_11,Falciparum,ring,host_cell,196,136,49,164
Falciparum_1701151546-0001-R_T_S_12,Falciparum,schizont,host_cell,196,187,77,225
Falciparum_1701151546-0002-R_0,Falciparum,ring,host_cell,196,130,40,156
Falciparum_1701151546-0002-R_1,Falciparum,ring,host_cell,196,136,51,164
Falciparum_1701151546-0002-R_2,Falciparum,ring,host_cell,196,135,38,162
Falciparum_1701151546-0002-R_3,Falciparum,ring,host_cell,196,135,43,162
Falciparum_1701151546-0002-R_4,Falciparum,ring,host_cell,196,121,43,146
Falciparum_1701151546-0002-R_5,Falciparum,ring,host_cell,196,128,52,154
Falciparum_1701151546-0002-R_6,Falciparum,ring,host_cell,196,129,50,155
Falciparum_1701151546-0002-R_7,Falciparum,ring,host_cell,196,121,47,145
Falciparum_1701151546-0002-R_8,Falciparum,ring,host_cell,196,137,51,165
Falciparum_1701151546-0002-R_9,Falciparum,ring,host_cell,196,130,44,156
Falciparum_1701151546-0002-R_10,Falciparum,ring,host_cell,196,127,49,153
Falciparum_1701151546-0002-R_11,Falciparum,ring,host_cell,196,129,50,159
Falciparum_1701151546-0002-R_12,Falciparum,ring,host_cell,196,139,68,167
Falciparum_1701151546-0002-R_13,Falciparum,ring,host_cell,196,129,45,155
Falciparum_1701151546-0002-R_14,Falciparum,ring,host_cell,196,117,50,141
Falciparum_1701151546-0002-R_15,Falciparum,ring,host_cell,196,127,44,153
Falciparum_1701151546-0002-R_16,Falciparum,ring,host_cell,196,128,48,154
Falciparum_1701151546-0003-R_0,Falciparum,ring,host_cell,196,113,43,136
Falciparum_1701151546-0003-R_1,Falciparum,ring,host_cell,196,124,42,148
Falciparum_1701151546-0003-R_2,Falciparum,ring,host_cell,196,119,52,143
Falciparum_1701151546-0003-R_3,Falciparum,ring,host_cell,196,129,37,155
Falciparum_1701151546-0003-R_4,Falciparum,ring,host_cell,196,120,41,144
Falciparum_1701151546-0003-R_5,Falciparum,ring,host_cell,196,136,59,164
Falciparum_1701151546-0003-R_6,Falciparum,ring,host_cell,196,136,31,164
Falciparum_1701151546-0003-R_7,Falciparum,ring,host_cell,196,106,47,128
Falciparum_1701151546-0003-R_8,Falciparum,ring,host_cell,196,137,51,165
Falciparum_1701151546-0003-R_9,Falciparum,ring,host_cell,196,119,51,143
Falciparum_1701151546-0003-R_10,Falciparum,ring,host_cell,196,123,34,147
Falciparum_1701151546-0003-R_11,Falciparum,ring,host_cell,196,141,54,170
Falciparum_1701151546-0003-R_12,Falciparum,ring,host_cell,196,122,43,147
Falciparum_1701151546-0003-R_13,Falciparum,ring,host_cell,196,117,48,141
Falciparum_1701151546-0003-R_14,Falciparum,ring,host_cell,196,115,45,138
Falciparum_1701151546-0004-R_T_0,Falciparum,ring,host_cell,196,128,46,154
Falciparum_1701151546-0004-R_T_1,Falciparum,ring,host_cell,196,134,41,160
Falciparum_1701151546-0004-R_T_2,Falciparum,trophozoite,host_cell,196,117,64,141
Falciparum_1701151546-0004-R_T_3,Falciparum,ring,host_cell,196,125,31,150
Falciparum_1701151546-0004-R_T_4,Falciparum,ring,host_cell,196,127,40,153
Falciparum_1701151546-0004-R_T_5,Falciparum,ring,host_cell,196,133,52,160
Falciparum_1701151546-0004-R_T_6,Falciparum,ring,host_cell,196,119,53,143
Falciparum_1701151546-0004-R_T_7,Falciparum,ring,host_cell,196,139,45,167
Falciparum_1701151546-0004-R_T_8,Falciparum,ring,host_cell,196,127,54,153
Falciparum_1701151546-0004-R_T_9,Falciparum,ring,host_cell,196,129,38,155
Falciparum_1701151546-0004-R_T_10,Falciparum,ring,host_cell,196,117,45,141
Falciparum_1701151546-0004-R_T_11,Falciparum,ring,host_cell,196,138,48,166
Falciparum_1701151546-0004-R_T_12,Falciparum,ring,host_cell,196,162,38,200
Falciparum_1701151546-0004-R_T_13,Falciparum,trophozoite,host_cell,196,127,84,153
Falciparum_1701151546-0004-R_T_14,Falciparum,ring,host_cell,196,118,51,142
Falciparum_1701151546-0004-R_T_15,Falciparum,ring,host_cell,196,123,54,148
Falciparum_1701151546-0004-R_T_16,Falciparum,ring,host_cell,196,122,48,146
Falciparum_1701151546-0004-R_T_17,Falciparum,ring,host_cell,196,122,44,146
Falciparum_1701151546-0004-R_T_18,Falciparum,ring,host_cell,196,134,41,160
Falciparum_1701151546-0004-R_T_19,Falciparum,ring,host_cell,196,131,43,158
Falciparum_1701151546-0004-R_T_20,Falciparum,ring,host_cell,196,129,46,155
Falciparum_1701151546-0004-R_T_21,Falciparum,ring,host_cell,196,152,45,182
Falciparum_1701151546-0004-R_T_22,Falciparum,ring,host_cell,196,137,83,165
Falciparum_1701151546-0004-R_T_23,Falciparum,ring,host_cell,196,129,45,155
Falciparum_1701151546-0005-R_0,Falciparum,ring,host_cell,196,133,36,159
Falciparum_1701151546-0005-R_1,Falciparum,ring,host_cell,196,138,44,166
Falciparum_1701151546-0005-R_2,Falciparum,ring,host_cell,196,138,39,166
Falciparum_1701151546-0005-R_3,Falciparum,ring,host_cell,196,136,52,164
Falciparum_1701151546-0005-R_4,Falciparum,ring,host_cell,196,139,41,167
Falciparum_1701151546-0005-R_5,Falciparum,ring,host_cell,196,139,39,167
Falciparum_1701151546-0005-R_6,Falciparum,ring,host_cell,196,143,50,171
Falciparum_1701151546-0005-R_7,Falciparum,ring,host_cell,196,131,41,158
Falciparum_1701151546-0005-R_8,Falciparum,ring,host_cell,196,131,54,158
Falciparum_1701151546-0005-R_9,Falciparum,ring,host_cell,196,130,46,164
Falciparum_1701151546-0005-R_10,Falciparum,ring,host_cell,196,114,39,137
Falciparum_1701151546-0005-R_11,Falciparum,ring,host_cell,196,130,56,156
Falciparum_1701151546-0005-R_12,Falciparum,ring,host_cell,196,135,47,162
Falciparum_1701151546-0005-R_13,Falciparum,ring,host_cell,196,128,48,154
Falciparum_1701151546-0005-R_14,Falciparum,ring,host_cell,196,129,39,155
Falciparum_1701151546-0005-R_15,Falciparum,ring,host_cell,196,127,54,153
Falciparum_1701151546-0005-R_16,Falciparum,ring,host_cell,196,129,45,155
Falciparum_1701151546-0005-R_17,Falciparum,ring,host_cell,196,145,59,174
Falciparum_1701151546-0005-R_18,Falciparum,ring,host_cell,196,145,55,174
Falciparum_1701151546-0005-R_19,Falciparum,ring,host_cell,196,139,39,167
Falciparum_1701151546-0005-R_20,Falciparum,ring,host_cell,196,133,39,159
Falciparum_1701151546-0005-R_21,Falciparum,ring,host_cell,196,127,43,153
Falciparum_1701151546-0005-R_22,Falciparum,ring,host_cell,196,128,50,154
Falciparum_1701151546-0005-R_23,Falciparum,ring,host_cell,196,137,41,165
Falciparum_1701151546-0005-R_24,Falciparum,ring,host_cell,196,125,40,150
Falciparum_1701151546-0006-R_T_0,Falciparum,ring,host_cell,196,142,62,170
Falciparum_1701151546-0006-R_T_1,Falciparum,ring,host_cell,196,135,58,162
Falciparum_1701151546-0006-R_T_2,Falciparum,ring,host_cell,196,125,48,150
Falciparum_1701151546-0006-R_T_3,Falciparum,ring,host_cell,196,130,43,156
Falciparum_1701151546-0006-R_T_4,Falciparum,trophozoite,host_cell,196,132,55,159
Falciparum_1701151546-0006-R_T_5,Falciparum,ring,host_cell,196,131,37,157
Falciparum_1701151546-0006-R_T_6,Falciparum,ring,host_cell,196,136,46,164
Falciparum_1701151546-0006-R_T_7,Falciparum,ring,host_cell,196,121,46,145
Falciparum_1701151546-0006-R_T_8,Falciparum,ring,host_cell,196,151,55,181
Falciparum_1701151546-0006-R_T_9,Falciparum,ring,host_cell,196,136,47,164
Falciparum_1701151546-0006-R_T_10,Falciparum,ring,host_cell,196,151,42,181
Falciparum_1701151546-0006-R_T_11,Falciparum,ring,host_cell,196,119,35,143
Falciparum_1701151546-0006-R_T_12,Falciparum,ring,host_cell,196,135,47,162
Falciparum_1701151546-0006-R_T_13,Falciparum,trophozoite,host_cell,196,140,81,168
Falciparum_1701151546-0006-R_T_14,Falciparum,ring,host_cell,196,130,48,156
Falciparum_1701151546-0006-R_T_15,Falciparum,ring,host_cell,196,129,49,155
Falciparum_1701151546-0006-R_T_16,Falciparum,ring,host_cell,196,130,53,156
Falciparum_1701151546-0006-R_T_17,Falciparum,ring,host_cell,196,147,51,177
Falciparum_1701151546-0006-R_T_18,Falciparum,ring,host_cell,196,145,53,174
Falciparum_1701151546-0007-R_0,Falciparum,ring,host_cell,196,120,46,144
Falciparum_1701151546-0007-R_1,Falciparum,ring,fallback_clump,196,216,45,168
Falciparum_1701151546-0007-R_2,Falciparum,ring,host_cell,196,143,55,172
Falciparum_1701151546-0007-R_3,Falciparum,ring,host_cell,196,137,47,165
Falciparum_1701151546-0007-R_4,Falciparum,ring,host_cell,196,122,42,148
Falciparum_1701151546-0007-R_5,Falciparum,ring,host_cell,196,138,51,166
Falciparum_1701151546-0007-R_6,Falciparum,ring,host_cell,196,112,51,135
Falciparum_1701151546-0007-R_7,Falciparum,ring,host_cell,196,118,43,142
Falciparum_1701151546-0007-R_8,Falciparum,ring,host_cell,196,122,57,146
Falciparum_1701151546-0007-R_9,Falciparum,ring,host_cell,196,118,44,142
Falciparum_1701151546-0007-R_10,Falciparum,ring,host_cell,196,113,47,135
Falciparum_1701151546-0007-R_11,Falciparum,ring,host_cell,196,128,54,154
Falciparum_1701151546-0007-R_12,Falciparum,ring,host_cell,196,125,42,150
Falciparum_1701151546-0007-R_13,Falciparum,ring,host_cell,196,132,47,159
Falciparum_1701151546-0007-R_14,Falciparum,ring,host_cell,196,124,50,148
Falciparum_1701151546-0007-R_15,Falciparum,ring,host_cell,196,121,50,145
Falciparum_1701151546-0007-R_16,Falciparum,ring,host_cell,196,135,55,162
Falciparum_1701151546-0007-R_17,Falciparum,ring,host_cell,196,130,40,156
Falciparum_1701151546-0007-R_18,Falciparum,ring,host_cell,196,137,38,165
Falciparum_1701151546-0007-R_19,Falciparum,ring,host_cell,196,137,42,165
Falciparum_1701151546-0007-R_20,Falciparum,ring,host_cell,196,122,46,146
Falciparum_1701151546-0007-R_21,Falciparum,ring,host_cell,196,127,44,153
Falciparum_1701151546-0007-R_22,Falciparum,ring,host_cell,196,130,50,156
Falciparum_1701151546-0007-R_23,Falciparum,ring,host_cell,196,107,59,129
Falciparum_1701151546-0007-R_24,Falciparum,ring,host_cell,196,120,50,144
Falciparum_1701151546-0007-R_25,Falciparum,ring,host_cell,196,129,46,155
Falciparum_1701151546-0007-R_26,Falciparum,ring,host_cell,196,129,48,155
Falciparum_1701151546-0008-R-T_0,Falciparum,ring,host_cell,196,139,36,167
Falciparum_1701151546-0008-R-T_1,Falciparum,ring,host_cell,196,122,45,146
Falciparum_1701151546-0008-R-T_2,Falciparum,ring,host_cell,196,144,48,172
Falciparum_1701151546-0008-R-T_3,Falciparum,ring,host_cell,196,133,40,159
Falciparum_1701151546-0008-R-T_4,Falciparum,ring,host_cell,196,124,48,148
Falciparum_1701151546-0008-R-T_5,Falciparum,ring,host_cell,196,137,35,165
Falciparum_1701151546-0008-R-T_6,Falciparum,ring,host_cell,196,135,33,162
Falciparum_1701151546-0008-R-T_7,Falciparum,ring,host_cell,196,132,36,158
Falciparum_1701151546-0008-R-T_8,Falciparum,trophozoite,host_cell,196,135,70,162
Falciparum_1701151546-0008-R-T_9,Falciparum,ring,host_cell,196,140,40,168
Falciparum_1701151546-0008-R-T_10,Falciparum,ring,host_cell,196,131,37,157
Falciparum_1701151546-0008-R-T_11,Falciparum,ring,host_cell,196,158,32,190
Falciparum_1701151546-0008-R-T_12,Falciparum,ring,host_cell,196,124,37,148
Falciparum_1701151546-0008-R-T_13,Falciparum,ring,host_cell,196,129,44,155
Falciparum_1701151546-0008-R-T_14,Falciparum,ring,host_cell,196,132,46,158
Falciparum_1701151546-0009-R_0,Falciparum,ring,host_cell,196,157,44,189
Falciparum_1701151546-0009-R_1,Falciparum,ring,host_cell,196,134,48,160
Falciparum_1701151546-0009-R_2,Falciparum,ring,host_cell,196,143,46,176
Falciparum_1701151546-0009-R_3,Falciparum,ring,host_cell,196,125,46,150
Falciparum_1701151546-0009-R_4,Falciparum,ring,host_cell,196,143,50,172
Falciparum_1701151546-0009-R_5,Falciparum,ring,host_cell,196,127,48,153
Falciparum_1701151546-0009-R_6,Falciparum,ring,fallback_clump,196,275,45,168
Falciparum_1701151546-0009-R_7,Falciparum,ring,host_cell,196,122,35,146
Falciparum_1701151546-0009-R_8,Falciparum,ring,host_cell,196,121,44,146
Falciparum_1701151546-0009-R_9,Falciparum,ring,host_cell,196,147,52,177
Falciparum_1701151546-0009-R_10,Falciparum,ring,host_cell,196,128,51,154
Falciparum_1701151546-0009-R_11,Falciparum,ring,host_cell,196,132,45,159
Falciparum_1701151546-0009-R_12,Falciparum,ring,host_cell,196,139,43,167
Falciparum_1701151546-0009-R_13,Falciparum,ring,host_cell,196,146,68,176
Falciparum_1701151546-0009-R_14,Falciparum,ring,host_cell,196,134,45,160
Falciparum_1701151546-0009-R_15,Falciparum,ring,host_cell,196,134,38,160
Falciparum_1701151546-0009-R_16,Falciparum,ring,host_cell,196,126,50,152
Falciparum_1701151546-0009-R_17,Falciparum,ring,host_cell,196,126,33,152
Falciparum_1701151546-0009-R_18,Falciparum,ring,host_cell,196,139,86,167
Falciparum_1701151546-0009-R_19,Falciparum,ring,host_cell,196,142,40,171
Falciparum_1701151546-0009-R_20,Falciparum,ring,host_cell,196,125,51,150
Falciparum_1701151546-0009-R_21,Falciparum,ring,host_cell,196,143,56,171
Falciparum_1701151546-0009-R_22,Falciparum,ring,host_cell,196,125,45,150
Falciparum_1701151546-0009-R_23,Falciparum,ring,host_cell,196,136,45,164
Falciparum_1701151546-0010-R_0,Falciparum,ring,host_cell,196,139,49,167
Falciparum_1701151546-0010-R_1,Falciparum,ring,host_cell,196,143,46,172
Falciparum_1701151546-0010-R_2,Falciparum,ring,host_cell,196,143,43,172
Falciparum_1701151546-0010-R_3,Falciparum,ring,host_cell,196,128,50,154
Falciparum_1701151546-0010-R_4,Falciparum,ring,host_cell,196,129,38,155
Falciparum_1701151546-0010-R_5,Falciparum,ring,host_cell,196,125,32,150
Falciparum_1701151546-0010-R_6,Falciparum,ring,host_cell,196,125,38,150
Falciparum_1701151546-0010-R_7,Falciparum,ring,host_cell,196,125,40,150
Falciparum_1701151546-0010-R_8,Falciparum,ring,host_cell,196,138,53,166
Falciparum_1701151546-0010-R_9,Falciparum,ring,host_cell,196,133,55,160
Falciparum_1701151546-0010-R_10,Falciparum,ring,host_cell,196,132,44,158
Falciparum_1701151546-0010-R_11,Falciparum,ring,host_cell,196,122,45,146
Falciparum_1701151546-0010-R_12,Falciparum,ring,host_cell,196,153,42,184
Falciparum_1701151546-0010-R_13,Falciparum,ring,host_cell,196,132,42,159
Falciparum_1701151546-0010-R_14,Falciparum,ring,host_cell,196,136,44,165
Falciparum_1701151546-0010-R_15,Falciparum,ring,host_cell,196,126,48,152
Falciparum_1701151546-0010-R_16,Falciparum,ring,host_cell,196,122,44,147
Falciparum_1701151546-0010-R_17,Falciparum,ring,host_cell,196,137,47,165
Falciparum_1701151546-0010-R_18,Falciparum,ring,host_cell,196,137,53,165
Falciparum_1701151546-0011-R_T_0,Falciparum,ring,host_cell,196,121,39,145
Falciparum_1701151546-0011-R_T_1,Falciparum,ring,host_cell,196,130,49,156
Falciparum_1701151546-0011-R_T_2,Falciparum,ring,host_cell,196,123,43,147
Falciparum_1701151546-0011-R_T_3,Falciparum,ring,host_cell,196,113,46,136
Falciparum_1701151546-0011-R_T_4,Falciparum,ring,host_cell,196,127,55,153
Falciparum_1701151546-0011-R_T_5,Falciparum,ring,host_cell,196,134,42,160
Falciparum_1701151546-0011-R_T_6,Falciparum,ring,host_cell,196,121,47,145
Falciparum_1701151546-0011-R_T_7,Falciparum,ring,host_cell,196,134,36,160
Falciparum_1701151546-0011-R_T_8,Falciparum,ring,host_cell,196,121,43,145
Falciparum_1701151546-0011-R_T_9,Falciparum,trophozoite,host_cell,196,111,90,133
Falciparum_1701151546-0011-R_T_10,Falciparum,ring,host_cell,196,123,46,148
Falciparum_1701151546-0011-R_T_11,Falciparum,ring,host_cell,196,129,40,155
Falciparum_1701151546-0011-R_T_12,Falciparum,ring,host_cell,196,116,42,140
Falciparum_1701151546-0011-R_T_13,Falciparum,ring,host_cell,196,125,52,150
Falciparum_1701151546-0011-R_T_14,Falciparum,ring,host_cell,196,146,50,176
Falciparum_1701151546-0011-R_T_15,Falciparum,ring,host_cell,196,125,53,150
Falciparum_1701151546-0011-R_T_16,Falciparum,ring,fallback_clump,196,223,52,168
Falciparum_1701151546-0011-R_T_17,Falciparum,ring,host_cell,196,127,44,153
Falciparum_1701151546-0011-R_T_18,Falciparum,ring,host_cell,196,118,51,142
Falciparum_1701151546-0012-R_0,Falciparum,ring,host_cell,196,170,54,204
Falciparum_1701151546-0012-R_1,Falciparum,ring,host_cell,196,144,43,172
Falciparum_1701151546-0012-R_2,Falciparum,ring,host_cell,196,135,41,162
Falciparum_1701151546-0012-R_3,Falciparum,ring,host_cell,196,144,43,172
Falciparum_1701151546-0012-R_4,Falciparum,ring,host_cell,196,144,46,172
Falciparum_1701151546-0012-R_5,Falciparum,ring,host_cell,196,142,50,171
Falciparum_1701151546-0012-R_6,Falciparum,ring,host_cell,196,123,45,148
Falciparum_1701151546-0012-R_7,Falciparum,ring,host_cell,196,137,50,165
Falciparum_1701151546-0012-R_8,Falciparum,ring,host_cell,196,119,37,143
Falciparum_1701151546-0012-R_9,Falciparum,ring,host_cell,196,130,37,156
Falciparum_1701151546-0012-R_10,Falciparum,ring,host_cell,196,129,50,155
Falciparum_1701151546-0012-R_11,Falciparum,ring,fallback_clump,196,211,45,168
Falciparum_1701151546-0012-R_12,Falciparum,ring,host_cell,196,125,35,150
Falciparum_1701151546-0012-R_13,Falciparum,ring,host_cell,196,133,39,160
Falciparum_1701151546-0012-R_14,Falciparum,ring,host_cell,196,137,58,165
Falciparum_1701151546-0012-R_15,Falciparum,ring,host_cell,196,122,47,147
Falciparum_1701151546-0012-R_16,Falciparum,ring,host_cell,196,123,40,147
Falciparum_1701151546-0012-R_17,Falciparum,ring,host_cell,196,130,41,156
Falciparum_1701151546-0012-R_18,Falciparum,ring,host_cell,196,123,41,148
Falciparum_1701151546-0012-R_19,Falciparum,ring,host_cell,196,129,44,157
Falciparum_1701151546-0012-R_20,Falciparum,ring,host_cell,196,182,23,218
Falciparum_1701151546-0012-R_21,Falciparum,ring,host_cell,196,140,40,168
Falciparum_1701151546-0013-R_T_0,Falciparum,ring,host_cell,196,138,41,169
Falciparum_1701151546-0013-R_T_1,Falciparum,ring,host_cell,196,131,44,158
Falciparum_1701151546-0013-R_T_2,Falciparum,ring,host_cell,196,183,49,220
Falciparum_1701151546-0013-R_T_3,Falciparum,ring,host_cell,196,140,47,168
Falciparum_1701151546-0013-R_T_4,Falciparum,ring,host_cell,196,119,51,143
Falciparum_1701151546-0013-R_T_5,Falciparum,ring,host_cell,196,161,47,194
Falciparum_1701151546-0013-R_T_6,Falciparum,ring,host_cell,196,122,46,147
Falciparum_1701151546-0013-R_T_7,Falciparum,ring,host_cell,196,189,41,227
Falciparum_1701151546-0013-R_T_8,Falciparum,ring,fallback_clump,196,207,35,168
Falciparum_1701151546-0013-R_T_9,Falciparum,trophozoite,host_cell,196,116,74,140
Falciparum_1701151546-0013-R_T_10,Falciparum,ring,host_cell,196,130,43,156
Falciparum_1701151546-0013-R_T_11,Falciparum,ring,host_cell,196,167,44,201
Falciparum_1701151546-0013-R_T_12,Falciparum,ring,host_cell,196,142,37,171
Falciparum_1701151546-0013-R_T_13,Falciparum,ring,host_cell,196,122,46,147
Falciparum_1701151546-0013-R_T_14,Falciparum,ring,host_cell,196,140,36,168
Falciparum_1701151546-0013-R_T_15,Falciparum,ring,host_cell,196,133,47,160
Falciparum_1701151546-0013-R_T_16,Falciparum,ring,fallback_clump,196,361,45,168
Falciparum_1701151546-0013-R_T_17,Falciparum,ring,fallback_clump,196,253,47,168
Falciparum_1701151546-0013-R_T_18,Falciparum,ring,host_cell,196,144,42,172
Falciparum_1701151546-0013-R_T_19,Falciparum,ring,host_cell,196,144,37,172
Falciparum_1701151546-0013-R_T_20,Falciparum,ring,host_cell,196,159,43,191
Falciparum_1701151546-0013-R_T_21,Falciparum,ring,host_cell,196,123,48,150
Falciparum_1701151546-0013-R_T_22,Falciparum,ring,host_cell,196,146,41,176
Falciparum_1701151546-0013-R_T_23,Falciparum,ring,host_cell,196,158,42,190
Falciparum_1701151546-0013-R_T_24,Falciparum,ring,host_cell,196,128,60,154
Falciparum_1701151546-0013-R_T_25,Falciparum,ring,host_cell,196,128,19,154
Falciparum_1701151546-0013-R_T_26,Falciparum,ring,host_cell,196,127,68,153
Falciparum_1701151546-0013-R_T_27,Falciparum,ring,host_cell,196,186,40,205
Falciparum_1701151546-0013-R_T_28,Falciparum,ring,host_cell,196,172,41,207
Falciparum_1701151546-0013-R_T_29,Falciparum,ring,host_cell,196,132,45,158
Falciparum_1701151546-0014-R_0,Falciparum,ring,host_cell,196,130,42,156
Falciparum_1701151546-0014-R_1,Falciparum,ring,host_cell,196,123,36,147
Falciparum_1701151546-0014-R_2,Falciparum,ring,fallback_clump,196,229,19,168
Falciparum_1701151546-0014-R_3,Falciparum,ring,host_cell,196,161,47,193
Falciparum_1701151546-0014-R_4,Falciparum,ring,fallback_clump,196,210,48,168
Falciparum_1701151546-0014-R_5,Falciparum,ring,host_cell,196,187,34,225
Falciparum_1701151546-0014-R_6,Falciparum,ring,host_cell,196,188,37,226
Falciparum_1701151546-0014-R_7,Falciparum,ring,host_cell,196,145,39,174
Falciparum_1701151546-0014-R_8,Falciparum,ring,host_cell,196,186,38,224
Falciparum_1701151546-0014-R_9,Falciparum,ring,fallback_clump,196,202,41,168
Falciparum_1701151546-0014-R_10,Falciparum,ring,host_cell,196,137,48,165
Falciparum_1701151546-0014-R_11,Falciparum,ring,fallback_clump,196,202,36,168
Falciparum_1701151546-0014-R_12,Falciparum,ring,host_cell,196,128,22,154
Falciparum_1701151546-0014-R_13,Falciparum,ring,host_cell,196,136,27,164
Falciparum_1701151546-0014-R_14,Falciparum,ring,host_cell,196,157,48,189
Falciparum_1701151546-0014-R_15,Falciparum,ring,host_cell,196,114,51,136
Falciparum_1701151546-0014-R_16,Falciparum,ring,host_cell,196,127,25,153
Falciparum_1701151546-0014-R_17,Falciparum,ring,host_cell,196,127,13,153
Falciparum_1701151546-0014-R_18,Falciparum,ring,host_cell,196,127,22,153
Falciparum_1701151546-0014-R_19,Falciparum,ring,host_cell,196,127,18,153
Falciparum_1701151546-0014-R_20,Falciparum,ring,fallback_clump,196,219,24,168
Falciparum_1701151546-0014-R_21,Falciparum,ring,host_cell,196,124,44,148
Falciparum_1701151546-0014-R_22,Falciparum,ring,host_cell,196,138,17,166
Falciparum_1701151546-0014-R_23,Falciparum,ring,host_cell,196,121,70,145
Falciparum_1701151546-0014-R_24,Falciparum,ring,host_cell,196,124,47,148
Falciparum_1701151546-0014-R_25,Falciparum,ring,host_cell,196,124,19,149
Falciparum_1701151546-0014-R_26,Falciparum,ring,host_cell,196,138,53,166
Falciparum_1701151546-0014-R_27,Falciparum,ring,host_cell,196,152,35,183
Falciparum_1701151546-0014-R_28,Falciparum,ring,host_cell,196,140,39,168
Falciparum_1701151546-0014-R_29,Falciparum,ring,host_cell,196,129,41,155
Falciparum_1701151546-0014-R_30,Falciparum,ring,host_cell,196,141,37,170
Falciparum_1701151546-0014-R_31,Falciparum,ring,host_cell,196,114,36,137
Falciparum_1701151546-0014-R_32,Falciparum,ring,host_cell,196,129,31,155
Falciparum_1701151546-0014-R_33,Falciparum,ring,host_cell,196,129,30,155
Falciparum_1701151546-0014-R_34,Falciparum,ring,host_cell,196,114,40,137
Falciparum_1701151546-0014-R_35,Falciparum,ring,host_cell,196,139,46,167
Falciparum_1701151546-0014-R_36,Falciparum,ring,host_cell,196,137,39,165
Falciparum_1701151546-0014-R_37,Falciparum,ring,host_cell,196,170,24,204
Falciparum_1701151546-0014-R_38,Falciparum,ring,host_cell,196,145,21,174
Falciparum_1701151546-0014-R_39,Falciparum,ring,host_cell,196,140,17,168
Falciparum_1701151546-0014-R_40,Falciparum,ring,host_cell,196,166,23,199
Falciparum_1701151546-0014-R_41,Falciparum,ring,host_cell,196,136,22,164
Falciparum_1701151546-0014-R_42,Falciparum,ring,host_cell,196,188,59,226
Falciparum_1701151546-0014-R_43,Falciparum,ring,host_cell,196,136,42,164
Falciparum_1701151546-0014-R_44,Falciparum,ring,host_cell,196,123,21,147
Falciparum_1701151546-0014-R_45,Falciparum,ring,host_cell,196,131,23,157
Falciparum_1701151546-0014-R_46,Falciparum,ring,host_cell,196,131,28,158
Falciparum_1701151546-0014-R_47,Falciparum,ring,host_cell,196,188,75,226
Falciparum_1701151546-0014-R_48,Falciparum,ring,host_cell,196,152,17,183
Falciparum_1701151546-0014-R_49,Falciparum,ring,host_cell,196,141,17,169
Falciparum_1701151546-0014-R_50,Falciparum,ring,host_cell,196,141,19,169
Falciparum_1701151546-0014-R_51,Falciparum,ring,host_cell,196,137,44,165
Falciparum_1701151546-0014-R_52,Falciparum,ring,host_cell,196,135,47,162
Falciparum_1701151546-0014-R_53,Falciparum,ring,fallback_clump,196,225,24,168
Falciparum_1701151546-0014-R_54,Falciparum,ring,fallback_clump,196,225,17,168
Falciparum_1701151546-0014-R_55,Falciparum,ring,host_cell,196,113,35,135
Falciparum_1701151546-0014-R_56,Falciparum,ring,host_cell,196,117,25,141
Falciparum_1701151546-0014-R_57,Falciparum,ring,host_cell,196,121,39,146
Falciparum_1701151546-0014-R_58,Falciparum,ring,host_cell,196,112,28,135
Falciparum_1701151546-0014-R_59,Falciparum,ring,host_cell,196,127,50,153
Falciparum_1701151546-0014-R_60,Falciparum,ring,host_cell,196,136,43,164
Falciparum_1701151546-0014-R_61,Falciparum,ring,host_cell,196,148,26,178
Falciparum_1701151546-0014-R_62,Falciparum,ring,host_cell,196,121,35,146
Falciparum_1701151546-0014-R_63,Falciparum,ring,host_cell,196,139,23,167
Falciparum_1701151546-0014-R_64,Falciparum,ring,fallback_clump,196,232,51,168
Falciparum_1701151546-0014-R_65,Falciparum,ring,host_cell,196,196,47,236
Falciparum_1701151546-0014-R_66,Falciparum,ring,fallback_clump,196,229,40,168
Falciparum_1701151546-0015-R_T_0,Falciparum,ring,host_cell,196,141,21,170
Falciparum_1701151546-0015-R_T_1,Falciparum,ring,host_cell,196,132,40,158
Falciparum_1701151546-0015-R_T_2,Falciparum,ring,host_cell,196,139,49,167
Falciparum_1701151546-0015-R_T_3,Falciparum,trophozoite,host_cell,196,119,50,143
Falciparum_1701151546-0015-R_T_4,Falciparum,trophozoite,host_cell,196,132,40,158
Falciparum_1701151546-0015-R_T_5,Falciparum,ring,host_cell,196,122,68,147
Falciparum_1701151546-0015-R_T_6,Falciparum,trophozoite,host_cell,196,135,145,174
Falciparum_1701151546-0015-R_T_7,Falciparum,ring,host_cell,196,133,46,159
Falciparum_1701151546-0015-R_T_8,Falciparum,ring,host_cell,196,120,44,144
Falciparum_1701151546-0015-R_T_9,Falciparum,ring,host_cell,196,121,46,146
Falciparum_1701151546-0015-R_T_10,Falciparum,ring,host_cell,196,131,38,157
Falciparum_1701151546-0015-R_T_11,Falciparum,ring,host_cell,196,111,42,134
Falciparum_1701151546-0015-R_T_12,Falciparum,ring,host_cell,196,111,35,134
Falciparum_1701151546-0015-R_T_13,Falciparum,ring,host_cell,196,128,41,154
Falciparum_1701151546-0015-R_T_14,Falciparum,ring,host_cell,196,128,62,158
Falciparum_1701151546-0015-R_T_15,Falciparum,trophozoite,fallback_clump,196,267,73,168
Falciparum_1701151546-0015-R_T_16,Falciparum,ring,fallback_clump,196,267,55,168
Falciparum_1701151546-0015-R_T_17,Falciparum,trophozoite,fallback_clump,196,245,82,168
Falciparum_1701151546-0015-R_T_18,Falciparum,ring,host_cell,196,130,51,156
Falciparum_1701151546-0015-R_T_19,Falciparum,ring,host_cell,196,123,46,148
Falciparum_1701151546-0015-R_T_20,Falciparum,ring,host_cell,196,135,47,162
Falciparum_1701151546-0015-R_T_21,Falciparum,ring,host_cell,196,119,53,143
Falciparum_1701151546-0015-R_T_22,Falciparum,ring,host_cell,196,119,47,143
Falciparum_1701151546-0015-R_T_23,Falciparum,ring,host_cell,196,143,62,171
Falciparum_1701151546-0015-R_T_24,Falciparum,ring,host_cell,196,119,52,143
Falciparum_1701151546-0015-R_T_25,Falciparum,trophozoite,host_cell,196,136,87,164
Falciparum_1701151546-0015-R_T_26,Falciparum,ring,host_cell,196,135,39,162
Falciparum_1701151546-0015-R_T_27,Falciparum,ring,host_cell,196,128,51,154
Falciparum_1701151546-0015-R_T_28,Falciparum,ring,host_cell,196,150,37,180
Falciparum_1701151546-0015-R_T_29,Falciparum,ring,host_cell,196,130,48,156
Falciparum_1701151546-0015-R_T_30,Falciparum,ring,host_cell,196,127,45,153
Falciparum_1701151546-0015-R_T_31,Falciparum,ring,host_cell,196,144,43,172
Falciparum_1701151546-0015-R_T_32,Falciparum,ring,host_cell,196,144,45,173
Falciparum_1701151546-0015-R_T_33,Falciparum,ring,host_cell,196,121,35,146
Falciparum_1701151546-0015-R_T_34,Falciparum,ring,host_cell,196,126,27,152
Falciparum_1701151546-0015-R_T_35,Falciparum,ring,host_cell,196,128,40,154
Falciparum_1701151546-0015-R_T_36,Falciparum,ring,host_cell,196,127,47,153
Falciparum_1704282807-0001-R_0,Falciparum,ring,host_cell,196,119,73,143
Falciparum_1704282807-0001-R_1,Falciparum,ring,host_cell,196,135,75,162
Falciparum_1704282807-0001-R_2,Falciparum,ring,host_cell,196,148,66,178
Falciparum_1704282807-0001-R_3,Falciparum,ring,host_cell,196,143,76,171
Falciparum_1704282807-0001-R_4,Falciparum,ring,host_cell,196,137,71,168
Falciparum_1704282807-0001-R_5,Falciparum,ring,host_cell,196,125,73,150
Falciparum_1704282807-0001-R_6,Falciparum,ring,host_cell,196,128,80,154
Falciparum_1704282807-0001-R_7,Falciparum,ring,host_cell,196,124,115,148
Falciparum_1704282807-0001-R_8,Falciparum,ring,host_cell,196,141,79,169
Falciparum_1704282807-0001-R_9,Falciparum,ring,host_cell,196,170,62,204
Falciparum_1704282807-0002-R_0,Falciparum,ring,fallback_clump,196,217,57,168
Falciparum_1704282807-0002-R_1,Falciparum,ring,host_cell,196,93,64,111
Falciparum_1704282807-0002-R_2,Falciparum,ring,host_cell,196,162,58,194
Falciparum_1704282807-0002-R_3,Falciparum,ring,fallback_clump,196,336,65,168
Falciparum_1704282807-0002-R_4,Falciparum,ring,fallback_clump,196,202,65,168
Falciparum_1704282807-0002-R_5,Falciparum,ring,host_cell,196,166,70,200
Falciparum_1704282807-0002-R_6,Falciparum,ring,fallback_clump,196,198,66,168
Falciparum_1704282807-0002-R_7,Falciparum,ring,host_cell,196,190,57,228
Falciparum_1704282807-0002-R_8,Falciparum,ring,host_cell,196,137,78,165
Falciparum_1704282807-0002-R_9,Falciparum,ring,host_cell,196,150,65,180
Falciparum_1704282807-0002-R_10,Falciparum,ring,fallback_clump,196,293,67,168
Falciparum_1704282807-0002-R_11,Falciparum,ring,fallback_clump,196,308,71,168
Falciparum_1704282807-0002-R_12,Falciparum,ring,host_cell,196,135,61,162
Falciparum_1704282807-0002-R_13,Falciparum,ring,fallback_clump,196,216,73,168
Falciparum_1704282807-0002-R_14,Falciparum,ring,host_cell,196,154,73,185
Falciparum_1704282807-0002-R_15,Falciparum,ring,host_cell,196,135,63,162
Falciparum_1704282807-0002-R_16,Falciparum,ring,host_cell,196,133,56,159
Falciparum_1704282807-0002-R_17,Falciparum,ring,host_cell,196,117,69,141
Falciparum_1704282807-0002-R_18,Falciparum,ring,host_cell,196,135,64,162
Falciparum_1704282807-0003-R_0,Falciparum,ring,fallback_clump,196,279,76,168
Falciparum_1704282807-0003-R_1,Falciparum,ring,host_cell,196,146,60,176
Falciparum_1704282807-0003-R_2,Falciparum,ring,host_cell,196,148,38,178
Falciparum_1704282807-0003-R_3,Falciparum,ring,host_cell,196,148,40,178
Falciparum_1704282807-0003-R_4,Falciparum,ring,host_cell,196,110,43,132
Falciparum_1704282807-0003-R_5,Falciparum,ring,fallback_clump,196,252,75,168
Falciparum_1704282807-0003-R_6,Falciparum,ring,host_cell,196,134,73,161
Falciparum_1704282807-0003-R_7,Falciparum,ring,host_cell,196,129,39,155
Falciparum_1704282807-0003-R_8,Falciparum,ring,host_cell,196,149,60,179
Falciparum_1704282807-0003-R_9,Falciparum,ring,host_cell,196,132,84,159
Falciparum_1704282807-0003-R_10,Falciparum,ring,fallback_clump,196,231,73,168
Falciparum_1704282807-0003-R_11,Falciparum,ring,host_cell,196,147,69,177
Falciparum_1704282807-0003-R_12,Falciparum,ring,host_cell,196,153,67,184
Falciparum_1704282807-0003-R_13,Falciparum,ring,host_cell,196,120,30,144
Falciparum_1704282807-0003-R_14,Falciparum,ring,host_cell,196,137,69,165
Falciparum_1704282807-0003-R_15,Falciparum,ring,host_cell,196,136,62,164
Falciparum_1704282807-0003-R_16,Falciparum,ring,host_cell,196,138,87,166
Falciparum_1704282807-0004-R_T_0,Falciparum,ring,host_cell,196,180,62,216
Falciparum_1704282807-0004-R_T_1,Falciparum,ring,host_cell,196,162,78,194
Falciparum_1704282807-0004-R_T_2,Falciparum,ring,host_cell,196,122,70,147
Falciparum_1704282807-0004-R_T_3,Falciparum,ring,host_cell,196,177,68,213
Falciparum_1704282807-0004-R_T_4,Falciparum,ring,fallback_clump,196,204,70,168
Falciparum_1704282807-0004-R_T_5,Falciparum,ring,host_cell,196,173,60,207
Falciparum_1704282807-0004-R_T_6,Falciparum,trophozoite,fallback_clump,196,259,82,168
Falciparum_1704282807-0004-R_T_7,Falciparum,ring,host_cell,196,137,78,165
Falciparum_1704282807-0004-R_T_8,Falciparum,trophozoite,host_cell,196,154,109,185
Falciparum_1704282807-0004-R_T_9,Falciparum,ring,fallback_clump,196,198,88,168
Falciparum_1704282807-0004-R_T_10,Falciparum,ring,host_cell,196,143,68,171
Falciparum_1704282807-0005-R_0,Falciparum,ring,fallback_clump,196,299,62,168
Falciparum_1704282807-0005-R_1,Falciparum,ring,host_cell,196,134,69,160
Falciparum_1704282807-0005-R_2,Falciparum,ring,fallback_clump,196,202,78,168
Falciparum_1704282807-0005-R_3,Falciparum,ring,host_cell,196,139,81,167
Falciparum_1704282807-0005-R_4,Falciparum,ring,fallback_clump,196,217,79,168
Falciparum_1704282807-0005-R_5,Falciparum,ring,host_cell,196,136,65,164
Falciparum_1704282807-0005-R_6,Falciparum,ring,host_cell,196,135,61,162
Falciparum_1704282807-0005-R_7,Falciparum,ring,host_cell,196,128,62,154
Falciparum_1704282807-0005-R_8,Falciparum,ring,host_cell,196,136,69,163
Falciparum_1704282807-0005-R_9,Falciparum,ring,host_cell,196,144,60,173
Falciparum_1704282807-0005-R_10,Falciparum,ring,host_cell,196,135,75,162
Falciparum_1704282807-0005-R_11,Falciparum,ring,host_cell,196,142,88,170
Falciparum_1704282807-0005-R_12,Falciparum,ring,host_cell,196,151,65,181
Falciparum_1704282807-0005-R_13,Falciparum,ring,host_cell,196,137,63,165
Falciparum_1704282807-0005-R_14,Falciparum,ring,host_cell,196,156,76,188
Falciparum_1704282807-0005-R_15,Falciparum,ring,host_cell,196,151,56,181
Falciparum_1704282807-0005-R_16,Falciparum,ring,fallback_clump,196,205,79,168
Falciparum_1704282807-0005-R_17,Falciparum,ring,fallback_clump,196,202,71,168
Falciparum_1704282807-0006-R_0,Falciparum,ring,host_cell,196,130,68,156
Falciparum_1704282807-0006-R_1,Falciparum,ring,host_cell,196,143,60,171
Falciparum_1704282807-0006-R_2,Falciparum,ring,host_cell,196,135,70,162
Falciparum_1704282807-0006-R_3,Falciparum,ring,host_cell,196,155,73,186
Falciparum_1704282807-0006-R_4,Falciparum,ring,fallback_clump,196,220,59,168
Falciparum_1704282807-0006-R_5,Falciparum,ring,host_cell,196,144,62,173
Falciparum_1704282807-0006-R_6,Falciparum,ring,fallback_clump,196,395,80,168
Falciparum_1704282807-0006-R_7,Falciparum,ring,fallback_clump,196,319,68,168
Falciparum_1704282807-0006-R_8,Falciparum,ring,fallback_clump,196,382,82,168
Falciparum_1704282807-0006-R_9,Falciparum,ring,host_cell,196,135,69,164
Falciparum_1704282807-0006-R_10,Falciparum,ring,fallback_clump,196,283,66,168
Falciparum_1704282807-0006-R_11,Falciparum,ring,host_cell,196,149,57,179
Falciparum_1704282807-0006-R_12,Falciparum,ring,host_cell,196,133,64,159
Falciparum_1704282807-0006-R_13,Falciparum,ring,host_cell,196,128,71,154
Falciparum_1704282807-0006-R_14,Falciparum,ring,host_cell,196,128,69,154
Falciparum_1704282807-0006-R_15,Falciparum,ring,fallback_clump,196,327,62,168
Falciparum_1704282807-0007-R_0,Falciparum,ring,host_cell,196,154,61,184
Falciparum_1704282807-0007-R_1,Falciparum,ring,host_cell,196,148,75,178
Falciparum_1704282807-0007-R_2,Falciparum,ring,fallback_clump,196,257,69,168
Falciparum_1704282807-0007-R_3,Falciparum,ring,fallback_clump,196,226,58,168
Falciparum_1704282807-0007-R_4,Falciparum,ring,host_cell,196,142,55,171
Falciparum_1704282807-0007-R_5,Falciparum,ring,host_cell,196,163,74,196
Falciparum_1704282807-0007-R_6,Falciparum,ring,host_cell,196,175,84,210
Falciparum_1704282807-0007-R_7,Falciparum,ring,fallback_clump,196,214,69,168
Falciparum_1704282807-0007-R_8,Falciparum,ring,host_cell,196,149,60,179
Falciparum_1704282807-0007-R_9,Falciparum,ring,host_cell,196,152,78,182
Falciparum_1704282807-0007-R_10,Falciparum,ring,host_cell,196,141,73,169
Falciparum_1704282807-0007-R_11,Falciparum,ring,host_cell,196,146,67,176
Falciparum_1704282807-0007-R_12,Falciparum,ring,fallback_clump,196,215,55,168
Falciparum_1704282807-0007-R_13,Falciparum,ring,fallback_clump,196,223,63,168
Falciparum_1704282807-0007-R_14,Falciparum,ring,host_cell,196,137,76,165
Falciparum_1704282807-0007-R_15,Falciparum,ring,fallback_clump,196,280,74,168
Falciparum_1704282807-0008-R_0,Falciparum,ring,host_cell,196,134,50,161
Falciparum_1704282807-0008-R_1,Falciparum,ring,host_cell,196,130,72,156
Falciparum_1704282807-0008-R_2,Falciparum,ring,host_cell,196,155,66,186
Falciparum_1704282807-0008-R_3,Falciparum,ring,host_cell,196,176,56,212
Falciparum_1704282807-0008-R_4,Falciparum,ring,host_cell,196,132,69,159
Falciparum_1704282807-0008-R_5,Falciparum,ring,host_cell,196,161,69,193
Falciparum_1704282807-0008-R_6,Falciparum,ring,fallback_clump,196,210,61,168
Falciparum_1704282807-0008-R_7,Falciparum,ring,host_cell,196,151,59,181
Falciparum_1704282807-0008-R_8,Falciparum,ring,host_cell,196,153,89,183
Falciparum_1704282807-0008-R_9,Falciparum,ring,host_cell,196,140,56,168
Falciparum_1704282807-0008-R_10,Falciparum,ring,host_cell,196,122,64,147
Falciparum_1704282807-0008-R_11,Falciparum,ring,host_cell,196,122,76,147
Falciparum_1704282807-0008-R_12,Falciparum,ring,host_cell,196,127,69,153
Falciparum_1704282807-0008-R_13,Falciparum,ring,host_cell,196,146,64,176
Falciparum_1704282807-0008-R_14,Falciparum,ring,host_cell,196,131,66,157
Falciparum_1704282807-0008-R_15,Falciparum,ring,host_cell,196,148,56,178
Falciparum_1704282807-0008-R_16,Falciparum,ring,fallback_clump,196,252,61,168
Falciparum_1704282807-0008-R_17,Falciparum,ring,host_cell,196,135,53,162
Falciparum_1704282807-0009-R_0,Falciparum,ring,host_cell,196,156,62,188
Falciparum_1704282807-0009-R_1,Falciparum,ring,host_cell,196,151,64,181
Falciparum_1704282807-0009-R_2,Falciparum,ring,host_cell,196,154,49,184
Falciparum_1704282807-0009-R_3,Falciparum,ring,fallback_clump,196,265,56,168
Falciparum_1704282807-0009-R_4,Falciparum,ring,host_cell,196,184,72,220
Falciparum_1704282807-0009-R_5,Falciparum,ring,fallback_clump,196,198,61,168
Falciparum_1704282807-0009-R_6,Falciparum,ring,host_cell,196,139,65,167
Falciparum_1704282807-0009-R_7,Falciparum,ring,fallback_clump,196,205,68,168
Falciparum_1704282807-0009-R_8,Falciparum,ring,host_cell,196,137,60,165
Falciparum_1704282807-0009-R_9,Falciparum,ring,host_cell,196,162,64,195
Falciparum_1704282807-0009-R_10,Falciparum,ring,fallback_missed,196,0,56,168
Falciparum_1704282807-0009-R_11,Falciparum,ring,host_cell,196,159,58,191
Falciparum_1704282807-0010-R_0,Falciparum,ring,host_cell,196,166,92,200
Falciparum_1704282807-0010-R_1,Falciparum,ring,host_cell,196,151,72,182
Falciparum_1704282807-0010-R_2,Falciparum,ring,fallback_clump,196,420,121,168
Falciparum_1704282807-0010-R_3,Falciparum,ring,fallback_clump,196,242,86,168
Falciparum_1704282807-0010-R_4,Falciparum,ring,host_cell,196,142,76,170
Falciparum_1704282807-0010-R_5,Falciparum,ring,fallback_clump,196,229,68,168
Falciparum_1704282807-0010-R_6,Falciparum,ring,fallback_clump,196,230,57,168
Falciparum_1704282807-0010-R_7,Falciparum,ring,host_cell,196,110,94,132
Falciparum_1704282807-0010-R_8,Falciparum,ring,fallback_clump,196,275,77,168
Falciparum_1704282807-0010-R_9,Falciparum,ring,fallback_clump,196,302,75,168
Falciparum_1704282807-0010-R_10,Falciparum,ring,host_cell,196,131,74,158
Falciparum_1704282807-0010-R_11,Falciparum,ring,host_cell,196,134,65,160
Falciparum_1704282807-0010-R_12,Falciparum,ring,host_cell,196,135,53,162
Falciparum_1704282807-0010-R_13,Falciparum,ring,fallback_clump,196,329,69,168
Falciparum_1704282807-0011-R_T_0,Falciparum,ring,fallback_clump,196,420,73,168
Falciparum_1704282807-0011-R_T_1,Falciparum,ring,host_cell,196,138,70,166
Falciparum_1704282807-0011-R_T_2,Falciparum,ring,fallback_clump,196,265,85,168
Falciparum_1704282807-0011-R_T_3,Falciparum,ring,host_cell,196,137,62,165
Falciparum_1704282807-0011-R_T_4,Falciparum,ring,host_cell,196,146,60,176
Falciparum_1704282807-0011-R_T_5,Falciparum,ring,host_cell,196,51,78,94
Falciparum_1704282807-0011-R_T_6,Falciparum,ring,host_cell,196,142,58,170
Falciparum_1704282807-0011-R_T_7,Falciparum,ring,host_cell,196,140,58,168
Falciparum_1704282807-0011-R_T_8,Falciparum,ring,fallback_clump,196,269,73,168
Falciparum_1704282807-0011-R_T_9,Falciparum,ring,host_cell,196,143,76,171
Falciparum_1704282807-0011-R_T_10,Falciparum,trophozoite,host_cell,196,154,79,184
Falciparum_1704282807-0011-R_T_11,Falciparum,ring,fallback_clump,196,217,63,168
Falciparum_1704282807-0011-R_T_12,Falciparum,ring,host_cell,196,183,70,219
Falciparum_1704282807-0011-R_T_13,Falciparum,ring,host_cell,196,148,63,178
Falciparum_1704282807-0011-R_T_14,Falciparum,ring,host_cell,196,145,54,174
Falciparum_1704282807-0011-R_T_15,Falciparum,ring,host_cell,196,145,54,174
Falciparum_1704282807-0012-R_T_0,Falciparum,ring,fallback_clump,196,269,58,168
Falciparum_1704282807-0012-R_T_1,Falciparum,ring,fallback_clump,196,208,56,168
Falciparum_1704282807-0012-R_T_2,Falciparum,ring,host_cell,196,153,64,183
Falciparum_1704282807-0012-R_T_3,Falciparum,ring,host_cell,196,145,69,174
Falciparum_1704282807-0012-R_T_4,Falciparum,ring,host_cell,196,152,78,182
Falciparum_1704282807-0012-R_T_5,Falciparum,ring,host_cell,196,145,38,174
Falciparum_1704282807-0012-R_T_6,Falciparum,ring,host_cell,196,148,60,178
Falciparum_1704282807-0012-R_T_7,Falciparum,trophozoite,host_cell,196,145,62,174
Falciparum_1704282807-0012-R_T_8,Falciparum,ring,host_cell,196,142,61,170
Falciparum_1704282807-0012-R_T_9,Falciparum,ring,host_cell,196,159,64,191
Falciparum_1704282807-0012-R_T_10,Falciparum,trophozoite,host_cell,196,113,67,136
Falciparum_1704282807-0012-R_T_11,Falciparum,ring,fallback_clump,196,245,72,168
Falciparum_1704282807-0012-R_T_12,Falciparum,trophozoite,fallback_clump,196,228,74,168
Falciparum_1704282807-0012-R_T_13,Falciparum,ring,host_cell,196,182,68,219
Falciparum_1704282807-0012-R_T_14,Falciparum,ring,host_cell,196,194,60,232
Falciparum_1704282807-0012-R_T_15,Falciparum,ring,fallback_clump,196,243,62,168
Falciparum_1704282807-0012-R_T_16,Falciparum,trophozoite,host_cell,196,134,121,161
Falciparum_1704282807-0012-R_T_17,Falciparum,ring,host_cell,196,134,64,160
Falciparum_1704282807-0012-R_T_18,Falciparum,ring,host_cell,196,136,68,164
Falciparum_1704282807-0012-R_T_19,Falciparum,ring,host_cell,196,159,58,191
Falciparum_1704282807-0012-R_T_20,Falciparum,ring,host_cell,196,133,58,159
Falciparum_1704282807-0012-R_T_21,Falciparum,ring,host_cell,196,182,57,218
Falciparum_1704282807-0012-R_T_22,Falciparum,ring,host_cell,196,193,33,231
Falciparum_1704282807-0012-R_T_23,Falciparum,ring,host_cell,196,156,66,188
Falciparum_1704282807-0012-R_T_24,Falciparum,ring,host_cell,196,145,70,174
Falciparum_1704282807-0012-R_T_25,Falciparum,ring,host_cell,196,130,88,156
Falciparum_1704282807-0012-R_T_26,Falciparum,ring,host_cell,196,138,38,166
Falciparum_1704282807-0013-R_T_0,Falciparum,ring,fallback_clump,196,266,64,168
Falciparum_1704282807-0013-R_T_1,Falciparum,ring,host_cell,196,55,79,95
Falciparum_1704282807-0013-R_T_2,Falciparum,ring,fallback_clump,196,285,63,168
Falciparum_1704282807-0013-R_T_3,Falciparum,ring,host_cell,196,122,67,148
Falciparum_1704282807-0013-R_T_4,Falciparum,trophozoite,fallback_clump,196,313,112,168
Falciparum_1704282807-0013-R_T_5,Falciparum,ring,host_cell,196,145,52,174
Falciparum_1704282807-0013-R_T_6,Falciparum,ring,host_cell,196,125,52,150
Falciparum_1704282807-0013-R_T_7,Falciparum,ring,fallback_clump,196,308,43,168
Falciparum_1704282807-0013-R_T_8,Falciparum,ring,host_cell,196,135,77,162
Falciparum_1704282807-0013-R_T_9,Falciparum,ring,host_cell,196,124,64,148
Falciparum_1704282807-0013-R_T_10,Falciparum,ring,host_cell,196,135,61,162
Falciparum_1704282807-0013-R_T_11,Falciparum,ring,host_cell,196,132,64,158
Falciparum_1704282807-0013-R_T_12,Falciparum,ring,host_cell,196,192,61,231
Falciparum_1704282807-0013-R_T_13,Falciparum,ring,fallback_clump,196,229,46,168
Falciparum_1704282807-0013-R_T_14,Falciparum,ring,fallback_clump,196,209,64,168
Falciparum_1704282807-0013-R_T_15,Falciparum,ring,host_cell,196,135,75,165
Falciparum_1704282807-0013-R_T_16,Falciparum,ring,host_cell,196,195,82,234
Falciparum_1704282807-0013-R_T_17,Falciparum,ring,fallback_clump,196,360,72,168
Falciparum_1704282807-0013-R_T_18,Falciparum,ring,host_cell,196,193,65,231
Falciparum_1704282807-0013-R_T_19,Falciparum,ring,host_cell,196,126,74,152
Falciparum_1704282807-0013-R_T_20,Falciparum,ring,host_cell,196,132,57,159
Falciparum_1704282807-0013-R_T_21,Falciparum,ring,host_cell,196,170,58,204
Falciparum_1704282807-0013-R_T_22,Falciparum,ring,host_cell,196,57,74,117
Falciparum_1704282807-0013-R_T_23,Falciparum,ring,host_cell,196,135,60,162
Falciparum_1704282807-0014-R_0,Falciparum,ring,fallback_clump,196,225,76,168
Falciparum_1704282807-0014-R_1,Falciparum,ring,fallback_clump,196,218,64,168
Falciparum_1704282807-0014-R_2,Falciparum,ring,host_cell,196,128,70,154
Falciparum_1704282807-0014-R_3,Falciparum,ring,host_cell,196,168,68,202
Falciparum_1704282807-0014-R_4,Falciparum,ring,host_cell,196,166,70,200
Falciparum_1704282807-0014-R_5,Falciparum,ring,fallback_clump,196,350,89,168
Falciparum_1704282807-0014-R_6,Falciparum,ring,host_cell,196,139,78,167
Falciparum_1704282807-0014-R_7,Falciparum,ring,host_cell,196,179,65,215
Falciparum_1704282807-0014-R_8,Falciparum,ring,host_cell,196,141,75,169
Falciparum_1704282807-0014-R_9,Falciparum,ring,host_cell,196,152,58,182
Falciparum_1704282807-0014-R_10,Falciparum,ring,host_cell,196,170,61,204
Falciparum_1704282807-0014-R_11,Falciparum,ring,host_cell,196,40,56,68
Falciparum_1704282807-0014-R_12,Falciparum,ring,host_cell,196,152,61,189
Falciparum_1704282807-0014-R_13,Falciparum,ring,fallback_clump,196,229,72,168
Falciparum_1704282807-0014-R_14,Falciparum,ring,host_cell,196,176,67,212
Falciparum_1704282807-0014-R_15,Falciparum,ring,fallback_clump,196,340,67,168
Falciparum_1704282807-0014-R_16,Falciparum,ring,host_cell,196,146,72,176
Falciparum_1704282807-0014-R_17,Falciparum,ring,fallback_clump,196,197,66,168
Falciparum_1704282807-0014-R_18,Falciparum,ring,fallback_clump,196,332,54,168
Falciparum_1704282807-0014-R_19,Falciparum,ring,fallback_clump,196,268,62,168
Falciparum_1704282807-0014-R_20,Falciparum,ring,host_cell,196,168,41,202
Falciparum_1704282807-0014-R_21,Falciparum,ring,fallback_clump,196,249,38,168
Falciparum_1704282807-0015-R_0,Falciparum,ring,fallback_clump,196,229,86,168
Falciparum_1704282807-0015-R_1,Falciparum,ring,host_cell,196,113,54,135
Falciparum_1704282807-0015-R_2,Falciparum,ring,fallback_clump,196,364,74,168
Falciparum_1704282807-0015-R_3,Falciparum,ring,fallback_clump,196,357,76,168
Falciparum_1704282807-0015-R_4,Falciparum,ring,fallback_clump,196,232,70,168
Falciparum_1704282807-0015-R_5,Falciparum,ring,fallback_clump,196,322,62,168
Falciparum_1704282807-0015-R_6,Falciparum,ring,fallback_clump,196,272,76,168
Falciparum_1704282807-0015-R_7,Falciparum,ring,host_cell,196,178,57,214
Falciparum_1704282807-0015-R_8,Falciparum,ring,fallback_clump,196,336,62,168
Falciparum_1704282807-0015-R_9,Falciparum,ring,host_cell,196,182,81,219
Falciparum_1704282807-0015-R_10,Falciparum,ring,host_cell,196,150,52,180
Falciparum_1704282807-0015-R_11,Falciparum,ring,fallback_clump,196,297,55,168
Falciparum_1704282807-0015-R_12,Falciparum,ring,host_cell,196,118,45,142
Falciparum_1704282807-0015-R_13,Falciparum,ring,fallback_clump,196,310,66,168
Falciparum_1704282807-0015-R_14,Falciparum,ring,fallback_clump,196,313,80,168
Falciparum_1704282807-0015-R_15,Falciparum,ring,fallback_clump,196,214,40,168
Falciparum_1704282807-0015-R_16,Falciparum,ring,fallback_clump,196,290,44,168
Falciparum_1704282807-0015-R_17,Falciparum,ring,fallback_clump,196,309,80,168
Falciparum_1704282807-0015-R_18,Falciparum,ring,fallback_clump,196,318,60,168
Falciparum_1704282807-0015-R_19,Falciparum,ring,fallback_clump,196,420,81,168
Falciparum_1704282807-0015-R_20,Falciparum,ring,host_cell,196,162,25,194
Falciparum_1704282807-0016-R_0,Falciparum,ring,fallback_clump,196,204,65,168
Falciparum_1704282807-0016-R_1,Falciparum,ring,fallback_clump,196,236,61,168
Falciparum_1704282807-0016-R_2,Falciparum,ring,host_cell,196,149,61,179
Falciparum_1704282807-0016-R_3,Falciparum,ring,fallback_clump,196,286,58,168
Falciparum_1704282807-0016-R_4,Falciparum,ring,host_cell,196,196,55,236
Falciparum_1704282807-0016-R_5,Falciparum,ring,fallback_clump,196,299,58,168
Falciparum_1704282807-0016-R_6,Falciparum,ring,host_cell,196,176,57,212
Falciparum_1704282807-0016-R_7,Falciparum,ring,fallback_clump,196,303,59,168
Falciparum_1704282807-0016-R_8,Falciparum,ring,host_cell,196,154,62,185
Falciparum_1704282807-0016-R_9,Falciparum,ring,fallback_clump,196,224,23,168
Falciparum_1704282807-0016-R_10,Falciparum,ring,host_cell,196,136,67,164
Falciparum_1704282807-0016-R_11,Falciparum,ring,host_cell,196,33,43,52
Falciparum_1704282807-0016-R_12,Falciparum,ring,fallback_clump,196,245,54,168
Falciparum_1704282807-0016-R_13,Falciparum,ring,host_cell,196,113,53,135
Falciparum_1704282807-0016-R_14,Falciparum,ring,fallback_clump,196,354,35,168
Falciparum_1704282807-0016-R_15,Falciparum,ring,fallback_clump,196,417,75,168
Falciparum_1704282807-0016-R_16,Falciparum,ring,fallback_clump,196,360,93,168
Falciparum_1704282807-0016-R_17,Falciparum,ring,fallback_clump,196,361,60,168
Falciparum_1704282807-0016-R_18,Falciparum,ring,host_cell,196,164,64,196
Falciparum_1704282807-0016-R_19,Falciparum,ring,fallback_clump,196,203,57,168
Falciparum_1704282807-0016-R_20,Falciparum,ring,fallback_clump,196,296,35,168
Falciparum_1704282807-0016-R_21,Falciparum,ring,fallback_clump,196,420,34,168
Falciparum_1704282807-0016-R_22,Falciparum,ring,fallback_clump,196,363,71,168
Falciparum_1704282807-0016-R_23,Falciparum,ring,host_cell,196,110,72,132
Falciparum_1704282807-0016-R_24,Falciparum,ring,fallback_clump,196,214,76,168
Falciparum_1704282807-0016-R_25,Falciparum,ring,host_cell,196,37,57,69
Falciparum_1704282807-0016-R_26,Falciparum,ring,host_cell,196,186,56,205
Falciparum_1704282807-0016-R_27,Falciparum,ring,fallback_clump,196,228,62,168
Falciparum_1704282807-0016-R_28,Falciparum,ring,fallback_clump,196,272,60,168
Falciparum_1704282807-0017-R_0,Falciparum,ring,host_cell,196,171,65,206
Falciparum_1704282807-0017-R_1,Falciparum,ring,host_cell,196,183,83,219
Falciparum_1704282807-0017-R_2,Falciparum,ring,fallback_clump,196,258,71,168
Falciparum_1704282807-0017-R_3,Falciparum,ring,host_cell,196,120,56,144
Falciparum_1704282807-0017-R_4,Falciparum,ring,host_cell,196,188,56,226
Falciparum_1704282807-0017-R_5,Falciparum,ring,host_cell,196,137,64,165
Falciparum_1704282807-0017-R_6,Falciparum,ring,host_cell,196,153,63,183
Falciparum_1704282807-0017-R_7,Falciparum,ring,fallback_clump,196,269,59,168
Falciparum_1704282807-0017-R_8,Falciparum,ring,host_cell,196,158,72,190
Falciparum_1704282807-0017-R_9,Falciparum,ring,fallback_clump,196,420,73,168
Falciparum_1704282807-0017-R_10,Falciparum,ring,fallback_clump,196,321,56,168
Falciparum_1704282807-0017-R_11,Falciparum,ring,host_cell,196,135,73,162
Falciparum_1704282807-0017-R_12,Falciparum,ring,host_cell,196,123,61,147
Falciparum_1704282807-0017-R_13,Falciparum,ring,fallback_clump,196,244,54,168
Falciparum_1704282807-0017-R_14,Falciparum,ring,fallback_clump,196,261,73,168
Falciparum_1704282807-0017-R_15,Falciparum,ring,fallback_clump,196,239,50,168
Falciparum_1704282807-0017-R_16,Falciparum,ring,host_cell,196,131,60,157
Falciparum_1704282807-0017-R_17,Falciparum,ring,fallback_clump,196,420,84,168
Falciparum_1704282807-0017-R_18,Falciparum,ring,host_cell,196,177,65,215
Falciparum_1704282807-0017-R_19,Falciparum,ring,fallback_clump,196,420,74,168
Falciparum_1704282807-0017-R_20,Falciparum,ring,host_cell,196,129,51,155
Falciparum_1704282807-0017-R_21,Falciparum,ring,host_cell,196,120,70,144
Falciparum_1704282807-0017-R_22,Falciparum,ring,host_cell,196,182,66,218
Falciparum_1704282807-0017-R_23,Falciparum,ring,fallback_clump,196,235,83,168
Falciparum_1704282807-0017-R_24,Falciparum,ring,fallback_clump,196,259,77,168
Falciparum_1704282807-0017-R_25,Falciparum,ring,host_cell,196,118,53,142
Falciparum_1704282807-0017-R_26,Falciparum,ring,fallback_clump,196,320,71,168
Falciparum_1704282807-0017-R_27,Falciparum,ring,host_cell,196,191,73,229
Falciparum_1704282807-0017-R_28,Falciparum,ring,host_cell,196,128,76,153
Falciparum_1704282807-0017-R_29,Falciparum,ring,host_cell,196,172,67,207
Falciparum_1704282807-0017-R_30,Falciparum,ring,fallback_clump,196,199,86,168
Falciparum_1704282807-0017-R_31,Falciparum,ring,host_cell,196,183,71,225
Falciparum_1704282807-0017-R_32,Falciparum,ring,host_cell,196,34,71,86
Falciparum_1704282807-0017-R_33,Falciparum,ring,fallback_clump,196,222,74,168
Falciparum_1704282807-0018-R_0,Falciparum,ring,fallback_clump,196,267,78,168
Falciparum_1704282807-0018-R_1,Falciparum,ring,fallback_clump,196,420,95,168
Falciparum_1704282807-0018-R_2,Falciparum,ring,fallback_clump,196,206,61,168
Falciparum_1704282807-0018-R_3,Falciparum,ring,fallback_clump,196,264,49,168
Falciparum_1704282807-0018-R_4,Falciparum,ring,fallback_clump,196,406,50,168
Falciparum_1704282807-0018-R_5,Falciparum,ring,fallback_clump,196,265,89,168
Falciparum_1704282807-0018-R_6,Falciparum,ring,host_cell,196,160,82,192
Falciparum_1704282807-0018-R_7,Falciparum,ring,fallback_clump,196,372,77,168
Falciparum_1704282807-0018-R_8,Falciparum,ring,fallback_clump,196,420,78,168
Falciparum_1704282807-0018-R_9,Falciparum,ring,fallback_clump,196,373,77,168
Falciparum_1704282807-0018-R_10,Falciparum,ring,fallback_clump,196,303,57,168
Falciparum_1704282807-0018-R_11,Falciparum,ring,host_cell,196,161,69,193
Falciparum_1704282807-0018-R_12,Falciparum,ring,host_cell,196,187,80,225
Falciparum_1704282807-0018-R_13,Falciparum,ring,fallback_clump,196,405,84,168
Falciparum_1704282807-0018-R_14,Falciparum,ring,fallback_clump,196,239,63,168
Falciparum_1704282807-0018-R_15,Falciparum,ring,fallback_clump,196,294,63,168
Falciparum_1704282807-0018-R_16,Falciparum,ring,fallback_clump,196,230,67,168
Falciparum_1704282807-0018-R_17,Falciparum,ring,fallback_clump,196,363,62,168
Falciparum_1704282807-0018-R_18,Falciparum,ring,host_cell,196,27,65,78
Falciparum_1704282807-0019-R_G_0,Falciparum,ring,fallback_clump,196,209,75,168
Falciparum_1704282807-0019-R_G_1,Falciparum,ring,fallback_clump,196,329,69,168
Falciparum_1704282807-0019-R_G_2,Falciparum,ring,host_cell,196,118,54,142
Falciparum_1704282807-0019-R_G_3,Falciparum,ring,host_cell,196,177,44,213
Falciparum_1704282807-0019-R_G_4,Falciparum,ring,fallback_clump,196,217,60,168
Falciparum_1704282807-0019-R_G_5,Falciparum,ring,fallback_clump,196,324,62,168
Falciparum_1704282807-0019-R_G_6,Falciparum,ring,host_cell,196,188,57,226
Falciparum_1704282807-0019-R_G_7,Falciparum,ring,fallback_clump,196,345,58,168
Falciparum_1704282807-0019-R_G_8,Falciparum,ring,fallback_clump,196,299,53,168
Falciparum_1704282807-0019-R_G_9,Falciparum,ring,fallback_clump,196,277,56,168
Falciparum_1704282807-0019-R_G_10,Falciparum,ring,fallback_clump,196,238,62,168
Falciparum_1704282807-0019-R_G_11,Falciparum,ring,fallback_clump,196,251,72,168
Falciparum_1704282807-0019-R_G_12,Falciparum,ring,fallback_clump,196,420,54,168
Falciparum_1704282807-0019-R_G_13,Falciparum,ring,fallback_clump,196,343,55,168
Falciparum_1704282807-0019-R_G_14,Falciparum,ring,fallback_clump,196,363,57,168
Falciparum_1704282807-0019-R_G_15,Falciparum,ring,fallback_clump,196,269,68,168
Falciparum_1704282807-0019-R_G_16,Falciparum,ring,fallback_clump,196,270,71,168
Falciparum_1704282807-0019-R_G_17,Falciparum,gametocyte,host_cell,280,275,150,330
Falciparum_1704282807-0019-R_G_18,Falciparum,ring,fallback_clump,196,375,81,168
Falciparum_1704282807-0019-R_G_19,Falciparum,ring,fallback_clump,196,278,65,168
Falciparum_1704282807-0019-R_G_20,Falciparum,ring,fallback_clump,196,341,57,168
Falciparum_1704282807-0019-R_G_21,Falciparum,ring,fallback_clump,196,420,53,168
Falciparum_1704282807-0019-R_G_22,Falciparum,ring,fallback_clump,196,401,73,168
Falciparum_1704282807-0019-R_G_23,Falciparum,ring,fallback_clump,196,221,63,168
Falciparum_1704282807-0019-R_G_24,Falciparum,ring,fallback_clump,196,300,56,168
Falciparum_1704282807-0019-R_G_25,Falciparum,ring,fallback_clump,196,244,72,168
Falciparum_1704282807-0019-R_G_26,Falciparum,ring,fallback_clump,196,339,68,168
Falciparum_1704282807-0019-R_G_27,Falciparum,ring,fallback_clump,196,328,59,168
Falciparum_1704282807-0019-R_G_28,Falciparum,ring,fallback_clump,196,420,60,168
Falciparum_1704282807-0019-R_G_29,Falciparum,ring,fallback_clump,196,261,63,168
Falciparum_1704282807-0019-R_G_30,Falciparum,ring,fallback_clump,196,335,74,168
Falciparum_1704282807-0019-R_G_31,Falciparum,ring,fallback_clump,196,420,64,168
Falciparum_1704282807-0019-R_G_32,Falciparum,ring,fallback_clump,196,321,64,168
Falciparum_1704282807-0019-R_G_33,Falciparum,ring,fallback_clump,196,374,81,168
Falciparum_1704282807-0019-R_G_34,Falciparum,ring,fallback_clump,196,335,60,168
Falciparum_1704282807-0019-R_G_35,Falciparum,ring,fallback_clump,196,366,74,168
Falciparum_1704282807-0019-R_G_36,Falciparum,ring,fallback_clump,196,272,56,168
Falciparum_1704282807-0019-R_G_37,Falciparum,ring,fallback_clump,196,396,66,168
Falciparum_1704282807-0019-R_G_38,Falciparum,ring,fallback_clump,196,420,56,168
Falciparum_1704282807-0019-R_G_39,Falciparum,ring,fallback_clump,196,420,69,168
Falciparum_1704282807-0019-R_G_40,Falciparum,ring,host_cell,196,44,45,54
Falciparum_1704282807-0020-R_T_S_0,Falciparum,ring,host_cell,196,149,72,181
Falciparum_1704282807-0020-R_T_S_1,Falciparum,ring,host_cell,196,138,81,166
Falciparum_1704282807-0020-R_T_S_2,Falciparum,ring,host_cell,196,154,76,185
Falciparum_1704282807-0020-R_T_S_3,Falciparum,ring,host_cell,196,156,94,188
Falciparum_1704282807-0020-R_T_S_4,Falciparum,trophozoite,fallback_clump,196,215,125,168
Falciparum_1704282807-0020-R_T_S_5,Falciparum,trophozoite,host_cell,196,151,70,181
Falciparum_1704282807-0020-R_T_S_6,Falciparum,ring,host_cell,196,151,90,190
Falciparum_1704282807-0020-R_T_S_7,Falciparum,ring,host_cell,196,155,60,189
Falciparum_1704282807-0020-R_T_S_8,Falciparum,schizont,host_cell,196,144,115,172
Falciparum_1704282807-0020-R_T_S_9,Falciparum,trophozoite,host_cell,196,153,77,183
Falciparum_1704282807-0020-R_T_S_10,Falciparum,trophozoite,host_cell,196,152,102,183
Falciparum_1704282807-0020-R_T_S_11,Falciparum,trophozoite,fallback_clump,196,214,76,168
Falciparum_1704282807-0020-R_T_S_12,Falciparum,trophozoite,host_cell,196,144,89,173
Falciparum_1704282807-0020-R_T_S_13,Falciparum,trophozoite,host_cell,196,166,88,200
Falciparum_1704282807-0021-T_G_R_0,Falciparum,trophozoite,host_cell,196,130,72,156
Falciparum_1704282807-0021-T_G_R_1,Falciparum,trophozoite,fallback_clump,196,206,96,168
Falciparum_1704282807-0021-T_G_R_2,Falciparum,trophozoite,host_cell,196,144,75,172
Falciparum_1704282807-0021-T_G_R_3,Falciparum,trophozoite,host_cell,196,135,59,162
Falciparum_1704282807-0021-T_G_R_4,Falciparum,gametocyte,host_cell,280,179,194,232
Falciparum_1704282807-0021-T_G_R_5,Falciparum,ring,host_cell,196,142,63,171
Falciparum_1704282807-0021-T_G_R_6,Falciparum,trophozoite,host_cell,196,147,62,177
Falciparum_1704282807-0021-T_G_R_7,Falciparum,trophozoite,host_cell,196,147,59,177
Falciparum_1704282807-0021-T_G_R_8,Falciparum,trophozoite,host_cell,196,172,66,206
Falciparum_1704282807-0021-T_G_R_9,Falciparum,ring,host_cell,196,131,73,158
Falciparum_1704282807-0021-T_G_R_10,Falciparum,ring,host_cell,196,130,63,156
Falciparum_1704282807-0021-T_G_R_11,Falciparum,trophozoite,host_cell,196,147,77,177
Falciparum_1704282807-0021-T_G_R_12,Falciparum,trophozoite,host_cell,196,148,75,178
Falciparum_1704282807-0021-T_G_R_13,Falciparum,trophozoite,host_cell,196,148,64,178
Falciparum_1704282807-0021-T_G_R_14,Falciparum,ring,host_cell,196,148,85,178
Falciparum_1704282807-0021-T_G_R_15,Falciparum,ring,host_cell,196,146,55,176
Falciparum_1704282807-0021-T_G_R_16,Falciparum,ring,host_cell,196,145,57,174
Falciparum_1704282807-0021-T_G_R_17,Falciparum,ring,host_cell,196,140,73,168
Malariae_1312132815-0001-G_0,Malariae,gametocyte,host_cell,280,151,135,181
Malariae_1312132815-0002-T_0,Malariae,trophozoite,fallback_clump,196,235,90,168
Malariae_1312132815-0003-G_0,Malariae,gametocyte,host_cell,280,123,119,148
Malariae_1312132815-0004-G_0,Malariae,gametocyte,host_cell,280,133,103,160
Malariae_1312132815-0005-G_0,Malariae,gametocyte,host_cell,280,141,117,170
Malariae_1312132815-0008-G_0,Malariae,gametocyte,host_cell,280,189,132,227
Malariae_1312132815-0008-G_1,Malariae,gametocyte,host_cell,280,143,52,171
Malariae_1312132815-0009-G_0,Malariae,gametocyte,host_cell,280,150,130,180
Malariae_1312132815-0010-T_0,Malariae,trophozoite,host_cell,196,129,130,162
Malariae_1312132815-0011-S_0,Malariae,schizont,host_cell,196,123,105,147
Malariae_1312132815-0012-S_0,Malariae,schizont,host_cell,196,146,112,176
Malariae_1312132815-0013-S_0,Malariae,schizont,host_cell,196,133,107,160
Malariae_1312132815-0014-S_0,Malariae,schizont,host_cell,196,136,125,165
Malariae_1312132815-0015-S_0,Malariae,schizont,host_cell,196,148,115,178
Malariae_1312132815-0015-S_1,Malariae,schizont,host_cell,196,130,45,156
Malariae_1312132815-0016-T_0,Malariae,trophozoite,host_cell,196,136,109,164
Malariae_1312132815-0017-T_0,Malariae,trophozoite,host_cell,196,131,108,158
Malariae_1401063467-0001-S_0,Malariae,schizont,host_cell,196,112,114,137
Malariae_1401063467-0002-T_0,Malariae,trophozoite,host_cell,196,144,89,173
Malariae_1401063467-0003-T_0,Malariae,trophozoite,host_cell,196,114,84,137
Malariae_1401063467-0004-R_T_0,Malariae,unknown,host_cell,196,127,77,153
Malariae_1401063467-0004-R_T_1,Malariae,unknown,host_cell,196,117,112,141
Malariae_1401063467-0005-T_0,Malariae,trophozoite,host_cell,196,172,88,207
Malariae_1401063467-0006-T_0,Malariae,trophozoite,host_cell,196,115,78,138
Malariae_1401063467-0007-S_0,Malariae,schizont,host_cell,196,119,123,148
Malariae_1401063467-0008-S_0,Malariae,schizont,host_cell,196,113,109,137
Malariae_1401063467-0009-T_0,Malariae,trophozoite,host_cell,196,101,76,121
Malariae_1401063467-0010-T_0,Malariae,trophozoite,host_cell,196,110,112,135
Malariae_1401063467-0011-G_0,Malariae,gametocyte,host_cell,280,97,86,117
Malariae_1401063467-0012-S_0,Malariae,schizont,fallback_clump,196,234,103,168
Malariae_1401063467-0013-T_0,Malariae,trophozoite,host_cell,196,118,117,143
Malariae_1401080976-0001-T_0,Malariae,trophozoite,host_cell,196,166,105,200
Malariae_1401080976-0002-T_0,Malariae,trophozoite,fallback_clump,196,355,107,168
Malariae_1401080976-0003-T_0,Malariae,trophozoite,host_cell,196,99,81,120
Malariae_1401080976-0003-T_1,Malariae,trophozoite,fallback_clump,196,201,116,168
Malariae_1401080976-0004-T_0,Malariae,trophozoite,host_cell,196,105,61,126
Malariae_1401080976-0005-T_0,Malariae,trophozoite,fallback_clump,196,212,75,168
Malariae_1401080976-0005-T_1,Malariae,trophozoite,host_cell,196,169,102,203
Malariae_1401080976-0006-T_0,Malariae,trophozoite,host_cell,196,195,78,234
Malariae_1401080976-0007-T_0,Malariae,trophozoite,fallback_clump,196,250,107,168
Malariae_1401080976-0008-T_0,Malariae,trophozoite,host_cell,196,174,63,209
Malariae_1401080976-0009-S_T_0,Malariae,unknown,host_cell,196,109,62,131
Malariae_1401080976-0009-S_T_1,Malariae,unknown,host_cell,196,170,83,204
Ovale_1707180816-0001-G_R_0,Ovale,unknown,host_cell,280,161,150,194
Ovale_1707180816-0001-G_R_1,Ovale,unknown,host_cell,280,166,102,200
Ovale_1707180816-0002-T_0,Ovale,trophozoite,host_cell,280,172,156,207
Ovale_1707180816-0003-T_0,Ovale,trophozoite,host_cell,280,170,109,204
Ovale_1707180816-0004-R_0,Ovale,ring,host_cell,280,173,96,207
Ovale_1707180816-0005-T_0,Ovale,trophozoite,host_cell,280,160,125,192
Ovale_1707180816-0006-T_0,Ovale,trophozoite,host_cell,280,171,131,206
Ovale_1707180816-0007-T_0,Ovale,trophozoite,host_cell,280,156,103,188
Ovale_1707180816-0008-G_0,Ovale,gametocyte,host_cell,280,139,159,192
Ovale_1707180816-0009-T_0,Ovale,trophozoite,host_cell,280,181,154,217
Ovale_1707180816-0010-T_0,Ovale,trophozoite,host_cell,280,194,138,233
Ovale_1707180816-0011-R_T_0,Ovale,unknown,host_cell,280,180,88,216
Ovale_1707180816-0012-T_R_0,Ovale,unknown,host_cell,280,180,166,218
Ovale_1707180816-0012-T_R_1,Ovale,unknown,host_cell,280,161,104,193
Ovale_1707180816-0013-T_0,Ovale,trophozoite,host_cell,280,171,118,205
Ovale_1707180816-0015-T_0,Ovale,trophozoite,host_cell,280,254,193,304
Ovale_1707180816-0016-R_0,Ovale,ring,host_cell,280,167,106,201
Ovale_1707180816-0017-G_0,Ovale,gametocyte,host_cell,280,171,171,205
Ovale_1707180816-0018-G_0,Ovale,gametocyte,host_cell,280,189,158,227
Ovale_1707180816-0019-S_0,Ovale,schizont,host_cell,280,181,115,218
Ovale_1707180816-0020-R_T_0,Ovale,unknown,host_cell,280,143,86,171
Ovale_1707180816-0020-R_T_1,Ovale,unknown,host_cell,280,259,131,311
Ovale_1708161076-0001-R_0,Ovale,ring,host_cell,280,155,90,186
Ovale_1708161076-0002-R_0,Ovale,ring,host_cell,280,139,78,167
Ovale_1708161076-0003-R_0,Ovale,ring,host_cell,280,163,103,196
Ovale_1708161076-0004-R_0,Ovale,ring,host_cell,280,143,103,172
Ovale_1708161076-0005-G_0,Ovale,gametocyte,host_cell,280,173,141,207
Ovale_1708161076-0006-R_0,Ovale,ring,host_cell,280,154,104,185
Ovale_1708161076-0006-R_1,Ovale,ring,host_cell,280,149,109,179
Ovale_1708161076-0007-R_0,Ovale,ring,host_cell,280,166,85,200
Ovale_1708161076-0008-G_0,Ovale,gametocyte,host_cell,280,166,165,201
Ovale_1708161076-0009-R_0,Ovale,ring,host_cell,280,139,63,167
Ovale_1708161076-0010-G_0,Ovale,gametocyte,host_cell,280,182,173,218
Vivax_1703121298-0001-G_R_0,Vivax,gametocyte,host_cell,280,189,202,245
Vivax_1703121298-0001-G_R_1,Vivax,gametocyte,host_cell,280,171,170,206
Vivax_1703121298-0001-G_R_2,Vivax,ring,host_cell,280,141,59,169
Vivax_1703121298-0002-S_0,Vivax,schizont,host_cell,280,166,162,200
Vivax_1703121298-0003-R_0,Vivax,ring,host_cell,280,144,51,173
Vivax_1703121298-0004-R_0,Vivax,ring,host_cell,280,188,123,226
Vivax_1703121298-0005-R_0,Vivax,ring,host_cell,280,155,43,186
Vivax_1703121298-0006-R_0,Vivax,ring,host_cell,280,161,89,194
Vivax_1703121298-0006-R_1,Vivax,ring,host_cell,280,150,105,180
Vivax_1703121298-0007-R_0,Vivax,ring,host_cell,280,150,87,180
Vivax_1703121298-0008-G_0,Vivax,gametocyte,host_cell,280,222,223,267
Vivax_1703121298-0009-R_0,Vivax,ring,host_cell,280,183,64,219
Vivax_1703121298-0010-G_0,Vivax,gametocyte,host_cell,280,202,194,243
Vivax_1703121298-0010-G_1,Vivax,gametocyte,host_cell,280,179,175,216
Vivax_1703121298-0011-R_0,Vivax,ring,host_cell,280,208,157,250
Vivax_1703121298-0012-G_R_0,Vivax,gametocyte,host_cell,280,183,180,224
Vivax_1703121298-0012-G_R_1,Vivax,ring,host_cell,280,153,108,183
Vivax_1703121298-0015-R_0,Vivax,ring,host_cell,280,165,93,198
Vivax_1703121298-0015-R_1,Vivax,ring,host_cell,280,163,90,196
Vivax_1703121298-0015-R_2,Vivax,ring,host_cell,280,198,119,244
Vivax_1703121298-0015-R_3,Vivax,ring,host_cell,280,193,150,242
Vivax_1703121298-0015-R_4,Vivax,ring,host_cell,280,154,70,184
Vivax_1703121298-0016-G_0,Vivax,gametocyte,host_cell,280,178,184,228
Vivax_1703121298-0016-G_1,Vivax,gametocyte,host_cell,280,172,162,206
Vivax_1703121298-0017-R_0,Vivax,ring,host_cell,280,168,170,204
Vivax_1703121298-0017-R_1,Vivax,ring,host_cell,280,159,81,191
Vivax_1709041080-0013-R_0,Vivax,ring,host_cell,280,128,128,156
Vivax_1709041080-0014-R_0,Vivax,ring,host_cell,280,150,133,183
Vivax_1709041080-0015-R_0,Vivax,ring,host_cell,280,241,84,289
Vivax_1709041080-0016-S_0,Vivax,schizont,host_cell,280,156,162,194
Vivax_1709041080-0017-R_0,Vivax,ring,host_cell,280,148,123,184
Vivax_1709041080-0018-R_0,Vivax,ring,host_cell,280,190,94,234
Vivax_1709041080-0018-R_1,Vivax,ring,host_cell,280,157,98,189
Vivax_1709041080-0019-R_0,Vivax,ring,host_cell,280,184,63,220
Vivax_1709041080-0020-R_0,Vivax,ring,host_cell,280,190,9,228
Vivax_1709041080-0020-R_1,Vivax,ring,host_cell,280,188,154,226
Vivax_1709041080-0021-R_T_0,Vivax,trophozoite,host_cell,280,149,112,179
Vivax_1709041080-0021-R_T_1,Vivax,ring,host_cell,280,201,87,242
Vivax_1709041080-0022-T_0,Vivax,trophozoite,host_cell,280,177,159,213
Vivax_1709041080-0023-R_0,Vivax,ring,host_cell,280,148,78,180
Vivax_1709041080-0023-R_1,Vivax,ring,host_cell,280,192,165,231
Vivax_1709041080-0024-R_0,Vivax,ring,host_cell,280,192,107,230
Vivax_1709041080-0024-R_1,Vivax,ring,host_cell,280,182,89,219
Vivax_1709041080-0025-R_T_0,Vivax,ring,host_cell,280,163,135,195
Vivax_1709041080-0025-R_T_1,Vivax,ring,host_cell,280,166,117,200
Vivax_1709041080-0025-R_T_2,Vivax,trophozoite,host_cell,280,150,151,183
Vivax_1709041080-0025-R_T_3,Vivax,ring,host_cell,280,181,81,218
Vivax_1709041080-0027-R_0,Vivax,ring,host_cell,280,132,26,158
Vivax_1709041080-0027-R_1,Vivax,ring,host_cell,280,133,23,160
Vivax_1709041080-0027-R_2,Vivax,ring,host_cell,280,165,20,198
Vivax_1709041080-0027-R_3,Vivax,ring,host_cell,280,165,19,198
Vivax_1709041080-0028-T_0,Vivax,trophozoite,host_cell,280,160,151,192
Vivax_1709041080-0029-T_0,Vivax,trophozoite,host_cell,280,269,183,326
Vivax_1709041080-0030-S_0,Vivax,schizont,host_cell,280,173,174,210
Vivax_1709041080-0031-S_0,Vivax,schizont,host_cell,280,175,183,219
Vivax_1709041080-0032-S_0,Vivax,schizont,host_cell,280,166,169,207
Vivax_1709041080-0032-S_1,Vivax,schizont,host_cell,280,171,185,226
Vivax_1709041080-0033-S_0,Vivax,schizont,host_cell,280,190,145,228
Vivax_1709041080-0034-R_0,Vivax,ring,host_cell,280,145,77,174
Vivax_1709041080-0035-S_0,Vivax,schizont,host_cell,280,213,201,255
Vivax_1709041080-0036-S_R_0,Vivax,schizont,host_cell,280,192,169,233
Vivax_1709041080-0036-S_R_1,Vivax,ring,host_cell,280,130,75,156
Vivax_1709041080-0037-S_0,Vivax,schizont,host_cell,280,174,172,217
Vivax_1709041080-0038-S_0,Vivax,schizont,host_cell,280,192,147,231
